date,type,description,detailUrl,pdfUrl,xlsUrl
"May 07, 2026",Form 4,Statement of Changes in Beneficial Ownership,https://ir.americanexpress.com/financials/earnings-and-sec-filings/sec-filings-details/default.aspx?FilingId=19422117,https://d18rn0p25nwr6d.cloudfront.net/CIK-0000004962/2dc2d0c4-32b6-43dc-abe9-3931e67def24.pdf,https://d18rn0p25nwr6d.cloudfront.net/CIK-0000004962/6d0f1655-a66c-4054-b4f4-382bef6290d0.xls
"May 07, 2026",Form 4,Statement of Changes in Beneficial Ownership,https://ir.americanexpress.com/financials/earnings-and-sec-filings/sec-filings-details/default.aspx?FilingId=19422174,https://d18rn0p25nwr6d.cloudfront.net/CIK-0000004962/786320bb-c380-4441-9ed4-d0986d8e2ab5.pdf,https://d18rn0p25nwr6d.cloudfront.net/CIK-0000004962/45197643-4c7e-467c-b542-16c684075a05.xls
"May 07, 2026",Form 4,Statement of Changes in Beneficial Ownership,https://ir.americanexpress.com/financials/earnings-and-sec-filings/sec-filings-details/default.aspx?FilingId=19422009,https://d18rn0p25nwr6d.cloudfront.net/CIK-0000004962/467a6611-32ca-40ff-bbb5-8b1b907120ce.pdf,https://d18rn0p25nwr6d.cloudfront.net/CIK-0000004962/ba70f0c9-4b19-42fb-966f-33b9c828fec5.xls
"May 07, 2026",Form 4,Statement of Changes in Beneficial Ownership,https://ir.americanexpress.com/financials/earnings-and-sec-filings/sec-filings-details/default.aspx?FilingId=19422084,https://d18rn0p25nwr6d.cloudfront.net/CIK-0000004962/587271ac-1ddf-45b3-9ea4-1f7b55dd02ae.pdf,https://d18rn0p25nwr6d.cloudfront.net/CIK-0000004962/ca770cc7-cdf6-4b97-a646-232f522bb10b.xls
"May 07, 2026",Form 4,Statement of Changes in Beneficial Ownership,https://ir.americanexpress.com/financials/earnings-and-sec-filings/sec-filings-details/default.aspx?FilingId=19421869,https://d18rn0p25nwr6d.cloudfront.net/CIK-0000004962/1c8e066d-bc7a-475e-acbc-ff3616b0e787.pdf,https://d18rn0p25nwr6d.cloudfront.net/CIK-0000004962/e671bbac-7f28-4d8d-82f3-bd2be46d916b.xls
"May 07, 2026",Form 4,Statement of Changes in Beneficial Ownership,https://ir.americanexpress.com/financials/earnings-and-sec-filings/sec-filings-details/default.aspx?FilingId=19421947,https://d18rn0p25nwr6d.cloudfront.net/CIK-0000004962/64156471-7f6d-4c13-9926-bdbf122aea15.pdf,https://d18rn0p25nwr6d.cloudfront.net/CIK-0000004962/67301bb3-5134-4e23-8c6e-1b34ab0aa564.xls
"May 07, 2026",Form 4,Statement of Changes in Beneficial Ownership,https://ir.americanexpress.com/financials/earnings-and-sec-filings/sec-filings-details/default.aspx?FilingId=19421637,https://d18rn0p25nwr6d.cloudfront.net/CIK-0000004962/1bbc574e-b4bf-47e4-81ff-386da1e627be.pdf,https://d18rn0p25nwr6d.cloudfront.net/CIK-0000004962/7766e4b9-615f-4e38-ad3e-6c9ae1d5a530.xls
"May 07, 2026",Form 4,Statement of Changes in Beneficial Ownership,https://ir.americanexpress.com/financials/earnings-and-sec-filings/sec-filings-details/default.aspx?FilingId=19421755,https://d18rn0p25nwr6d.cloudfront.net/CIK-0000004962/d103c98e-53c1-42b1-84b9-09fdfe1f131c.pdf,https://d18rn0p25nwr6d.cloudfront.net/CIK-0000004962/b78a8583-49f0-4737-9aac-c705c0d1a102.xls
"May 07, 2026",Form 4,Statement of Changes in Beneficial Ownership,https://ir.americanexpress.com/financials/earnings-and-sec-filings/sec-filings-details/default.aspx?FilingId=19421473,https://d18rn0p25nwr6d.cloudfront.net/CIK-0000004962/0f2a356a-8243-4b01-a7b0-cfb1c3087eb3.pdf,https://d18rn0p25nwr6d.cloudfront.net/CIK-0000004962/5cc347f6-b1f4-430c-9929-e27a4eced338.xls
"May 07, 2026",Form 4,Statement of Changes in Beneficial Ownership,https://ir.americanexpress.com/financials/earnings-and-sec-filings/sec-filings-details/default.aspx?FilingId=19421565,https://d18rn0p25nwr6d.cloudfront.net/CIK-0000004962/e177ca43-af5a-42e7-95f9-8df672d812b6.pdf,https://d18rn0p25nwr6d.cloudfront.net/CIK-0000004962/d1240652-e168-4f5a-b4ab-6c3485cdb23d.xls
"May 07, 2026",Form 4,Statement of Changes in Beneficial Ownership,https://ir.americanexpress.com/financials/earnings-and-sec-filings/sec-filings-details/default.aspx?FilingId=19421311,https://d18rn0p25nwr6d.cloudfront.net/CIK-0000004962/8b8cd938-9e69-4cf6-b3fa-15a7b25805d1.pdf,https://d18rn0p25nwr6d.cloudfront.net/CIK-0000004962/54abd7ba-2190-41f1-86cb-5c2258760c1c.xls
"May 07, 2026",Form 4,Statement of Changes in Beneficial Ownership,https://ir.americanexpress.com/financials/earnings-and-sec-filings/sec-filings-details/default.aspx?FilingId=19421406,https://d18rn0p25nwr6d.cloudfront.net/CIK-0000004962/17e883f2-4df6-4cc0-a57b-dd1a9d666a99.pdf,https://d18rn0p25nwr6d.cloudfront.net/CIK-0000004962/7a6d5ffd-7f86-4e16-ba98-011761535748.xls
"Apr 06, 2026",Form 4,Statement of Changes in Beneficial Ownership,https://ir.americanexpress.com/financials/earnings-and-sec-filings/sec-filings-details/default.aspx?FilingId=19323089,https://d18rn0p25nwr6d.cloudfront.net/CIK-0000004962/a77db79b-b07e-4ebc-9736-409880b8b19b.pdf,https://d18rn0p25nwr6d.cloudfront.net/CIK-0000004962/26686042-38bd-4565-9f56-80584518b439.xls
"Apr 02, 2026",Form 4,Statement of Changes in Beneficial Ownership,https://ir.americanexpress.com/financials/earnings-and-sec-filings/sec-filings-details/default.aspx?FilingId=19315938,https://d18rn0p25nwr6d.cloudfront.net/CIK-0000004962/82606f6e-4c5a-4404-85fc-adbfb4439ddb.pdf,https://d18rn0p25nwr6d.cloudfront.net/CIK-0000004962/cf4a0353-6a34-4e0f-9efa-557f7d36d23a.xls
"Apr 02, 2026",Form 4,Statement of Changes in Beneficial Ownership,https://ir.americanexpress.com/financials/earnings-and-sec-filings/sec-filings-details/default.aspx?FilingId=19315962,https://d18rn0p25nwr6d.cloudfront.net/CIK-0000004962/3da9426a-23d8-480c-970f-51571c363dae.pdf,https://d18rn0p25nwr6d.cloudfront.net/CIK-0000004962/ba91146f-ef8d-4280-a8a2-4d2cdaab8491.xls
"Apr 02, 2026",Form 4,Statement of Changes in Beneficial Ownership,https://ir.americanexpress.com/financials/earnings-and-sec-filings/sec-filings-details/default.aspx?FilingId=19315995,https://d18rn0p25nwr6d.cloudfront.net/CIK-0000004962/1983ce26-c8f2-4bde-9510-cb05060e66ee.pdf,https://d18rn0p25nwr6d.cloudfront.net/CIK-0000004962/562d7ded-f750-487e-a9ba-f4385e2b1e60.xls
"Apr 02, 2026",Form 4,Statement of Changes in Beneficial Ownership,https://ir.americanexpress.com/financials/earnings-and-sec-filings/sec-filings-details/default.aspx?FilingId=19315770,https://d18rn0p25nwr6d.cloudfront.net/CIK-0000004962/753bfa66-d034-4772-a8aa-e55ae516ad76.pdf,https://d18rn0p25nwr6d.cloudfront.net/CIK-0000004962/a1e1e1f5-5dd4-4a91-ae4e-e5721db5edf0.xls
"Apr 02, 2026",Form 4,Statement of Changes in Beneficial Ownership,https://ir.americanexpress.com/financials/earnings-and-sec-filings/sec-filings-details/default.aspx?FilingId=19315796,https://d18rn0p25nwr6d.cloudfront.net/CIK-0000004962/7489b649-139d-4822-8f63-64d635a16c53.pdf,https://d18rn0p25nwr6d.cloudfront.net/CIK-0000004962/d1ef6acc-22db-44f6-b4c5-36c9b38497f2.xls
"Apr 02, 2026",Form 4,Statement of Changes in Beneficial Ownership,https://ir.americanexpress.com/financials/earnings-and-sec-filings/sec-filings-details/default.aspx?FilingId=19315836,https://d18rn0p25nwr6d.cloudfront.net/CIK-0000004962/28625836-d76a-47cf-ac75-09e39dc97c9a.pdf,https://d18rn0p25nwr6d.cloudfront.net/CIK-0000004962/aa130efd-a1fd-42cd-8fdd-3363b2648d39.xls
"Apr 02, 2026",Form 4,Statement of Changes in Beneficial Ownership,https://ir.americanexpress.com/financials/earnings-and-sec-filings/sec-filings-details/default.aspx?FilingId=19315900,https://d18rn0p25nwr6d.cloudfront.net/CIK-0000004962/faf4c6fb-290e-4d6d-bc8f-a88f276f968a.pdf,https://d18rn0p25nwr6d.cloudfront.net/CIK-0000004962/58a89936-44bb-4c5c-bd5b-374a76725604.xls
"Apr 02, 2026",Form 4,Statement of Changes in Beneficial Ownership,https://ir.americanexpress.com/financials/earnings-and-sec-filings/sec-filings-details/default.aspx?FilingId=19315590,https://d18rn0p25nwr6d.cloudfront.net/CIK-0000004962/a3fdf146-8cf1-45e0-8227-9b7b3f33435c.pdf,https://d18rn0p25nwr6d.cloudfront.net/CIK-0000004962/c2a6e6ad-d056-4550-b3eb-05899ad3424c.xls
"Mar 13, 2026",Form 4,Statement of Changes in Beneficial Ownership,https://ir.americanexpress.com/financials/earnings-and-sec-filings/sec-filings-details/default.aspx?FilingId=19248686,https://d18rn0p25nwr6d.cloudfront.net/CIK-0000004962/8a043055-4265-434e-9dfd-f40b06a14372.pdf,https://d18rn0p25nwr6d.cloudfront.net/CIK-0000004962/3f248b3b-69c7-4be6-9e09-dc0515728c37.xls
"Mar 10, 2026",Form 4,Statement of Changes in Beneficial Ownership,https://ir.americanexpress.com/financials/earnings-and-sec-filings/sec-filings-details/default.aspx?FilingId=19235831,https://d18rn0p25nwr6d.cloudfront.net/CIK-0000004962/613a21bf-5d90-46a7-b7a4-3327c0285968.pdf,https://d18rn0p25nwr6d.cloudfront.net/CIK-0000004962/b3aa3ee2-44cd-4abd-a2c1-b5582c9e21f6.xls
"Feb 20, 2026",Form 4,Statement of Changes in Beneficial Ownership,https://ir.americanexpress.com/financials/earnings-and-sec-filings/sec-filings-details/default.aspx?FilingId=19169964,https://d18rn0p25nwr6d.cloudfront.net/CIK-0000004962/de603b86-c017-4fb0-8645-1350624644b3.pdf,https://d18rn0p25nwr6d.cloudfront.net/CIK-0000004962/c00461f8-fa26-4c60-90d3-b5b0026c665a.xls
"Feb 13, 2026",Form 4,Statement of Changes in Beneficial Ownership,https://ir.americanexpress.com/financials/earnings-and-sec-filings/sec-filings-details/default.aspx?FilingId=19147326,https://d18rn0p25nwr6d.cloudfront.net/CIK-0000004962/fb782141-8b44-48c9-ab45-dd6dce82c8ef.pdf,https://d18rn0p25nwr6d.cloudfront.net/CIK-0000004962/1739e8d8-6ac4-40ec-afe9-14e92221009a.xls
"Feb 10, 2026",Form 4,Statement of Changes in Beneficial Ownership,https://ir.americanexpress.com/financials/earnings-and-sec-filings/sec-filings-details/default.aspx?FilingId=19132628,https://d18rn0p25nwr6d.cloudfront.net/CIK-0000004962/d0c93cc4-b6d4-496d-a57c-ea995131740f.pdf,https://d18rn0p25nwr6d.cloudfront.net/CIK-0000004962/0a2ed072-d437-4f6e-8ac0-57c8c66d0491.xls
"Feb 10, 2026",Form 4,Statement of Changes in Beneficial Ownership,https://ir.americanexpress.com/financials/earnings-and-sec-filings/sec-filings-details/default.aspx?FilingId=19132546,https://d18rn0p25nwr6d.cloudfront.net/CIK-0000004962/13e2583d-e7e5-49ab-bfe8-4327cb64587e.pdf,https://d18rn0p25nwr6d.cloudfront.net/CIK-0000004962/0860adb7-95fe-4f0d-8da6-6f954037b29c.xls
"Feb 06, 2026",Form 4,Statement of Changes in Beneficial Ownership,https://ir.americanexpress.com/financials/earnings-and-sec-filings/sec-filings-details/default.aspx?FilingId=19125167,https://d18rn0p25nwr6d.cloudfront.net/CIK-0000004962/aeb1f9a6-8e7a-4d02-9a36-50013d474d9c.pdf,https://d18rn0p25nwr6d.cloudfront.net/CIK-0000004962/11026078-340a-41d7-a82b-c652c5e848cc.xls
"Feb 06, 2026",Form 4,Statement of Changes in Beneficial Ownership,https://ir.americanexpress.com/financials/earnings-and-sec-filings/sec-filings-details/default.aspx?FilingId=19125113,https://d18rn0p25nwr6d.cloudfront.net/CIK-0000004962/84953d51-4b46-40fc-a549-2ea71ddcbc5d.pdf,https://d18rn0p25nwr6d.cloudfront.net/CIK-0000004962/61a6764f-ceac-45fb-b475-dc1ceedf9f05.xls
"Feb 03, 2026",Form 4,Statement of Changes in Beneficial Ownership,https://ir.americanexpress.com/financials/earnings-and-sec-filings/sec-filings-details/default.aspx?FilingId=19112943,https://d18rn0p25nwr6d.cloudfront.net/CIK-0000004962/25a45906-97af-4d6b-bbbb-87d187eeacbb.pdf,https://d18rn0p25nwr6d.cloudfront.net/CIK-0000004962/4eb66e0c-e7f3-4d8e-9ba1-567c151d82fd.xls
"Feb 03, 2026",Form 4,Statement of Changes in Beneficial Ownership,https://ir.americanexpress.com/financials/earnings-and-sec-filings/sec-filings-details/default.aspx?FilingId=19112883,https://d18rn0p25nwr6d.cloudfront.net/CIK-0000004962/7cfbf09b-b032-4b63-9534-3723ffddc55c.pdf,https://d18rn0p25nwr6d.cloudfront.net/CIK-0000004962/8708d967-ee70-4cd6-ad7a-7edb95dd662a.xls
"Feb 03, 2026",Form 4,Statement of Changes in Beneficial Ownership,https://ir.americanexpress.com/financials/earnings-and-sec-filings/sec-filings-details/default.aspx?FilingId=19112910,https://d18rn0p25nwr6d.cloudfront.net/CIK-0000004962/64e66d59-2700-4038-ae7f-47d45fd02933.pdf,https://d18rn0p25nwr6d.cloudfront.net/CIK-0000004962/14b44bd1-0ca5-46c7-8d2f-5a46832433a1.xls
"Feb 03, 2026",Form 4,Statement of Changes in Beneficial Ownership,https://ir.americanexpress.com/financials/earnings-and-sec-filings/sec-filings-details/default.aspx?FilingId=19112927,https://d18rn0p25nwr6d.cloudfront.net/CIK-0000004962/57e978b1-a923-456d-be51-191a940c020d.pdf,https://d18rn0p25nwr6d.cloudfront.net/CIK-0000004962/88507271-f787-43af-990b-e81c1c15927f.xls
"Feb 03, 2026",Form 4,Statement of Changes in Beneficial Ownership,https://ir.americanexpress.com/financials/earnings-and-sec-filings/sec-filings-details/default.aspx?FilingId=19112790,https://d18rn0p25nwr6d.cloudfront.net/CIK-0000004962/ecfcfa3d-8f64-4c28-b222-3f100f05820b.pdf,https://d18rn0p25nwr6d.cloudfront.net/CIK-0000004962/deb3c7e2-920f-4116-9a89-6835efbb7b03.xls
"Feb 03, 2026",Form 4,Statement of Changes in Beneficial Ownership,https://ir.americanexpress.com/financials/earnings-and-sec-filings/sec-filings-details/default.aspx?FilingId=19112826,https://d18rn0p25nwr6d.cloudfront.net/CIK-0000004962/9006a95f-eab8-44c7-9f4d-b1e39cbf36f3.pdf,https://d18rn0p25nwr6d.cloudfront.net/CIK-0000004962/54034a2e-b7f5-43e8-a220-031cd6cbef0f.xls
"Feb 03, 2026",Form 4,Statement of Changes in Beneficial Ownership,https://ir.americanexpress.com/financials/earnings-and-sec-filings/sec-filings-details/default.aspx?FilingId=19112855,https://d18rn0p25nwr6d.cloudfront.net/CIK-0000004962/78c3960c-c055-4c91-b82d-f791bdd3655f.pdf,https://d18rn0p25nwr6d.cloudfront.net/CIK-0000004962/42d839bd-fdea-4906-a838-dd7abaa0b343.xls
"Feb 03, 2026",Form 4,Statement of Changes in Beneficial Ownership,https://ir.americanexpress.com/financials/earnings-and-sec-filings/sec-filings-details/default.aspx?FilingId=19112673,https://d18rn0p25nwr6d.cloudfront.net/CIK-0000004962/4d5ef0b0-ac28-4bbb-b047-0ee26cda7bac.pdf,https://d18rn0p25nwr6d.cloudfront.net/CIK-0000004962/3794bc72-06ed-4c82-80c5-5ea26bf17b09.xls
"Feb 03, 2026",Form 4,Statement of Changes in Beneficial Ownership,https://ir.americanexpress.com/financials/earnings-and-sec-filings/sec-filings-details/default.aspx?FilingId=19112725,https://d18rn0p25nwr6d.cloudfront.net/CIK-0000004962/f87ac3f3-22b4-46bc-b0a7-2df7b555761e.pdf,https://d18rn0p25nwr6d.cloudfront.net/CIK-0000004962/1af27666-c376-49bc-b7f8-7a44b4393fb2.xls
"Feb 03, 2026",Form 4,Statement of Changes in Beneficial Ownership,https://ir.americanexpress.com/financials/earnings-and-sec-filings/sec-filings-details/default.aspx?FilingId=19112763,https://d18rn0p25nwr6d.cloudfront.net/CIK-0000004962/e9bcf56a-7253-41dc-b1a0-5972579764cf.pdf,https://d18rn0p25nwr6d.cloudfront.net/CIK-0000004962/609af613-d912-44ed-85e2-96101479be8e.xls
"Feb 03, 2026",Form 4,Statement of Changes in Beneficial Ownership,https://ir.americanexpress.com/financials/earnings-and-sec-filings/sec-filings-details/default.aspx?FilingId=19112541,https://d18rn0p25nwr6d.cloudfront.net/CIK-0000004962/8bd55e08-f73c-4b7c-959f-82f8af6d1916.pdf,https://d18rn0p25nwr6d.cloudfront.net/CIK-0000004962/b373b0a5-0afb-4a76-890b-23338efb7cb0.xls
"Feb 03, 2026",Form 4,Statement of Changes in Beneficial Ownership,https://ir.americanexpress.com/financials/earnings-and-sec-filings/sec-filings-details/default.aspx?FilingId=19112588,https://d18rn0p25nwr6d.cloudfront.net/CIK-0000004962/ced08a50-9c80-4474-a6c9-1817e5f02a63.pdf,https://d18rn0p25nwr6d.cloudfront.net/CIK-0000004962/5cfd3eb9-f29d-49d6-b24a-c55e2bfbaf6f.xls
"Feb 03, 2026",Form 4,Statement of Changes in Beneficial Ownership,https://ir.americanexpress.com/financials/earnings-and-sec-filings/sec-filings-details/default.aspx?FilingId=19112628,https://d18rn0p25nwr6d.cloudfront.net/CIK-0000004962/cf3f25db-0a79-4576-8355-4ee4b3c70d10.pdf,https://d18rn0p25nwr6d.cloudfront.net/CIK-0000004962/cee44d7c-4072-434b-a020-0016d51b555d.xls
"Feb 03, 2026",Form 4,Statement of Changes in Beneficial Ownership,https://ir.americanexpress.com/financials/earnings-and-sec-filings/sec-filings-details/default.aspx?FilingId=19112422,https://d18rn0p25nwr6d.cloudfront.net/CIK-0000004962/559cc5ab-95e7-447d-b0d1-e8c807e8077f.pdf,https://d18rn0p25nwr6d.cloudfront.net/CIK-0000004962/1b3e0db9-a3c6-43d8-a264-25623f829c81.xls
"Feb 03, 2026",Form 4,Statement of Changes in Beneficial Ownership,https://ir.americanexpress.com/financials/earnings-and-sec-filings/sec-filings-details/default.aspx?FilingId=19112459,https://d18rn0p25nwr6d.cloudfront.net/CIK-0000004962/945e93fa-e0dd-4525-a3c0-494d87c951e3.pdf,https://d18rn0p25nwr6d.cloudfront.net/CIK-0000004962/4b084725-575d-4470-9786-9339ecb378c4.xls
"Feb 03, 2026",Form 4,Statement of Changes in Beneficial Ownership,https://ir.americanexpress.com/financials/earnings-and-sec-filings/sec-filings-details/default.aspx?FilingId=19112483,https://d18rn0p25nwr6d.cloudfront.net/CIK-0000004962/e97ed785-e96c-485e-b67e-d6c6cc720cc9.pdf,https://d18rn0p25nwr6d.cloudfront.net/CIK-0000004962/d5f2a9bb-7263-4cee-b59f-06e04fcd0d0a.xls
"Jan 05, 2026",Form 4,Statement of Changes in Beneficial Ownership,https://ir.americanexpress.com/financials/earnings-and-sec-filings/sec-filings-details/default.aspx?FilingId=19039055,https://d18rn0p25nwr6d.cloudfront.net/CIK-0000004962/b0344d80-41a4-43e8-8122-b01336eb598e.pdf,https://d18rn0p25nwr6d.cloudfront.net/CIK-0000004962/cbec5018-80ed-412b-8405-7c8443a69d60.xls
"Jan 05, 2026",Form 4,Statement of Changes in Beneficial Ownership,https://ir.americanexpress.com/financials/earnings-and-sec-filings/sec-filings-details/default.aspx?FilingId=19039126,https://d18rn0p25nwr6d.cloudfront.net/CIK-0000004962/ab1cf087-1a19-4e8f-be9b-693f55dd6a8b.pdf,https://d18rn0p25nwr6d.cloudfront.net/CIK-0000004962/6084c3a4-0782-4b17-9d9d-92a974e72b65.xls
"Jan 05, 2026",Form 4,Statement of Changes in Beneficial Ownership,https://ir.americanexpress.com/financials/earnings-and-sec-filings/sec-filings-details/default.aspx?FilingId=19038974,https://d18rn0p25nwr6d.cloudfront.net/CIK-0000004962/16dd694d-0aac-4791-b44e-e9e9819a3d97.pdf,https://d18rn0p25nwr6d.cloudfront.net/CIK-0000004962/47a407ff-d02e-4bac-9cc2-1926e3fbcc3d.xls
"Jan 05, 2026",Form 4,Statement of Changes in Beneficial Ownership,https://ir.americanexpress.com/financials/earnings-and-sec-filings/sec-filings-details/default.aspx?FilingId=19038768,https://d18rn0p25nwr6d.cloudfront.net/CIK-0000004962/1297de6c-f81a-4657-8d59-c77bc0929acd.pdf,https://d18rn0p25nwr6d.cloudfront.net/CIK-0000004962/be34df53-3eeb-4e58-bdd8-7b1573e65409.xls
"Jan 05, 2026",Form 4,Statement of Changes in Beneficial Ownership,https://ir.americanexpress.com/financials/earnings-and-sec-filings/sec-filings-details/default.aspx?FilingId=19038867,https://d18rn0p25nwr6d.cloudfront.net/CIK-0000004962/3d764fde-5e51-4b8e-8ee8-9b15f3c22727.pdf,https://d18rn0p25nwr6d.cloudfront.net/CIK-0000004962/c4d39fa4-116b-4e07-a4c0-e4dabb3f66a8.xls
"Jan 05, 2026",Form 4,Statement of Changes in Beneficial Ownership,https://ir.americanexpress.com/financials/earnings-and-sec-filings/sec-filings-details/default.aspx?FilingId=19038661,https://d18rn0p25nwr6d.cloudfront.net/CIK-0000004962/d5c08230-0283-492c-99ff-a321daed92f9.pdf,https://d18rn0p25nwr6d.cloudfront.net/CIK-0000004962/afce9a39-57cd-40ce-95ca-39e6582d9c20.xls
"Jan 05, 2026",Form 4,Statement of Changes in Beneficial Ownership,https://ir.americanexpress.com/financials/earnings-and-sec-filings/sec-filings-details/default.aspx?FilingId=19038479,https://d18rn0p25nwr6d.cloudfront.net/CIK-0000004962/5e2d7853-2923-4aa9-a442-30f35f3ffc9c.pdf,https://d18rn0p25nwr6d.cloudfront.net/CIK-0000004962/83553a8c-7c47-49d3-a6f3-5b2e3cd87650.xls
"Jan 05, 2026",Form 4,Statement of Changes in Beneficial Ownership,https://ir.americanexpress.com/financials/earnings-and-sec-filings/sec-filings-details/default.aspx?FilingId=19038608,https://d18rn0p25nwr6d.cloudfront.net/CIK-0000004962/91143f86-13be-4a03-a7c2-b0dc674dd928.pdf,https://d18rn0p25nwr6d.cloudfront.net/CIK-0000004962/973a0864-46db-4f79-8041-75ebe9c5eac0.xls
"Dec 16, 2025",Form 4,Statement of Changes in Beneficial Ownership,https://ir.americanexpress.com/financials/earnings-and-sec-filings/sec-filings-details/default.aspx?FilingId=18999821,https://d18rn0p25nwr6d.cloudfront.net/CIK-0000004962/ae0e48f9-e16f-4c8b-9f62-6e5bb4894644.pdf,https://d18rn0p25nwr6d.cloudfront.net/CIK-0000004962/4936a608-a3c1-4b94-872b-70b302b0814d.xls
"Dec 08, 2025",Form 4,Statement of Changes in Beneficial Ownership,https://ir.americanexpress.com/financials/earnings-and-sec-filings/sec-filings-details/default.aspx?FilingId=18982376,https://d18rn0p25nwr6d.cloudfront.net/CIK-0000004962/b45084a9-2a58-4584-baa0-5a26632a95b3.pdf,https://d18rn0p25nwr6d.cloudfront.net/CIK-0000004962/23e9c318-61de-4b44-90d7-cce9c319c809.xls
"Nov 04, 2025",Form 4,Statement of Changes in Beneficial Ownership,https://ir.americanexpress.com/financials/earnings-and-sec-filings/sec-filings-details/default.aspx?FilingId=18891437,https://d18rn0p25nwr6d.cloudfront.net/CIK-0000004962/db8f9d5f-1744-4e73-a66d-131e4d9c7cf3.pdf,https://d18rn0p25nwr6d.cloudfront.net/CIK-0000004962/25e58e68-b5de-405a-aaa3-14135057b106.xls
"Nov 04, 2025",Form 4,Statement of Changes in Beneficial Ownership,https://ir.americanexpress.com/financials/earnings-and-sec-filings/sec-filings-details/default.aspx?FilingId=18891461,https://d18rn0p25nwr6d.cloudfront.net/CIK-0000004962/9c2e8619-e43c-42a4-ab2a-5f4b92c40a6d.pdf,https://d18rn0p25nwr6d.cloudfront.net/CIK-0000004962/83a1f218-188a-4b09-8ae7-00fe9096388a.xls
"Nov 04, 2025",Form 4,Statement of Changes in Beneficial Ownership,https://ir.americanexpress.com/financials/earnings-and-sec-filings/sec-filings-details/default.aspx?FilingId=18891502,https://d18rn0p25nwr6d.cloudfront.net/CIK-0000004962/14920337-34ec-4dfa-b71d-d2ebf7934cdb.pdf,https://d18rn0p25nwr6d.cloudfront.net/CIK-0000004962/0d67308a-6735-459d-b3e6-fa3691afaf89.xls
"Nov 04, 2025",Form 4,Statement of Changes in Beneficial Ownership,https://ir.americanexpress.com/financials/earnings-and-sec-filings/sec-filings-details/default.aspx?FilingId=18891306,https://d18rn0p25nwr6d.cloudfront.net/CIK-0000004962/2933f09a-91f3-4f85-814a-d993efccc435.pdf,https://d18rn0p25nwr6d.cloudfront.net/CIK-0000004962/1396d761-f0b7-4a6c-a2fb-350cf20d6e28.xls
"Nov 04, 2025",Form 4,Statement of Changes in Beneficial Ownership,https://ir.americanexpress.com/financials/earnings-and-sec-filings/sec-filings-details/default.aspx?FilingId=18891392,https://d18rn0p25nwr6d.cloudfront.net/CIK-0000004962/c76e50de-ef30-4073-95d4-ea7884b0a6af.pdf,https://d18rn0p25nwr6d.cloudfront.net/CIK-0000004962/6df9c0b6-15d8-44ac-82c4-839d764ce52a.xls
"Nov 04, 2025",Form 4,Statement of Changes in Beneficial Ownership,https://ir.americanexpress.com/financials/earnings-and-sec-filings/sec-filings-details/default.aspx?FilingId=18891207,https://d18rn0p25nwr6d.cloudfront.net/CIK-0000004962/8b6af8e4-40e0-4cf5-91a2-371e313bd26c.pdf,https://d18rn0p25nwr6d.cloudfront.net/CIK-0000004962/df0df6b7-0216-4892-9d2d-7822caa2f70d.xls
"Nov 04, 2025",Form 4,Statement of Changes in Beneficial Ownership,https://ir.americanexpress.com/financials/earnings-and-sec-filings/sec-filings-details/default.aspx?FilingId=18891260,https://d18rn0p25nwr6d.cloudfront.net/CIK-0000004962/1b47ce02-1bbf-4c35-b8b5-6c780969e444.pdf,https://d18rn0p25nwr6d.cloudfront.net/CIK-0000004962/1a19b4a4-a893-42a5-9793-f4c35d88f4da.xls
"Nov 04, 2025",Form 4,Statement of Changes in Beneficial Ownership,https://ir.americanexpress.com/financials/earnings-and-sec-filings/sec-filings-details/default.aspx?FilingId=18891144,https://d18rn0p25nwr6d.cloudfront.net/CIK-0000004962/17e75dd5-1a2c-4258-a332-9e518332738e.pdf,https://d18rn0p25nwr6d.cloudfront.net/CIK-0000004962/e0fe1f55-86be-4bec-b5dc-0242786ae4c3.xls
"Oct 24, 2025",Form 4,Statement of Changes in Beneficial Ownership,https://ir.americanexpress.com/financials/earnings-and-sec-filings/sec-filings-details/default.aspx?FilingId=18862833,https://d18rn0p25nwr6d.cloudfront.net/CIK-0000004962/cfd382ee-9c87-424e-a75e-82dbb5604085.pdf,https://d18rn0p25nwr6d.cloudfront.net/CIK-0000004962/28d5c3af-bef0-47c3-b215-c60eba75f54a.xls
"Oct 24, 2025",Form 4,Statement of Changes in Beneficial Ownership,https://ir.americanexpress.com/financials/earnings-and-sec-filings/sec-filings-details/default.aspx?FilingId=18862852,https://d18rn0p25nwr6d.cloudfront.net/CIK-0000004962/d813c6a2-3a21-4573-a4cb-33a2dbae21b1.pdf,https://d18rn0p25nwr6d.cloudfront.net/CIK-0000004962/4a799188-fbe4-41cf-ae6b-44ec6f0e1ceb.xls
"Oct 23, 2025",Form 4,Statement of Changes in Beneficial Ownership,https://ir.americanexpress.com/financials/earnings-and-sec-filings/sec-filings-details/default.aspx?FilingId=18859341,https://d18rn0p25nwr6d.cloudfront.net/CIK-0000004962/4d7a0775-c750-47dd-90e6-4828c8a40629.pdf,https://d18rn0p25nwr6d.cloudfront.net/CIK-0000004962/b1366ae1-0bee-4a9b-b096-64ac598fb1f5.xls
"Oct 02, 2025",Form 4,Statement of Changes in Beneficial Ownership,https://ir.americanexpress.com/financials/earnings-and-sec-filings/sec-filings-details/default.aspx?FilingId=18819466,https://d18rn0p25nwr6d.cloudfront.net/CIK-0000004962/13143e1c-6c10-4b20-a5f5-49ad24b01edb.pdf,https://d18rn0p25nwr6d.cloudfront.net/CIK-0000004962/49cd334f-b312-412d-8603-8f592ae6ffd3.xls
"Oct 02, 2025",Form 4,Statement of Changes in Beneficial Ownership,https://ir.americanexpress.com/financials/earnings-and-sec-filings/sec-filings-details/default.aspx?FilingId=18819539,https://d18rn0p25nwr6d.cloudfront.net/CIK-0000004962/3eefbd81-f8c9-439f-98b2-3b014218fc9a.pdf,https://d18rn0p25nwr6d.cloudfront.net/CIK-0000004962/f143d6a4-384f-49c9-b482-3b14a13aac9a.xls
"Oct 02, 2025",Form 4,Statement of Changes in Beneficial Ownership,https://ir.americanexpress.com/financials/earnings-and-sec-filings/sec-filings-details/default.aspx?FilingId=18819331,https://d18rn0p25nwr6d.cloudfront.net/CIK-0000004962/abe97327-c27f-47c9-94e2-a2ee1da41026.pdf,https://d18rn0p25nwr6d.cloudfront.net/CIK-0000004962/24c4827e-0db8-47a6-a021-a530e33b7b1e.xls
"Oct 02, 2025",Form 4,Statement of Changes in Beneficial Ownership,https://ir.americanexpress.com/financials/earnings-and-sec-filings/sec-filings-details/default.aspx?FilingId=18819390,https://d18rn0p25nwr6d.cloudfront.net/CIK-0000004962/96adc3f5-db7a-4817-a758-4058c10fec05.pdf,https://d18rn0p25nwr6d.cloudfront.net/CIK-0000004962/b2dcb8b8-a8cd-499c-a92a-91b9f1c43cb6.xls
"Oct 02, 2025",Form 4,Statement of Changes in Beneficial Ownership,https://ir.americanexpress.com/financials/earnings-and-sec-filings/sec-filings-details/default.aspx?FilingId=18819213,https://d18rn0p25nwr6d.cloudfront.net/CIK-0000004962/dd7629b8-89e1-4177-b40f-705b44530a7a.pdf,https://d18rn0p25nwr6d.cloudfront.net/CIK-0000004962/bb5da42d-8927-41e3-b4f3-9b4644c17369.xls
"Oct 02, 2025",Form 4,Statement of Changes in Beneficial Ownership,https://ir.americanexpress.com/financials/earnings-and-sec-filings/sec-filings-details/default.aspx?FilingId=18819265,https://d18rn0p25nwr6d.cloudfront.net/CIK-0000004962/0b3aa0f2-a5cb-4c8b-90f0-b62b8608bc48.pdf,https://d18rn0p25nwr6d.cloudfront.net/CIK-0000004962/c12bbea0-5b36-40c6-8f8c-ac8de92bad9e.xls
"Oct 02, 2025",Form 4,Statement of Changes in Beneficial Ownership,https://ir.americanexpress.com/financials/earnings-and-sec-filings/sec-filings-details/default.aspx?FilingId=18819123,https://d18rn0p25nwr6d.cloudfront.net/CIK-0000004962/2fd18963-b93d-4fb6-8dd4-84f01b46e793.pdf,https://d18rn0p25nwr6d.cloudfront.net/CIK-0000004962/2e856dff-4a1c-48a2-8f68-e0ae2fc5c8ba.xls
"Oct 02, 2025",Form 4,Statement of Changes in Beneficial Ownership,https://ir.americanexpress.com/financials/earnings-and-sec-filings/sec-filings-details/default.aspx?FilingId=18819161,https://d18rn0p25nwr6d.cloudfront.net/CIK-0000004962/099a62ba-e2f7-460c-91c8-8a88fe26828e.pdf,https://d18rn0p25nwr6d.cloudfront.net/CIK-0000004962/bdc49b03-4cc0-4065-ac12-933c3e8fe275.xls
"Sep 08, 2025",Form 4,Statement of Changes in Beneficial Ownership,https://ir.americanexpress.com/financials/earnings-and-sec-filings/sec-filings-details/default.aspx?FilingId=18763858,https://d18rn0p25nwr6d.cloudfront.net/CIK-0000004962/034e06b3-4306-40a8-bdc2-ae9063773cf1.pdf,https://d18rn0p25nwr6d.cloudfront.net/CIK-0000004962/0b1fc493-8163-4350-ba8e-a35b3f2312bc.xls
"Sep 05, 2025",Form 4,Statement of Changes in Beneficial Ownership,https://ir.americanexpress.com/financials/earnings-and-sec-filings/sec-filings-details/default.aspx?FilingId=18759814,https://d18rn0p25nwr6d.cloudfront.net/CIK-0000004962/25ff9d36-7115-402a-b2fd-95cb63451be7.pdf,https://d18rn0p25nwr6d.cloudfront.net/CIK-0000004962/c29c5ce8-eeac-42ba-b3a3-c59550a8b977.xls
"Sep 04, 2025",Form 4,Statement of Changes in Beneficial Ownership,https://ir.americanexpress.com/financials/earnings-and-sec-filings/sec-filings-details/default.aspx?FilingId=18756603,https://d18rn0p25nwr6d.cloudfront.net/CIK-0000004962/ba9bc034-0c46-486b-90ef-c6d24e6dc1df.pdf,https://d18rn0p25nwr6d.cloudfront.net/CIK-0000004962/ee3f3f32-a672-47a8-8130-0e2743453951.xls
"Aug 07, 2025",Form 4,Statement of Changes in Beneficial Ownership,https://ir.americanexpress.com/financials/earnings-and-sec-filings/sec-filings-details/default.aspx?FilingId=18674364,https://d18rn0p25nwr6d.cloudfront.net/CIK-0000004962/ae52777f-77e4-4219-aaf3-f525730e2563.pdf,https://d18rn0p25nwr6d.cloudfront.net/CIK-0000004962/b9b52f17-3a55-44ed-b137-593b5dcba6e1.xls
"Jul 31, 2025",Form 4,Statement of Changes in Beneficial Ownership,https://ir.americanexpress.com/financials/earnings-and-sec-filings/sec-filings-details/default.aspx?FilingId=18653508,https://d18rn0p25nwr6d.cloudfront.net/CIK-0000004962/d35f8bd6-1d13-4750-96e7-6875d60bb3ff.pdf,https://d18rn0p25nwr6d.cloudfront.net/CIK-0000004962/0837c30b-23e4-493e-bfb4-fa95efc5d1c3.xls
"Jul 31, 2025",Form 4,Statement of Changes in Beneficial Ownership,https://ir.americanexpress.com/financials/earnings-and-sec-filings/sec-filings-details/default.aspx?FilingId=18653428,https://d18rn0p25nwr6d.cloudfront.net/CIK-0000004962/7901486f-196b-4f30-858a-45d5a58ac76c.pdf,https://d18rn0p25nwr6d.cloudfront.net/CIK-0000004962/00533391-de0f-4852-a70e-ebd0be2086a2.xls
"Jul 29, 2025",Form 3,Initial Statement of Beneficial Ownership,https://ir.americanexpress.com/financials/earnings-and-sec-filings/sec-filings-details/default.aspx?FilingId=18645005,https://d18rn0p25nwr6d.cloudfront.net/CIK-0000004962/16ca4cad-9a06-4e0d-8d3d-be3d2996338f.pdf,https://d18rn0p25nwr6d.cloudfront.net/CIK-0000004962/c1cc8417-4db3-4918-adc9-0116e5c0c106.xls
"Jul 29, 2025",Form 3,Initial Statement of Beneficial Ownership,https://ir.americanexpress.com/financials/earnings-and-sec-filings/sec-filings-details/default.aspx?FilingId=18644953,https://d18rn0p25nwr6d.cloudfront.net/CIK-0000004962/225e982a-66a4-4c5d-898e-ca630e089059.pdf,https://d18rn0p25nwr6d.cloudfront.net/CIK-0000004962/b1b91d5b-2c30-4d2e-9578-b36d2c1a2968.xls
"Jul 02, 2025",Form 4,Statement of Changes in Beneficial Ownership,https://ir.americanexpress.com/financials/earnings-and-sec-filings/sec-filings-details/default.aspx?FilingId=18593143,https://d18rn0p25nwr6d.cloudfront.net/CIK-0000004962/99ce9d84-a448-4f91-b801-465e343a05c6.pdf,https://d18rn0p25nwr6d.cloudfront.net/CIK-0000004962/936f3059-77fb-41f7-aee5-60a3330c0993.xls
"Jul 02, 2025",Form 4,Statement of Changes in Beneficial Ownership,https://ir.americanexpress.com/financials/earnings-and-sec-filings/sec-filings-details/default.aspx?FilingId=18593043,https://d18rn0p25nwr6d.cloudfront.net/CIK-0000004962/cb42fdce-8740-4e7d-a393-b5698175072d.pdf,https://d18rn0p25nwr6d.cloudfront.net/CIK-0000004962/582274b0-d486-47cc-bede-02d319f31d07.xls
"Jul 02, 2025",Form 4,Statement of Changes in Beneficial Ownership,https://ir.americanexpress.com/financials/earnings-and-sec-filings/sec-filings-details/default.aspx?FilingId=18593075,https://d18rn0p25nwr6d.cloudfront.net/CIK-0000004962/36d435f5-5cc5-4899-b9cd-8f24763f68ce.pdf,https://d18rn0p25nwr6d.cloudfront.net/CIK-0000004962/7858b121-14f8-443a-bd1a-e2fcba27e002.xls
"Jul 02, 2025",Form 4,Statement of Changes in Beneficial Ownership,https://ir.americanexpress.com/financials/earnings-and-sec-filings/sec-filings-details/default.aspx?FilingId=18593098,https://d18rn0p25nwr6d.cloudfront.net/CIK-0000004962/d5ef97d7-6381-4d92-b065-739b860c640f.pdf,https://d18rn0p25nwr6d.cloudfront.net/CIK-0000004962/b243efc6-6f77-4f3d-af84-87856161534e.xls
"Jul 02, 2025",Form 4,Statement of Changes in Beneficial Ownership,https://ir.americanexpress.com/financials/earnings-and-sec-filings/sec-filings-details/default.aspx?FilingId=18592904,https://d18rn0p25nwr6d.cloudfront.net/CIK-0000004962/db5fbbb3-6dfd-433f-bdd3-847f8a0c078d.pdf,https://d18rn0p25nwr6d.cloudfront.net/CIK-0000004962/a9d2afa1-265f-43a6-83c1-059907017d6b.xls
"Jul 02, 2025",Form 4,Statement of Changes in Beneficial Ownership,https://ir.americanexpress.com/financials/earnings-and-sec-filings/sec-filings-details/default.aspx?FilingId=18592928,https://d18rn0p25nwr6d.cloudfront.net/CIK-0000004962/116908fe-4354-422d-a9ba-0509e436c892.pdf,https://d18rn0p25nwr6d.cloudfront.net/CIK-0000004962/a196e76d-8b2e-4224-be9e-010d4d8f6e7b.xls
"Jul 02, 2025",Form 4,Statement of Changes in Beneficial Ownership,https://ir.americanexpress.com/financials/earnings-and-sec-filings/sec-filings-details/default.aspx?FilingId=18593009,https://d18rn0p25nwr6d.cloudfront.net/CIK-0000004962/d921a9ff-b3db-41de-8d5e-548604594b11.pdf,https://d18rn0p25nwr6d.cloudfront.net/CIK-0000004962/41f6a2ad-eccd-465e-8a7d-a917909485d4.xls
"Jul 02, 2025",Form 4,Statement of Changes in Beneficial Ownership,https://ir.americanexpress.com/financials/earnings-and-sec-filings/sec-filings-details/default.aspx?FilingId=18592865,https://d18rn0p25nwr6d.cloudfront.net/CIK-0000004962/b93718ca-5223-4747-ba41-a0233e54b89a.pdf,https://d18rn0p25nwr6d.cloudfront.net/CIK-0000004962/fca44d53-5a0c-4575-93fc-710633e404b4.xls
"May 21, 2025",Form 4,Statement of Changes in Beneficial Ownership,https://ir.americanexpress.com/financials/earnings-and-sec-filings/sec-filings-details/default.aspx?FilingId=18488913,https://d18rn0p25nwr6d.cloudfront.net/CIK-0000004962/f4a65f3f-6b7f-40f8-ae4e-bf7dba9460e8.pdf,https://d18rn0p25nwr6d.cloudfront.net/CIK-0000004962/3c1dd4dc-6737-4ecd-b7ae-971ab5be741c.xls
"May 14, 2025",Form 4,Statement of Changes in Beneficial Ownership,https://ir.americanexpress.com/financials/earnings-and-sec-filings/sec-filings-details/default.aspx?FilingId=18465329,https://d18rn0p25nwr6d.cloudfront.net/CIK-0000004962/5958a7a9-fd06-447a-8dbf-99601087add6.pdf,https://d18rn0p25nwr6d.cloudfront.net/CIK-0000004962/6c7c4ba3-3988-49a5-9f18-df873688d763.xls
"May 07, 2025",Form 4,Statement of Changes in Beneficial Ownership,https://ir.americanexpress.com/financials/earnings-and-sec-filings/sec-filings-details/default.aspx?FilingId=18442753,https://d18rn0p25nwr6d.cloudfront.net/CIK-0000004962/62a7d69e-c687-4431-a33c-30e93da2cc9a.pdf,https://d18rn0p25nwr6d.cloudfront.net/CIK-0000004962/132f05af-df8a-433d-855c-06f75eaab1a5.xls
"May 01, 2025",Form 4,Statement of Changes in Beneficial Ownership,https://ir.americanexpress.com/financials/earnings-and-sec-filings/sec-filings-details/default.aspx?FilingId=18427094,https://d18rn0p25nwr6d.cloudfront.net/CIK-0000004962/decfda24-feeb-4d7e-a6d1-3f1c59708b99.pdf,https://d18rn0p25nwr6d.cloudfront.net/CIK-0000004962/208d6b11-8758-42c8-ad76-931ee56441a8.xls
"May 01, 2025",Form 4,Statement of Changes in Beneficial Ownership,https://ir.americanexpress.com/financials/earnings-and-sec-filings/sec-filings-details/default.aspx?FilingId=18427081,https://d18rn0p25nwr6d.cloudfront.net/CIK-0000004962/03f2ebfc-8bd5-4b23-99e2-35d9730f0e40.pdf,https://d18rn0p25nwr6d.cloudfront.net/CIK-0000004962/0178822a-42f3-4af0-bd03-bf404bbf9455.xls
"May 01, 2025",Form 4,Statement of Changes in Beneficial Ownership,https://ir.americanexpress.com/financials/earnings-and-sec-filings/sec-filings-details/default.aspx?FilingId=18427072,https://d18rn0p25nwr6d.cloudfront.net/CIK-0000004962/8b908f3f-f0eb-460c-8d9b-ae40450eb98d.pdf,https://d18rn0p25nwr6d.cloudfront.net/CIK-0000004962/00b8009c-51a4-4c22-b6bb-717b3a9a8102.xls
"May 01, 2025",Form 4,Statement of Changes in Beneficial Ownership,https://ir.americanexpress.com/financials/earnings-and-sec-filings/sec-filings-details/default.aspx?FilingId=18427053,https://d18rn0p25nwr6d.cloudfront.net/CIK-0000004962/713e3253-cc03-4d3d-9207-2c861063b746.pdf,https://d18rn0p25nwr6d.cloudfront.net/CIK-0000004962/511fc27b-df80-441b-a6e6-6c71a51f916f.xls
"May 01, 2025",Form 4,Statement of Changes in Beneficial Ownership,https://ir.americanexpress.com/financials/earnings-and-sec-filings/sec-filings-details/default.aspx?FilingId=18427046,https://d18rn0p25nwr6d.cloudfront.net/CIK-0000004962/7afd6988-c21a-4f60-b870-987b2d4e77e9.pdf,https://d18rn0p25nwr6d.cloudfront.net/CIK-0000004962/24a979c0-00dc-4f1f-afda-0303f20b468e.xls
"May 01, 2025",Form 4,Statement of Changes in Beneficial Ownership,https://ir.americanexpress.com/financials/earnings-and-sec-filings/sec-filings-details/default.aspx?FilingId=18427038,https://d18rn0p25nwr6d.cloudfront.net/CIK-0000004962/6fe828fd-1e00-4e59-8463-7dd8355b2c87.pdf,https://d18rn0p25nwr6d.cloudfront.net/CIK-0000004962/c4977f8e-0147-4127-a2e9-ccb51170e650.xls
"May 01, 2025",Form 4,Statement of Changes in Beneficial Ownership,https://ir.americanexpress.com/financials/earnings-and-sec-filings/sec-filings-details/default.aspx?FilingId=18427041,https://d18rn0p25nwr6d.cloudfront.net/CIK-0000004962/765c1768-a6ae-4cf1-8ecc-e722ca46dbc4.pdf,https://d18rn0p25nwr6d.cloudfront.net/CIK-0000004962/af3d7b5c-e673-4400-b2aa-c6f52035531a.xls
"May 01, 2025",Form 4,Statement of Changes in Beneficial Ownership,https://ir.americanexpress.com/financials/earnings-and-sec-filings/sec-filings-details/default.aspx?FilingId=18427033,https://d18rn0p25nwr6d.cloudfront.net/CIK-0000004962/f12c3989-3494-4af2-8dba-bb36c79907c3.pdf,https://d18rn0p25nwr6d.cloudfront.net/CIK-0000004962/f1f16325-4309-48d8-8ad0-1fa9354a4845.xls
"May 01, 2025",Form 4,Statement of Changes in Beneficial Ownership,https://ir.americanexpress.com/financials/earnings-and-sec-filings/sec-filings-details/default.aspx?FilingId=18427024,https://d18rn0p25nwr6d.cloudfront.net/CIK-0000004962/c761f9a5-72a4-409b-8ba4-771c549906d0.pdf,https://d18rn0p25nwr6d.cloudfront.net/CIK-0000004962/1897bc2e-b9a6-44e9-8d37-4daebfb4a21b.xls
"May 01, 2025",Form 4,Statement of Changes in Beneficial Ownership,https://ir.americanexpress.com/financials/earnings-and-sec-filings/sec-filings-details/default.aspx?FilingId=18427017,https://d18rn0p25nwr6d.cloudfront.net/CIK-0000004962/e6598a09-f2a8-4c50-82d6-deddc7259602.pdf,https://d18rn0p25nwr6d.cloudfront.net/CIK-0000004962/75944ceb-0da8-498f-91fc-3eabfbffa0ba.xls
"May 01, 2025",Form 4,Statement of Changes in Beneficial Ownership,https://ir.americanexpress.com/financials/earnings-and-sec-filings/sec-filings-details/default.aspx?FilingId=18427004,https://d18rn0p25nwr6d.cloudfront.net/CIK-0000004962/e7cb5c9b-8296-409e-af22-0fcbe8d19d5b.pdf,https://d18rn0p25nwr6d.cloudfront.net/CIK-0000004962/9de43bdf-8509-42cc-8d5c-8f4b3fd3cfea.xls
"Apr 30, 2025",Form 4,Statement of Changes in Beneficial Ownership,https://ir.americanexpress.com/financials/earnings-and-sec-filings/sec-filings-details/default.aspx?FilingId=18418151,https://d18rn0p25nwr6d.cloudfront.net/CIK-0000004962/1ae4793c-dc09-4f86-8e8c-f4e4f0dc98c7.pdf,https://d18rn0p25nwr6d.cloudfront.net/CIK-0000004962/aa1e3065-cee6-428c-bf2d-0e619028825d.xls
"Apr 02, 2025",Form 4,Statement of Changes in Beneficial Ownership,https://ir.americanexpress.com/financials/earnings-and-sec-filings/sec-filings-details/default.aspx?FilingId=18337692,https://d18rn0p25nwr6d.cloudfront.net/CIK-0000004962/3c11896d-eed5-4f67-83c0-ea1d5dbf2fdb.pdf,https://d18rn0p25nwr6d.cloudfront.net/CIK-0000004962/d041c5e8-7473-4120-abfc-ef256c6c3890.xls
"Apr 02, 2025",Form 4,Statement of Changes in Beneficial Ownership,https://ir.americanexpress.com/financials/earnings-and-sec-filings/sec-filings-details/default.aspx?FilingId=18337700,https://d18rn0p25nwr6d.cloudfront.net/CIK-0000004962/ac9f6698-28bb-4b5b-aec1-30acf51c9c62.pdf,https://d18rn0p25nwr6d.cloudfront.net/CIK-0000004962/ff0b3243-398d-4b0f-84bf-56269fa57dfd.xls
"Apr 02, 2025",Form 4,Statement of Changes in Beneficial Ownership,https://ir.americanexpress.com/financials/earnings-and-sec-filings/sec-filings-details/default.aspx?FilingId=18337669,https://d18rn0p25nwr6d.cloudfront.net/CIK-0000004962/59252376-bea9-489d-8ed7-d2926625aa53.pdf,https://d18rn0p25nwr6d.cloudfront.net/CIK-0000004962/21895a8a-21ad-44a2-9d5e-5e9fd9d76f12.xls
"Apr 02, 2025",Form 4,Statement of Changes in Beneficial Ownership,https://ir.americanexpress.com/financials/earnings-and-sec-filings/sec-filings-details/default.aspx?FilingId=18337686,https://d18rn0p25nwr6d.cloudfront.net/CIK-0000004962/9167a1ca-f289-459b-85c5-21eae1f40a51.pdf,https://d18rn0p25nwr6d.cloudfront.net/CIK-0000004962/7e68cd9b-5d94-4316-a0b1-3d00547b7f58.xls
"Apr 02, 2025",Form 4,Statement of Changes in Beneficial Ownership,https://ir.americanexpress.com/financials/earnings-and-sec-filings/sec-filings-details/default.aspx?FilingId=18337660,https://d18rn0p25nwr6d.cloudfront.net/CIK-0000004962/3263cff5-f21a-463e-b455-ef1ba0e6fdce.pdf,https://d18rn0p25nwr6d.cloudfront.net/CIK-0000004962/2550d7b9-37bd-4188-9c22-41faecc6b2da.xls
"Apr 02, 2025",Form 4,Statement of Changes in Beneficial Ownership,https://ir.americanexpress.com/financials/earnings-and-sec-filings/sec-filings-details/default.aspx?FilingId=18337662,https://d18rn0p25nwr6d.cloudfront.net/CIK-0000004962/214d3e12-a874-496e-8c8c-c356ffa04369.pdf,https://d18rn0p25nwr6d.cloudfront.net/CIK-0000004962/7884e71a-acbc-492f-8665-61c0e5554e62.xls
"Apr 02, 2025",Form 4,Statement of Changes in Beneficial Ownership,https://ir.americanexpress.com/financials/earnings-and-sec-filings/sec-filings-details/default.aspx?FilingId=18337649,https://d18rn0p25nwr6d.cloudfront.net/CIK-0000004962/4514b58e-6df0-43e9-85a7-64555b1f15e8.pdf,https://d18rn0p25nwr6d.cloudfront.net/CIK-0000004962/18bbc28e-361c-4f91-8cb9-7608a02c7337.xls
"Apr 02, 2025",Form 4,Statement of Changes in Beneficial Ownership,https://ir.americanexpress.com/financials/earnings-and-sec-filings/sec-filings-details/default.aspx?FilingId=18337639,https://d18rn0p25nwr6d.cloudfront.net/CIK-0000004962/d09068b9-dc5d-4692-91e6-a0ca24143d9b.pdf,https://d18rn0p25nwr6d.cloudfront.net/CIK-0000004962/5afa6478-499a-47bc-a115-b10d23763feb.xls
"Apr 02, 2025",Form 4,Statement of Changes in Beneficial Ownership,https://ir.americanexpress.com/financials/earnings-and-sec-filings/sec-filings-details/default.aspx?FilingId=18337643,https://d18rn0p25nwr6d.cloudfront.net/CIK-0000004962/82764c78-7b6b-4566-b30f-28735120c297.pdf,https://d18rn0p25nwr6d.cloudfront.net/CIK-0000004962/e41a8a1f-435c-4367-9e2e-fa7f9dd653d7.xls
"Mar 11, 2025",Form 4,Statement of Changes in Beneficial Ownership,https://ir.americanexpress.com/financials/earnings-and-sec-filings/sec-filings-details/default.aspx?FilingId=18272927,https://d18rn0p25nwr6d.cloudfront.net/CIK-0000004962/7ec3ac33-8020-4b4c-8375-d38563e7b518.pdf,https://d18rn0p25nwr6d.cloudfront.net/CIK-0000004962/c6f922e4-4451-4857-8a86-fb56637e5b67.xls
"Mar 06, 2025",Form 3,Initial Statement of Beneficial Ownership,https://ir.americanexpress.com/financials/earnings-and-sec-filings/sec-filings-details/default.aspx?FilingId=18264266,https://d18rn0p25nwr6d.cloudfront.net/CIK-0000004962/f6d967a0-7194-4827-b004-2eb1e259c70b.pdf,https://d18rn0p25nwr6d.cloudfront.net/CIK-0000004962/e3317bdc-207e-4c01-ad6a-a126431991c6.xls
"Mar 06, 2025",Form 4,Statement of Changes in Beneficial Ownership,https://ir.americanexpress.com/financials/earnings-and-sec-filings/sec-filings-details/default.aspx?FilingId=18264132,https://d18rn0p25nwr6d.cloudfront.net/CIK-0000004962/8d62288a-b0fa-426e-bc51-af3173b58d7a.pdf,https://d18rn0p25nwr6d.cloudfront.net/CIK-0000004962/4495e94f-2155-4217-808f-830635792115.xls
"Feb 28, 2025",Form 4,Statement of Changes in Beneficial Ownership,https://ir.americanexpress.com/financials/earnings-and-sec-filings/sec-filings-details/default.aspx?FilingId=18240585,https://d18rn0p25nwr6d.cloudfront.net/CIK-0000004962/57a64e0f-4e52-419d-84c0-53daaa1c7d55.pdf,https://d18rn0p25nwr6d.cloudfront.net/CIK-0000004962/421e363f-3990-4fb8-837a-ae075d5229b7.xls
"Feb 13, 2025",Form 4,Statement of Changes in Beneficial Ownership,https://ir.americanexpress.com/financials/earnings-and-sec-filings/sec-filings-details/default.aspx?FilingId=18184383,https://d18rn0p25nwr6d.cloudfront.net/CIK-0000004962/bb594d06-3e95-4959-b7dd-c5250c9f9767.pdf,https://d18rn0p25nwr6d.cloudfront.net/CIK-0000004962/a0b20b5c-9a2b-4777-bf34-8a92a24629b6.xls
"Feb 10, 2025",Form 4,Statement of Changes in Beneficial Ownership,https://ir.americanexpress.com/financials/earnings-and-sec-filings/sec-filings-details/default.aspx?FilingId=18171574,https://d18rn0p25nwr6d.cloudfront.net/CIK-0000004962/3588a9b9-a47e-4d78-b916-eb992574c848.pdf,https://d18rn0p25nwr6d.cloudfront.net/CIK-0000004962/43eaca96-0c07-47b7-8b6b-9ff098bd4bea.xls
"Feb 06, 2025",Form 4,Statement of Changes in Beneficial Ownership,https://ir.americanexpress.com/financials/earnings-and-sec-filings/sec-filings-details/default.aspx?FilingId=18165293,https://d18rn0p25nwr6d.cloudfront.net/CIK-0000004962/e9d6b739-961b-4e4d-ab92-f0e3407831c3.pdf,https://d18rn0p25nwr6d.cloudfront.net/CIK-0000004962/151d5eae-1d4d-4719-92bc-610de3076ed8.xls
"Feb 06, 2025",Form 4,Statement of Changes in Beneficial Ownership,https://ir.americanexpress.com/financials/earnings-and-sec-filings/sec-filings-details/default.aspx?FilingId=18164178,https://d18rn0p25nwr6d.cloudfront.net/CIK-0000004962/f6f80f5f-9b1e-4d3e-bed2-6e61f9cc5503.pdf,https://d18rn0p25nwr6d.cloudfront.net/CIK-0000004962/254c5d14-80f7-425a-8f5f-ce35c1c0aed6.xls
"Feb 06, 2025",Form 4,Statement of Changes in Beneficial Ownership,https://ir.americanexpress.com/financials/earnings-and-sec-filings/sec-filings-details/default.aspx?FilingId=18164217,https://d18rn0p25nwr6d.cloudfront.net/CIK-0000004962/a74371ce-8d40-461e-b310-9c169d44dc27.pdf,https://d18rn0p25nwr6d.cloudfront.net/CIK-0000004962/c95507a8-66c8-45d6-9e18-b9367d15134b.xls
"Jan 30, 2025",Form 4,Statement of Changes in Beneficial Ownership,https://ir.americanexpress.com/financials/earnings-and-sec-filings/sec-filings-details/default.aspx?FilingId=18143318,https://d18rn0p25nwr6d.cloudfront.net/CIK-0000004962/e85a41c9-df7b-4ee8-b88e-e46f4bea9fca.pdf,https://d18rn0p25nwr6d.cloudfront.net/CIK-0000004962/7274fee6-803c-44e6-98dc-ec9696364576.xls
"Jan 30, 2025",Form 4,Statement of Changes in Beneficial Ownership,https://ir.americanexpress.com/financials/earnings-and-sec-filings/sec-filings-details/default.aspx?FilingId=18143339,https://d18rn0p25nwr6d.cloudfront.net/CIK-0000004962/ae70f6f5-089c-45f1-83f3-0c9bb89d2d8f.pdf,https://d18rn0p25nwr6d.cloudfront.net/CIK-0000004962/dffb37df-ff2f-4ce3-80f2-8a415cac00a2.xls
"Jan 30, 2025",Form 4,Statement of Changes in Beneficial Ownership,https://ir.americanexpress.com/financials/earnings-and-sec-filings/sec-filings-details/default.aspx?FilingId=18143253,https://d18rn0p25nwr6d.cloudfront.net/CIK-0000004962/4e376e38-ecf9-43e0-8788-e5275db38016.pdf,https://d18rn0p25nwr6d.cloudfront.net/CIK-0000004962/b0f824d2-dd05-4bb7-8b2e-5d4ba6435d81.xls
"Jan 30, 2025",Form 4,Statement of Changes in Beneficial Ownership,https://ir.americanexpress.com/financials/earnings-and-sec-filings/sec-filings-details/default.aspx?FilingId=18143272,https://d18rn0p25nwr6d.cloudfront.net/CIK-0000004962/0cadd7f1-b9b2-4e4b-b1aa-933524f579d7.pdf,https://d18rn0p25nwr6d.cloudfront.net/CIK-0000004962/d8d8d6ba-97e7-4427-bb67-d800252d6782.xls
"Jan 30, 2025",Form 4,Statement of Changes in Beneficial Ownership,https://ir.americanexpress.com/financials/earnings-and-sec-filings/sec-filings-details/default.aspx?FilingId=18143304,https://d18rn0p25nwr6d.cloudfront.net/CIK-0000004962/40c9d5cf-9930-4b63-94d3-3674a734b4d5.pdf,https://d18rn0p25nwr6d.cloudfront.net/CIK-0000004962/9ec2798c-f987-459e-8ae3-0e1a99c434e4.xls
"Jan 30, 2025",Form 4,Statement of Changes in Beneficial Ownership,https://ir.americanexpress.com/financials/earnings-and-sec-filings/sec-filings-details/default.aspx?FilingId=18143218,https://d18rn0p25nwr6d.cloudfront.net/CIK-0000004962/3906315f-35be-4f88-9183-7661660521c2.pdf,https://d18rn0p25nwr6d.cloudfront.net/CIK-0000004962/ecd91bf2-a8cc-48bb-9d8d-2e497abcbc9d.xls
"Jan 30, 2025",Form 4,Statement of Changes in Beneficial Ownership,https://ir.americanexpress.com/financials/earnings-and-sec-filings/sec-filings-details/default.aspx?FilingId=18143141,https://d18rn0p25nwr6d.cloudfront.net/CIK-0000004962/32f0c7c9-d4d6-49fa-8e63-a2a4ff166978.pdf,https://d18rn0p25nwr6d.cloudfront.net/CIK-0000004962/0d8c265e-2588-4972-9a59-940604bb13e8.xls
"Jan 30, 2025",Form 4,Statement of Changes in Beneficial Ownership,https://ir.americanexpress.com/financials/earnings-and-sec-filings/sec-filings-details/default.aspx?FilingId=18143158,https://d18rn0p25nwr6d.cloudfront.net/CIK-0000004962/57809722-723e-4ee6-a5fe-85a215ac6a0f.pdf,https://d18rn0p25nwr6d.cloudfront.net/CIK-0000004962/96f7340e-e465-4a5c-b316-a827df0f818f.xls
"Jan 30, 2025",Form 4,Statement of Changes in Beneficial Ownership,https://ir.americanexpress.com/financials/earnings-and-sec-filings/sec-filings-details/default.aspx?FilingId=18143175,https://d18rn0p25nwr6d.cloudfront.net/CIK-0000004962/dc018f8f-11ec-4595-9c8f-976364c1b734.pdf,https://d18rn0p25nwr6d.cloudfront.net/CIK-0000004962/f0dd2991-a512-4598-8465-b66bc555fd86.xls
"Jan 30, 2025",Form 4,Statement of Changes in Beneficial Ownership,https://ir.americanexpress.com/financials/earnings-and-sec-filings/sec-filings-details/default.aspx?FilingId=18143077,https://d18rn0p25nwr6d.cloudfront.net/CIK-0000004962/f4e04668-7996-4977-8a4d-95e915b8ab5b.pdf,https://d18rn0p25nwr6d.cloudfront.net/CIK-0000004962/c07a0aba-f8ed-4542-bf89-977ad6793a44.xls
"Jan 30, 2025",Form 4,Statement of Changes in Beneficial Ownership,https://ir.americanexpress.com/financials/earnings-and-sec-filings/sec-filings-details/default.aspx?FilingId=18143099,https://d18rn0p25nwr6d.cloudfront.net/CIK-0000004962/a111102a-e28f-4d50-a316-0f712251c3bb.pdf,https://d18rn0p25nwr6d.cloudfront.net/CIK-0000004962/33d3687a-d81a-4741-8d87-07b175e57648.xls
"Jan 30, 2025",Form 4,Statement of Changes in Beneficial Ownership,https://ir.americanexpress.com/financials/earnings-and-sec-filings/sec-filings-details/default.aspx?FilingId=18143124,https://d18rn0p25nwr6d.cloudfront.net/CIK-0000004962/6b58db5d-f705-4b94-844a-ad650fc53734.pdf,https://d18rn0p25nwr6d.cloudfront.net/CIK-0000004962/c650449c-7ebf-4c22-9fa5-1feedab01ea5.xls
"Jan 30, 2025",Form 4,Statement of Changes in Beneficial Ownership,https://ir.americanexpress.com/financials/earnings-and-sec-filings/sec-filings-details/default.aspx?FilingId=18143022,https://d18rn0p25nwr6d.cloudfront.net/CIK-0000004962/969810fa-4e86-45ac-a97b-e3bfa09cbbca.pdf,https://d18rn0p25nwr6d.cloudfront.net/CIK-0000004962/d4ee9674-ace6-4818-b48b-5ea4a18ec9c6.xls
"Jan 30, 2025",Form 4,Statement of Changes in Beneficial Ownership,https://ir.americanexpress.com/financials/earnings-and-sec-filings/sec-filings-details/default.aspx?FilingId=18143043,https://d18rn0p25nwr6d.cloudfront.net/CIK-0000004962/ecbb6330-afa0-4a64-8881-294ffae80e71.pdf,https://d18rn0p25nwr6d.cloudfront.net/CIK-0000004962/0ad45030-5d0f-4aa9-bf13-e81e883152f2.xls
"Jan 30, 2025",Form 4,Statement of Changes in Beneficial Ownership,https://ir.americanexpress.com/financials/earnings-and-sec-filings/sec-filings-details/default.aspx?FilingId=18142928,https://d18rn0p25nwr6d.cloudfront.net/CIK-0000004962/21b42a81-d0e2-431d-af42-7c653b38375c.pdf,https://d18rn0p25nwr6d.cloudfront.net/CIK-0000004962/efe1505a-ca99-4092-a25b-95941f298bc2.xls
"Jan 30, 2025",Form 4,Statement of Changes in Beneficial Ownership,https://ir.americanexpress.com/financials/earnings-and-sec-filings/sec-filings-details/default.aspx?FilingId=18143000,https://d18rn0p25nwr6d.cloudfront.net/CIK-0000004962/d789d27f-16e6-497a-b616-008e098ee572.pdf,https://d18rn0p25nwr6d.cloudfront.net/CIK-0000004962/3e412cf1-c5fc-4d16-8271-b37123a54f6a.xls
"Jan 30, 2025",Form 4,Statement of Changes in Beneficial Ownership,https://ir.americanexpress.com/financials/earnings-and-sec-filings/sec-filings-details/default.aspx?FilingId=18142890,https://d18rn0p25nwr6d.cloudfront.net/CIK-0000004962/7ce0a96a-a639-4bf3-aa94-5809c0ad5c2a.pdf,https://d18rn0p25nwr6d.cloudfront.net/CIK-0000004962/c353678a-ee31-48c5-81f0-308516a9b033.xls
"Jan 03, 2025",Form 4,Statement of Changes in Beneficial Ownership,https://ir.americanexpress.com/financials/earnings-and-sec-filings/sec-filings-details/default.aspx?FilingId=18086664,https://d18rn0p25nwr6d.cloudfront.net/CIK-0000004962/bc55bd65-f745-4ef7-89a2-eff2df4d4584.pdf,https://d18rn0p25nwr6d.cloudfront.net/CIK-0000004962/de79bba6-7ad7-4151-81b3-98450d0023ad.xls
"Jan 03, 2025",Form 4,Statement of Changes in Beneficial Ownership,https://ir.americanexpress.com/financials/earnings-and-sec-filings/sec-filings-details/default.aspx?FilingId=18086757,https://d18rn0p25nwr6d.cloudfront.net/CIK-0000004962/13442168-23ca-4912-bf09-bca27281e22f.pdf,https://d18rn0p25nwr6d.cloudfront.net/CIK-0000004962/4bb415ec-34f4-40bb-951c-409e2eae6e16.xls
"Jan 03, 2025",Form 4,Statement of Changes in Beneficial Ownership,https://ir.americanexpress.com/financials/earnings-and-sec-filings/sec-filings-details/default.aspx?FilingId=18086806,https://d18rn0p25nwr6d.cloudfront.net/CIK-0000004962/40e6e368-f1a7-41ca-8854-0c0bb73aa977.pdf,https://d18rn0p25nwr6d.cloudfront.net/CIK-0000004962/55381b54-142f-4289-b1b2-8692544fc995.xls
"Jan 03, 2025",Form 4,Statement of Changes in Beneficial Ownership,https://ir.americanexpress.com/financials/earnings-and-sec-filings/sec-filings-details/default.aspx?FilingId=18086479,https://d18rn0p25nwr6d.cloudfront.net/CIK-0000004962/ae9f8afb-8a93-4b8a-ba3a-2bf347172343.pdf,https://d18rn0p25nwr6d.cloudfront.net/CIK-0000004962/f04a7445-565d-4274-a369-b81d4e3f7764.xls
"Jan 03, 2025",Form 4,Statement of Changes in Beneficial Ownership,https://ir.americanexpress.com/financials/earnings-and-sec-filings/sec-filings-details/default.aspx?FilingId=18086559,https://d18rn0p25nwr6d.cloudfront.net/CIK-0000004962/b546cec8-6ed5-43d9-a07e-01342cbec7f5.pdf,https://d18rn0p25nwr6d.cloudfront.net/CIK-0000004962/8191b783-5ef7-4325-92ce-9e5f0e6c13df.xls
"Jan 03, 2025",Form 4,Statement of Changes in Beneficial Ownership,https://ir.americanexpress.com/financials/earnings-and-sec-filings/sec-filings-details/default.aspx?FilingId=18086606,https://d18rn0p25nwr6d.cloudfront.net/CIK-0000004962/f251c23d-8638-4e09-b660-118759a99884.pdf,https://d18rn0p25nwr6d.cloudfront.net/CIK-0000004962/936e65b8-10cb-4bf9-b365-357056e9a6dd.xls
"Jan 03, 2025",Form 4,Statement of Changes in Beneficial Ownership,https://ir.americanexpress.com/financials/earnings-and-sec-filings/sec-filings-details/default.aspx?FilingId=18086417,https://d18rn0p25nwr6d.cloudfront.net/CIK-0000004962/9bea3051-c51f-4312-b985-6a8b2a66e562.pdf,https://d18rn0p25nwr6d.cloudfront.net/CIK-0000004962/bfa6082a-0b49-4c0f-b4b0-7803ff741bae.xls
"Jan 03, 2025",Form 4,Statement of Changes in Beneficial Ownership,https://ir.americanexpress.com/financials/earnings-and-sec-filings/sec-filings-details/default.aspx?FilingId=18086291,https://d18rn0p25nwr6d.cloudfront.net/CIK-0000004962/ee6fe669-8975-4a39-9d6b-281249260bf0.pdf,https://d18rn0p25nwr6d.cloudfront.net/CIK-0000004962/c9df75a1-ec42-4e04-9fce-ede7d925051a.xls
"Dec 02, 2024",Form 4,Statement of Changes in Beneficial Ownership,https://ir.americanexpress.com/financials/earnings-and-sec-filings/sec-filings-details/default.aspx?FilingId=18017132,https://d18rn0p25nwr6d.cloudfront.net/CIK-0000004962/a6be43e6-9e6e-4cc7-9cba-00f8f2d9f59e.pdf,https://d18rn0p25nwr6d.cloudfront.net/CIK-0000004962/0b0bffb0-00bb-42c1-8e3b-2d8fda267c71.xls
"Nov 25, 2024",Form 4,Statement of Changes in Beneficial Ownership,https://ir.americanexpress.com/financials/earnings-and-sec-filings/sec-filings-details/default.aspx?FilingId=18002833,https://d18rn0p25nwr6d.cloudfront.net/CIK-0000004962/551ee150-a44a-4547-9b24-eec152606e79.pdf,https://d18rn0p25nwr6d.cloudfront.net/CIK-0000004962/9072e388-79bf-4c45-854a-728d8f687cf3.xls
"Nov 12, 2024",Form 4,Statement of Changes in Beneficial Ownership,https://ir.americanexpress.com/financials/earnings-and-sec-filings/sec-filings-details/default.aspx?FilingId=17961287,https://d18rn0p25nwr6d.cloudfront.net/CIK-0000004962/d80ddc2f-21e1-422a-a393-1c2f5eea7fa3.pdf,https://d18rn0p25nwr6d.cloudfront.net/CIK-0000004962/b7817170-6b22-4000-ae17-904021bd9176.xls
"Nov 08, 2024",Form 4,Statement of Changes in Beneficial Ownership,https://ir.americanexpress.com/financials/earnings-and-sec-filings/sec-filings-details/default.aspx?FilingId=17956871,https://d18rn0p25nwr6d.cloudfront.net/CIK-0000004962/0671a03d-7e5b-49d5-a13d-3aa0549a8ec1.pdf,https://d18rn0p25nwr6d.cloudfront.net/CIK-0000004962/dd989e9f-71a2-4955-8ba1-0b467b330200.xls
"Oct 31, 2024",Form 4,Statement of Changes in Beneficial Ownership,https://ir.americanexpress.com/financials/earnings-and-sec-filings/sec-filings-details/default.aspx?FilingId=17930859,https://d18rn0p25nwr6d.cloudfront.net/CIK-0000004962/4b9f016c-ae9b-43ff-ac26-0b25bb18e13d.pdf,https://d18rn0p25nwr6d.cloudfront.net/CIK-0000004962/049dc09e-6abb-4980-ae74-455d83d98d35.xls
"Oct 24, 2024",Form 4,Statement of Changes in Beneficial Ownership,https://ir.americanexpress.com/financials/earnings-and-sec-filings/sec-filings-details/default.aspx?FilingId=17913625,https://d18rn0p25nwr6d.cloudfront.net/CIK-0000004962/9052ea77-1afc-4816-96d1-15bf0701a2c5.pdf,https://d18rn0p25nwr6d.cloudfront.net/CIK-0000004962/96f99701-fd87-4799-9193-b9d08ea866b1.xls
"Oct 02, 2024",Form 4,Statement of Changes in Beneficial Ownership,https://ir.americanexpress.com/financials/earnings-and-sec-filings/sec-filings-details/default.aspx?FilingId=17875710,https://d18rn0p25nwr6d.cloudfront.net/CIK-0000004962/348f6e52-eb8c-47df-a399-070d44d136f8.pdf,https://d18rn0p25nwr6d.cloudfront.net/CIK-0000004962/a88a7737-3e6b-499e-9774-c69b69bb3677.xls
"Oct 02, 2024",Form 4,Statement of Changes in Beneficial Ownership,https://ir.americanexpress.com/financials/earnings-and-sec-filings/sec-filings-details/default.aspx?FilingId=17875700,https://d18rn0p25nwr6d.cloudfront.net/CIK-0000004962/893590e0-cb5e-4220-abec-c298f7c046ca.pdf,https://d18rn0p25nwr6d.cloudfront.net/CIK-0000004962/ba7c3790-f32a-4cb8-8b36-3249e7e3eb95.xls
"Oct 02, 2024",Form 4,Statement of Changes in Beneficial Ownership,https://ir.americanexpress.com/financials/earnings-and-sec-filings/sec-filings-details/default.aspx?FilingId=17875687,https://d18rn0p25nwr6d.cloudfront.net/CIK-0000004962/51e41293-8336-476f-8876-a177a52922fd.pdf,https://d18rn0p25nwr6d.cloudfront.net/CIK-0000004962/ba604835-8dd5-4b18-a714-71a212141e67.xls
"Oct 02, 2024",Form 4,Statement of Changes in Beneficial Ownership,https://ir.americanexpress.com/financials/earnings-and-sec-filings/sec-filings-details/default.aspx?FilingId=17875693,https://d18rn0p25nwr6d.cloudfront.net/CIK-0000004962/3a2fce8c-c9ac-4ae0-869f-b8d81f0bd2d8.pdf,https://d18rn0p25nwr6d.cloudfront.net/CIK-0000004962/97631074-c2f0-472b-8e56-c056007707b6.xls
"Oct 02, 2024",Form 4,Statement of Changes in Beneficial Ownership,https://ir.americanexpress.com/financials/earnings-and-sec-filings/sec-filings-details/default.aspx?FilingId=17875669,https://d18rn0p25nwr6d.cloudfront.net/CIK-0000004962/7c456b39-5561-4796-bad1-f772c84be3a2.pdf,https://d18rn0p25nwr6d.cloudfront.net/CIK-0000004962/2c8b0780-65cd-4b67-b673-45e8ccadc861.xls
"Oct 02, 2024",Form 4,Statement of Changes in Beneficial Ownership,https://ir.americanexpress.com/financials/earnings-and-sec-filings/sec-filings-details/default.aspx?FilingId=17875680,https://d18rn0p25nwr6d.cloudfront.net/CIK-0000004962/968ca225-6211-44c0-8009-446c3ec75c29.pdf,https://d18rn0p25nwr6d.cloudfront.net/CIK-0000004962/b29b3903-690f-42d1-a7d1-a76e2a5afc2f.xls
"Oct 02, 2024",Form 4,Statement of Changes in Beneficial Ownership,https://ir.americanexpress.com/financials/earnings-and-sec-filings/sec-filings-details/default.aspx?FilingId=17875661,https://d18rn0p25nwr6d.cloudfront.net/CIK-0000004962/9a494a57-4db6-48e9-9dcf-331753919118.pdf,https://d18rn0p25nwr6d.cloudfront.net/CIK-0000004962/73886ab2-a68f-4170-b26b-9c5eecd08281.xls
"Oct 02, 2024",Form 4,Statement of Changes in Beneficial Ownership,https://ir.americanexpress.com/financials/earnings-and-sec-filings/sec-filings-details/default.aspx?FilingId=17875651,https://d18rn0p25nwr6d.cloudfront.net/CIK-0000004962/b6019454-f297-4517-b769-e0af71e4aed2.pdf,https://d18rn0p25nwr6d.cloudfront.net/CIK-0000004962/87de1413-5faf-4c02-86bb-afed164ac78c.xls
"Jul 02, 2024",Form 4,Statement of Changes in Beneficial Ownership,https://ir.americanexpress.com/financials/earnings-and-sec-filings/sec-filings-details/default.aspx?FilingId=17661891,https://d18rn0p25nwr6d.cloudfront.net/CIK-0000004962/61566be2-ca47-49c5-91b9-fb82f3e57df1.pdf,https://d18rn0p25nwr6d.cloudfront.net/CIK-0000004962/2ac9298d-187f-44f7-b0f3-2be98932de5a.xls
"Jul 02, 2024",Form 4,Statement of Changes in Beneficial Ownership,https://ir.americanexpress.com/financials/earnings-and-sec-filings/sec-filings-details/default.aspx?FilingId=17661779,https://d18rn0p25nwr6d.cloudfront.net/CIK-0000004962/8ad5894c-68d2-4b05-955a-6e6c89062f30.pdf,https://d18rn0p25nwr6d.cloudfront.net/CIK-0000004962/0ae5c64e-5f05-4fd2-bcae-8ffa279382d2.xls
"Jul 02, 2024",Form 4,Statement of Changes in Beneficial Ownership,https://ir.americanexpress.com/financials/earnings-and-sec-filings/sec-filings-details/default.aspx?FilingId=17661790,https://d18rn0p25nwr6d.cloudfront.net/CIK-0000004962/9d2454a2-50ed-4ea7-a954-4a8162787fe9.pdf,https://d18rn0p25nwr6d.cloudfront.net/CIK-0000004962/0194813f-8a15-4a2f-9bb6-cc9a7793c7e6.xls
"Jul 02, 2024",Form 4,Statement of Changes in Beneficial Ownership,https://ir.americanexpress.com/financials/earnings-and-sec-filings/sec-filings-details/default.aspx?FilingId=17661855,https://d18rn0p25nwr6d.cloudfront.net/CIK-0000004962/6768f705-be43-425a-b1d9-7e587ec37b84.pdf,https://d18rn0p25nwr6d.cloudfront.net/CIK-0000004962/a57ce9c1-28b7-4861-8517-c7fd89a61fed.xls
"Jul 02, 2024",Form 4,Statement of Changes in Beneficial Ownership,https://ir.americanexpress.com/financials/earnings-and-sec-filings/sec-filings-details/default.aspx?FilingId=17661750,https://d18rn0p25nwr6d.cloudfront.net/CIK-0000004962/dc28f961-5927-4828-9932-f47e950afc5c.pdf,https://d18rn0p25nwr6d.cloudfront.net/CIK-0000004962/34e7bf5a-dcfd-421f-8d30-16036e03f0b5.xls
"Jul 02, 2024",Form 4,Statement of Changes in Beneficial Ownership,https://ir.americanexpress.com/financials/earnings-and-sec-filings/sec-filings-details/default.aspx?FilingId=17661763,https://d18rn0p25nwr6d.cloudfront.net/CIK-0000004962/506866bf-cefe-4180-b236-76da014a3274.pdf,https://d18rn0p25nwr6d.cloudfront.net/CIK-0000004962/ae6ab53b-d004-409b-9717-95c9153e41d7.xls
"Jul 02, 2024",Form 4,Statement of Changes in Beneficial Ownership,https://ir.americanexpress.com/financials/earnings-and-sec-filings/sec-filings-details/default.aspx?FilingId=17661771,https://d18rn0p25nwr6d.cloudfront.net/CIK-0000004962/1981237c-f222-498f-8008-965423c9aa9d.pdf,https://d18rn0p25nwr6d.cloudfront.net/CIK-0000004962/4a4e4c2a-b25a-4dde-8eb6-9682f10579e8.xls
"Jul 02, 2024",Form 4,Statement of Changes in Beneficial Ownership,https://ir.americanexpress.com/financials/earnings-and-sec-filings/sec-filings-details/default.aspx?FilingId=17661743,https://d18rn0p25nwr6d.cloudfront.net/CIK-0000004962/9b5f194b-fb95-4d23-9130-527a3e433a3d.pdf,https://d18rn0p25nwr6d.cloudfront.net/CIK-0000004962/87348b75-61ba-4107-a23f-fed6a52cb837.xls
"Jun 17, 2024",Form 4,Statement of Changes in Beneficial Ownership,https://ir.americanexpress.com/financials/earnings-and-sec-filings/sec-filings-details/default.aspx?FilingId=17624609,https://d18rn0p25nwr6d.cloudfront.net/CIK-0000004962/ed234f7a-86fd-4af4-88a2-fb4be38bd7dc.pdf,https://d18rn0p25nwr6d.cloudfront.net/CIK-0000004962/9a42e2c7-30ee-4f9f-a3a2-fa3164e007a0.xls
"May 23, 2024",Form 4,Statement of Changes in Beneficial Ownership,https://ir.americanexpress.com/financials/earnings-and-sec-filings/sec-filings-details/default.aspx?FilingId=17566700,https://d18rn0p25nwr6d.cloudfront.net/CIK-0000004962/ce495b38-4db4-4156-85d8-45b7823875b1.pdf,https://d18rn0p25nwr6d.cloudfront.net/CIK-0000004962/2aba63d7-1d1d-4ce1-b34a-3acfbe4022ba.xls
"May 21, 2024",Form 4,Statement of Changes in Beneficial Ownership,https://ir.americanexpress.com/financials/earnings-and-sec-filings/sec-filings-details/default.aspx?FilingId=17560160,https://d18rn0p25nwr6d.cloudfront.net/CIK-0000004962/79a384d6-322d-4054-8d9b-0e4572629efa.pdf,https://d18rn0p25nwr6d.cloudfront.net/CIK-0000004962/a9bb0f17-c5be-4269-b42f-4ecba6b017f8.xls
"May 13, 2024",Form 4,Statement of Changes in Beneficial Ownership,https://ir.americanexpress.com/financials/earnings-and-sec-filings/sec-filings-details/default.aspx?FilingId=17533682,https://d18rn0p25nwr6d.cloudfront.net/CIK-0000004962/ceb96fca-287d-4eba-90ea-18f9065e54d2.pdf,https://d18rn0p25nwr6d.cloudfront.net/CIK-0000004962/e0e84c27-d39d-4faa-b5b4-bc790db72057.xls
"May 08, 2024",Form 4,Statement of Changes in Beneficial Ownership,https://ir.americanexpress.com/financials/earnings-and-sec-filings/sec-filings-details/default.aspx?FilingId=17521187,https://d18rn0p25nwr6d.cloudfront.net/CIK-0000004962/d082748c-7b03-4e67-bbdd-30e57c2d3c56.pdf,https://d18rn0p25nwr6d.cloudfront.net/CIK-0000004962/32574671-b641-449f-8563-74769b9060b4.xls
"May 08, 2024",Form 4,Statement of Changes in Beneficial Ownership,https://ir.americanexpress.com/financials/earnings-and-sec-filings/sec-filings-details/default.aspx?FilingId=17521199,https://d18rn0p25nwr6d.cloudfront.net/CIK-0000004962/bb34e33e-9ad8-48cc-af37-f7345f4f8c2e.pdf,https://d18rn0p25nwr6d.cloudfront.net/CIK-0000004962/45bdbbb4-60d7-4fc8-aecd-07d1f6a63207.xls
"May 08, 2024",Form 4,Statement of Changes in Beneficial Ownership,https://ir.americanexpress.com/financials/earnings-and-sec-filings/sec-filings-details/default.aspx?FilingId=17521179,https://d18rn0p25nwr6d.cloudfront.net/CIK-0000004962/2c0cf25f-729b-4cf6-942d-1c064e0221bc.pdf,https://d18rn0p25nwr6d.cloudfront.net/CIK-0000004962/1e0687d2-7179-4591-bb8d-f794531181da.xls
"May 08, 2024",Form 4,Statement of Changes in Beneficial Ownership,https://ir.americanexpress.com/financials/earnings-and-sec-filings/sec-filings-details/default.aspx?FilingId=17521160,https://d18rn0p25nwr6d.cloudfront.net/CIK-0000004962/95227701-1d7d-444d-8cbd-e2966b1f6549.pdf,https://d18rn0p25nwr6d.cloudfront.net/CIK-0000004962/bdca49b6-9f90-40d9-97cc-692a9e6bcb80.xls
"May 08, 2024",Form 4,Statement of Changes in Beneficial Ownership,https://ir.americanexpress.com/financials/earnings-and-sec-filings/sec-filings-details/default.aspx?FilingId=17521168,https://d18rn0p25nwr6d.cloudfront.net/CIK-0000004962/86abbe61-5638-4965-86c3-02671e67aa2e.pdf,https://d18rn0p25nwr6d.cloudfront.net/CIK-0000004962/ddbe8575-dc79-471d-90e4-3bb0bd9c2dbb.xls
"May 08, 2024",Form 4,Statement of Changes in Beneficial Ownership,https://ir.americanexpress.com/financials/earnings-and-sec-filings/sec-filings-details/default.aspx?FilingId=17521136,https://d18rn0p25nwr6d.cloudfront.net/CIK-0000004962/1e911117-a8c9-4372-8cc9-a47defb5e112.pdf,https://d18rn0p25nwr6d.cloudfront.net/CIK-0000004962/8249e4a5-7481-4146-b384-c9d07822418e.xls
"May 08, 2024",Form 4,Statement of Changes in Beneficial Ownership,https://ir.americanexpress.com/financials/earnings-and-sec-filings/sec-filings-details/default.aspx?FilingId=17521153,https://d18rn0p25nwr6d.cloudfront.net/CIK-0000004962/a787cbb6-d2da-4fdc-ab02-244fb14e62cc.pdf,https://d18rn0p25nwr6d.cloudfront.net/CIK-0000004962/c499cdf4-1f2c-4fdb-bedd-04d118868029.xls
"May 08, 2024",Form 4,Statement of Changes in Beneficial Ownership,https://ir.americanexpress.com/financials/earnings-and-sec-filings/sec-filings-details/default.aspx?FilingId=17521120,https://d18rn0p25nwr6d.cloudfront.net/CIK-0000004962/50acddf3-af1a-42d8-89e8-ce083703e125.pdf,https://d18rn0p25nwr6d.cloudfront.net/CIK-0000004962/6b3be6f9-378f-43b7-a786-53455656c522.xls
"May 08, 2024",Form 4,Statement of Changes in Beneficial Ownership,https://ir.americanexpress.com/financials/earnings-and-sec-filings/sec-filings-details/default.aspx?FilingId=17521129,https://d18rn0p25nwr6d.cloudfront.net/CIK-0000004962/af9c4957-acd1-499d-b2e0-4fdda915f073.pdf,https://d18rn0p25nwr6d.cloudfront.net/CIK-0000004962/69a44762-811c-44ff-85fc-8fee5e77e097.xls
"May 08, 2024",Form 4,Statement of Changes in Beneficial Ownership,https://ir.americanexpress.com/financials/earnings-and-sec-filings/sec-filings-details/default.aspx?FilingId=17521112,https://d18rn0p25nwr6d.cloudfront.net/CIK-0000004962/508e7b55-696d-4802-993c-c7768167cff1.pdf,https://d18rn0p25nwr6d.cloudfront.net/CIK-0000004962/5183b6b8-4a3a-4d18-9b5d-68ac23623252.xls
"May 08, 2024",Form 4,Statement of Changes in Beneficial Ownership,https://ir.americanexpress.com/financials/earnings-and-sec-filings/sec-filings-details/default.aspx?FilingId=17521102,https://d18rn0p25nwr6d.cloudfront.net/CIK-0000004962/c4b91bba-26d0-4b0b-813f-242db74190ec.pdf,https://d18rn0p25nwr6d.cloudfront.net/CIK-0000004962/ee5194c1-9257-48f9-81c1-28d2299d4a45.xls
"May 07, 2024",Form 4,Statement of Changes in Beneficial Ownership,https://ir.americanexpress.com/financials/earnings-and-sec-filings/sec-filings-details/default.aspx?FilingId=17519041,https://d18rn0p25nwr6d.cloudfront.net/CIK-0000004962/8e70674e-24f8-4613-970a-5b027ea7a645.pdf,https://d18rn0p25nwr6d.cloudfront.net/CIK-0000004962/acf7e3c6-b628-4bae-8b9c-8e8db6d8c0f5.xls
"May 07, 2024",Form 3,Initial Statement of Beneficial Ownership,https://ir.americanexpress.com/financials/earnings-and-sec-filings/sec-filings-details/default.aspx?FilingId=17518966,https://d18rn0p25nwr6d.cloudfront.net/CIK-0000004962/a5e70ca3-a8cc-4acd-be6e-700815f2253e.pdf,https://d18rn0p25nwr6d.cloudfront.net/CIK-0000004962/99d5b861-0c56-4312-8f09-893eb06cd1e3.xls
"May 07, 2024",Form 4,Statement of Changes in Beneficial Ownership,https://ir.americanexpress.com/financials/earnings-and-sec-filings/sec-filings-details/default.aspx?FilingId=17517380,https://d18rn0p25nwr6d.cloudfront.net/CIK-0000004962/085ca336-ac29-4e18-98e7-569228b8ef7c.pdf,https://d18rn0p25nwr6d.cloudfront.net/CIK-0000004962/b6fe46a4-60f8-4bc8-96a0-ea006d1419bf.xls
"May 06, 2024",Form 4,Statement of Changes in Beneficial Ownership,https://ir.americanexpress.com/financials/earnings-and-sec-filings/sec-filings-details/default.aspx?FilingId=17514626,https://d18rn0p25nwr6d.cloudfront.net/CIK-0000004962/648dbb13-304a-44c3-9706-b5f94a984756.pdf,https://d18rn0p25nwr6d.cloudfront.net/CIK-0000004962/daa2af74-3c94-428d-b6e5-ea19d00f8218.xls
"May 02, 2024",Form 4,Statement of Changes in Beneficial Ownership,https://ir.americanexpress.com/financials/earnings-and-sec-filings/sec-filings-details/default.aspx?FilingId=17505292,https://d18rn0p25nwr6d.cloudfront.net/CIK-0000004962/324d17dd-3710-43a6-8730-e707fdf7f2e2.pdf,https://d18rn0p25nwr6d.cloudfront.net/CIK-0000004962/66a38574-7bcb-401e-81b9-e38c28f9e0a9.xls
"May 02, 2024",Form 4,Statement of Changes in Beneficial Ownership,https://ir.americanexpress.com/financials/earnings-and-sec-filings/sec-filings-details/default.aspx?FilingId=17505261,https://d18rn0p25nwr6d.cloudfront.net/CIK-0000004962/9b131ea9-3c9d-44a2-8cd4-eb6c3308ee1f.pdf,https://d18rn0p25nwr6d.cloudfront.net/CIK-0000004962/18fd5c8f-4521-4abd-a447-8b20402cacb7.xls
"May 02, 2024",Form 4,Statement of Changes in Beneficial Ownership,https://ir.americanexpress.com/financials/earnings-and-sec-filings/sec-filings-details/default.aspx?FilingId=17505179,https://d18rn0p25nwr6d.cloudfront.net/CIK-0000004962/e8cd240b-1fc9-4eee-8d6f-7136298182a1.pdf,https://d18rn0p25nwr6d.cloudfront.net/CIK-0000004962/436f545e-19ad-4175-86a8-485d3c4d5c6f.xls
"May 02, 2024",Form 4,Statement of Changes in Beneficial Ownership,https://ir.americanexpress.com/financials/earnings-and-sec-filings/sec-filings-details/default.aspx?FilingId=17504810,https://d18rn0p25nwr6d.cloudfront.net/CIK-0000004962/56f145a4-7790-4d52-b463-e78c712cfbef.pdf,https://d18rn0p25nwr6d.cloudfront.net/CIK-0000004962/3cafdcf7-36da-466f-a02b-475715dfdf54.xls
"May 02, 2024",Form 4,Statement of Changes in Beneficial Ownership,https://ir.americanexpress.com/financials/earnings-and-sec-filings/sec-filings-details/default.aspx?FilingId=17504707,https://d18rn0p25nwr6d.cloudfront.net/CIK-0000004962/15e7c1fb-a5e6-4af7-a479-2f0fde25c4b1.pdf,https://d18rn0p25nwr6d.cloudfront.net/CIK-0000004962/cb27ff2e-5c3b-4a68-8a86-b855c554d425.xls
"May 02, 2024",Form 4,Statement of Changes in Beneficial Ownership,https://ir.americanexpress.com/financials/earnings-and-sec-filings/sec-filings-details/default.aspx?FilingId=17504599,https://d18rn0p25nwr6d.cloudfront.net/CIK-0000004962/9996d429-fa0e-42a6-9b44-8320585a5fc3.pdf,https://d18rn0p25nwr6d.cloudfront.net/CIK-0000004962/68ae5145-6fa9-4472-ac88-32940cc5ec61.xls
"Apr 25, 2024",Form 4,Statement of Changes in Beneficial Ownership,https://ir.americanexpress.com/financials/earnings-and-sec-filings/sec-filings-details/default.aspx?FilingId=17475553,https://d18rn0p25nwr6d.cloudfront.net/CIK-0000004962/704ca75b-711c-4518-997c-c247aad39299.pdf,https://d18rn0p25nwr6d.cloudfront.net/CIK-0000004962/0b06abfc-d465-49d3-8e8f-b2823500487d.xls
"Apr 02, 2024",Form 4,Statement of Changes in Beneficial Ownership,https://ir.americanexpress.com/financials/earnings-and-sec-filings/sec-filings-details/default.aspx?FilingId=17422569,https://d18rn0p25nwr6d.cloudfront.net/CIK-0000004962/03811788-3822-49bb-be14-66d52108d880.pdf,https://d18rn0p25nwr6d.cloudfront.net/CIK-0000004962/66b2482f-f594-43f3-9fe4-86b98a86cbab.xls
"Apr 02, 2024",Form 4,Statement of Changes in Beneficial Ownership,https://ir.americanexpress.com/financials/earnings-and-sec-filings/sec-filings-details/default.aspx?FilingId=17422623,https://d18rn0p25nwr6d.cloudfront.net/CIK-0000004962/bfcd5fee-1919-4733-8e20-d15fa4cd5fa9.pdf,https://d18rn0p25nwr6d.cloudfront.net/CIK-0000004962/e73868fa-3441-4b52-be7c-37db763d1d8b.xls
"Apr 02, 2024",Form 4,Statement of Changes in Beneficial Ownership,https://ir.americanexpress.com/financials/earnings-and-sec-filings/sec-filings-details/default.aspx?FilingId=17422517,https://d18rn0p25nwr6d.cloudfront.net/CIK-0000004962/a52bbd78-bf86-47b3-932d-8e18619a2734.pdf,https://d18rn0p25nwr6d.cloudfront.net/CIK-0000004962/bbf7f04f-6ad3-4086-9c5b-79bf0c5d4781.xls
"Apr 02, 2024",Form 4,Statement of Changes in Beneficial Ownership,https://ir.americanexpress.com/financials/earnings-and-sec-filings/sec-filings-details/default.aspx?FilingId=17422557,https://d18rn0p25nwr6d.cloudfront.net/CIK-0000004962/4c9b0c8c-0a2d-470c-96cf-f92161254643.pdf,https://d18rn0p25nwr6d.cloudfront.net/CIK-0000004962/466734a9-2263-4f5b-9932-0c2d0b7660c1.xls
"Apr 02, 2024",Form 4,Statement of Changes in Beneficial Ownership,https://ir.americanexpress.com/financials/earnings-and-sec-filings/sec-filings-details/default.aspx?FilingId=17422395,https://d18rn0p25nwr6d.cloudfront.net/CIK-0000004962/d796388d-d864-4e6e-91da-54e4e82cf2cc.pdf,https://d18rn0p25nwr6d.cloudfront.net/CIK-0000004962/c81a2324-f584-4e4b-8572-942182b4ed5c.xls
"Apr 02, 2024",Form 4,Statement of Changes in Beneficial Ownership,https://ir.americanexpress.com/financials/earnings-and-sec-filings/sec-filings-details/default.aspx?FilingId=17422417,https://d18rn0p25nwr6d.cloudfront.net/CIK-0000004962/92085998-3f3a-492b-bc4a-c72cb9eeab5f.pdf,https://d18rn0p25nwr6d.cloudfront.net/CIK-0000004962/7bdf8f7a-8906-4e2f-9d9c-078826ccb9ea.xls
"Apr 02, 2024",Form 4,Statement of Changes in Beneficial Ownership,https://ir.americanexpress.com/financials/earnings-and-sec-filings/sec-filings-details/default.aspx?FilingId=17422314,https://d18rn0p25nwr6d.cloudfront.net/CIK-0000004962/00ef4f15-426d-432c-a078-d30933a3c7e1.pdf,https://d18rn0p25nwr6d.cloudfront.net/CIK-0000004962/15ff8d21-383b-4e8b-a6c7-bfff47599816.xls
"Apr 02, 2024",Form 4,Statement of Changes in Beneficial Ownership,https://ir.americanexpress.com/financials/earnings-and-sec-filings/sec-filings-details/default.aspx?FilingId=17422350,https://d18rn0p25nwr6d.cloudfront.net/CIK-0000004962/2f03b866-1862-4773-83cd-876f462585c5.pdf,https://d18rn0p25nwr6d.cloudfront.net/CIK-0000004962/c2eb0315-4d7e-4a92-8c6f-de25fdd3ebbb.xls
"Mar 11, 2024",Form 4,Statement of Changes in Beneficial Ownership,https://ir.americanexpress.com/financials/earnings-and-sec-filings/sec-filings-details/default.aspx?FilingId=17359133,https://d18rn0p25nwr6d.cloudfront.net/CIK-0000004962/09f407d0-61bd-44ba-9583-79788fb9ab37.pdf,https://d18rn0p25nwr6d.cloudfront.net/CIK-0000004962/61cd7135-907c-44a1-9e02-cdaad98155a1.xls
"Mar 04, 2024",Form 4,Statement of Changes in Beneficial Ownership,https://ir.americanexpress.com/financials/earnings-and-sec-filings/sec-filings-details/default.aspx?FilingId=17336753,https://d18rn0p25nwr6d.cloudfront.net/CIK-0000004962/bb76f487-b263-42d3-8ba0-99825f3e124c.pdf,https://d18rn0p25nwr6d.cloudfront.net/CIK-0000004962/8f94d2a9-251f-4ff5-85a1-c5a36b8547da.xls
"Feb 22, 2024",Form 4,Statement of Changes in Beneficial Ownership,https://ir.americanexpress.com/financials/earnings-and-sec-filings/sec-filings-details/default.aspx?FilingId=17297141,https://d18rn0p25nwr6d.cloudfront.net/CIK-0000004962/1e21c138-910c-48ed-bb3c-f92be376f5af.pdf,https://d18rn0p25nwr6d.cloudfront.net/CIK-0000004962/f5c94bb6-e35b-441b-9294-ac18c11e9d56.xls
"Feb 14, 2024",Form 4,Statement of Changes in Beneficial Ownership,https://ir.americanexpress.com/financials/earnings-and-sec-filings/sec-filings-details/default.aspx?FilingId=17276489,https://d18rn0p25nwr6d.cloudfront.net/CIK-0000004962/c0e30377-7582-4de0-a963-ad72978cff8f.pdf,https://d18rn0p25nwr6d.cloudfront.net/CIK-0000004962/dae60065-0369-46ca-86cd-1def1e206486.xls
"Feb 14, 2024",Form 4,Statement of Changes in Beneficial Ownership,https://ir.americanexpress.com/financials/earnings-and-sec-filings/sec-filings-details/default.aspx?FilingId=17276569,https://d18rn0p25nwr6d.cloudfront.net/CIK-0000004962/3f79c061-3d49-42f2-aec6-6593e2c713fd.pdf,https://d18rn0p25nwr6d.cloudfront.net/CIK-0000004962/4b11e81c-a1cc-4828-9fb6-eead41f3e64f.xls
"Feb 14, 2024",Form 4,Statement of Changes in Beneficial Ownership,https://ir.americanexpress.com/financials/earnings-and-sec-filings/sec-filings-details/default.aspx?FilingId=17276415,https://d18rn0p25nwr6d.cloudfront.net/CIK-0000004962/41ee896b-67c4-4ebc-97d5-2be6f58b3db1.pdf,https://d18rn0p25nwr6d.cloudfront.net/CIK-0000004962/25ef1098-a95c-4c34-a3cf-38085e208088.xls
"Feb 12, 2024",Form 4,Statement of Changes in Beneficial Ownership,https://ir.americanexpress.com/financials/earnings-and-sec-filings/sec-filings-details/default.aspx?FilingId=17258538,https://d18rn0p25nwr6d.cloudfront.net/CIK-0000004962/66d8342d-cade-447b-82c8-38a0fb4e4b35.pdf,https://d18rn0p25nwr6d.cloudfront.net/CIK-0000004962/009de63e-ceaf-4b0e-a690-53320705c72e.xls
"Feb 08, 2024",Form 3,Initial Statement of Beneficial Ownership,https://ir.americanexpress.com/financials/earnings-and-sec-filings/sec-filings-details/default.aspx?FilingId=17248104,https://d18rn0p25nwr6d.cloudfront.net/CIK-0000004962/ef49d5ca-71ad-4ee6-8475-840530184dc0.pdf,https://d18rn0p25nwr6d.cloudfront.net/CIK-0000004962/dce18269-220b-4920-8080-e8a7ba88c5be.xls
"Feb 05, 2024",Form 4,Statement of Changes in Beneficial Ownership,https://ir.americanexpress.com/financials/earnings-and-sec-filings/sec-filings-details/default.aspx?FilingId=17235679,https://d18rn0p25nwr6d.cloudfront.net/CIK-0000004962/b440ff68-00e3-4403-b4b8-d426072863c7.pdf,https://d18rn0p25nwr6d.cloudfront.net/CIK-0000004962/4c664906-5fe0-4aaa-8122-b070f82caa86.xls
"Jan 31, 2024",Form 4,Statement of Changes in Beneficial Ownership,https://ir.americanexpress.com/financials/earnings-and-sec-filings/sec-filings-details/default.aspx?FilingId=17225456,https://d18rn0p25nwr6d.cloudfront.net/CIK-0000004962/e572e5ad-6367-43a2-a22c-e425a5dbc968.pdf,https://d18rn0p25nwr6d.cloudfront.net/CIK-0000004962/f39b45c3-d46c-4dbf-b881-b8919a323458.xls
"Jan 31, 2024",Form 4,Statement of Changes in Beneficial Ownership,https://ir.americanexpress.com/financials/earnings-and-sec-filings/sec-filings-details/default.aspx?FilingId=17225398,https://d18rn0p25nwr6d.cloudfront.net/CIK-0000004962/2aa98652-ed97-4d52-996e-7fbedcb586d1.pdf,https://d18rn0p25nwr6d.cloudfront.net/CIK-0000004962/c8ad213f-8fa5-4ad2-8c7d-04b03c6839e3.xls
"Jan 31, 2024",Form 4,Statement of Changes in Beneficial Ownership,https://ir.americanexpress.com/financials/earnings-and-sec-filings/sec-filings-details/default.aspx?FilingId=17225391,https://d18rn0p25nwr6d.cloudfront.net/CIK-0000004962/234f8495-7d17-484e-9305-a614551f2fbd.pdf,https://d18rn0p25nwr6d.cloudfront.net/CIK-0000004962/1d21957d-9b39-40ef-800b-47b0f1e89dfa.xls
"Jan 31, 2024",Form 4,Statement of Changes in Beneficial Ownership,https://ir.americanexpress.com/financials/earnings-and-sec-filings/sec-filings-details/default.aspx?FilingId=17225387,https://d18rn0p25nwr6d.cloudfront.net/CIK-0000004962/b11a4571-eeeb-4fbc-a71e-19de2598e63a.pdf,https://d18rn0p25nwr6d.cloudfront.net/CIK-0000004962/9924485e-453f-46b9-87c5-9608242dafe0.xls
"Jan 31, 2024",Form 4,Statement of Changes in Beneficial Ownership,https://ir.americanexpress.com/financials/earnings-and-sec-filings/sec-filings-details/default.aspx?FilingId=17225381,https://d18rn0p25nwr6d.cloudfront.net/CIK-0000004962/eb019b18-affb-4e9a-91a5-4dd9618971fc.pdf,https://d18rn0p25nwr6d.cloudfront.net/CIK-0000004962/d1cc4f03-4735-4cee-bf53-6bb445695721.xls
"Jan 31, 2024",Form 4,Statement of Changes in Beneficial Ownership,https://ir.americanexpress.com/financials/earnings-and-sec-filings/sec-filings-details/default.aspx?FilingId=17225378,https://d18rn0p25nwr6d.cloudfront.net/CIK-0000004962/cc5eb062-3b1d-4cb9-8e83-abb034bd649f.pdf,https://d18rn0p25nwr6d.cloudfront.net/CIK-0000004962/d5f05257-c6ad-47b9-8b47-cd029728600d.xls
"Jan 31, 2024",Form 4,Statement of Changes in Beneficial Ownership,https://ir.americanexpress.com/financials/earnings-and-sec-filings/sec-filings-details/default.aspx?FilingId=17225376,https://d18rn0p25nwr6d.cloudfront.net/CIK-0000004962/cd144aed-d39b-4990-9c52-15656c61ae3f.pdf,https://d18rn0p25nwr6d.cloudfront.net/CIK-0000004962/b0f1636c-e4cf-4c6f-b89e-c4be0079e091.xls
"Jan 31, 2024",Form 4,Statement of Changes in Beneficial Ownership,https://ir.americanexpress.com/financials/earnings-and-sec-filings/sec-filings-details/default.aspx?FilingId=17225373,https://d18rn0p25nwr6d.cloudfront.net/CIK-0000004962/df23e008-6050-47a6-87cb-d908169b23e5.pdf,https://d18rn0p25nwr6d.cloudfront.net/CIK-0000004962/d68ff2ba-435f-4f66-82a2-86c419b30e38.xls
"Jan 31, 2024",Form 4,Statement of Changes in Beneficial Ownership,https://ir.americanexpress.com/financials/earnings-and-sec-filings/sec-filings-details/default.aspx?FilingId=17225162,https://d18rn0p25nwr6d.cloudfront.net/CIK-0000004962/ebda577e-f7dd-4f30-8f85-47ea04af6ac1.pdf,https://d18rn0p25nwr6d.cloudfront.net/CIK-0000004962/123b6456-703d-43f1-8b87-5812a93471f0.xls
"Jan 31, 2024",Form 4,Statement of Changes in Beneficial Ownership,https://ir.americanexpress.com/financials/earnings-and-sec-filings/sec-filings-details/default.aspx?FilingId=17225094,https://d18rn0p25nwr6d.cloudfront.net/CIK-0000004962/0b8d56e4-8769-432d-8a08-c3df64f3bc4b.pdf,https://d18rn0p25nwr6d.cloudfront.net/CIK-0000004962/348020dc-fc23-4318-92ff-57f48ef17472.xls
"Jan 31, 2024",Form 4,Statement of Changes in Beneficial Ownership,https://ir.americanexpress.com/financials/earnings-and-sec-filings/sec-filings-details/default.aspx?FilingId=17225119,https://d18rn0p25nwr6d.cloudfront.net/CIK-0000004962/ec3883ac-7e07-46f1-b68b-43b3907306a8.pdf,https://d18rn0p25nwr6d.cloudfront.net/CIK-0000004962/3127d42f-9874-4467-a142-0513bd5240d9.xls
"Jan 31, 2024",Form 4,Statement of Changes in Beneficial Ownership,https://ir.americanexpress.com/financials/earnings-and-sec-filings/sec-filings-details/default.aspx?FilingId=17225071,https://d18rn0p25nwr6d.cloudfront.net/CIK-0000004962/b57e7d6c-76f4-408c-98d1-c944922c6e8b.pdf,https://d18rn0p25nwr6d.cloudfront.net/CIK-0000004962/4c9c020d-79f1-4829-83ad-8d4385fc1623.xls
"Jan 31, 2024",Form 4,Statement of Changes in Beneficial Ownership,https://ir.americanexpress.com/financials/earnings-and-sec-filings/sec-filings-details/default.aspx?FilingId=17224048,https://d18rn0p25nwr6d.cloudfront.net/CIK-0000004962/f5ba8788-92a9-4573-9d37-13697b846564.pdf,https://d18rn0p25nwr6d.cloudfront.net/CIK-0000004962/a7edf071-0fcb-4ee5-a4b3-a611b2b23526.xls
"Jan 31, 2024",Form 4,Statement of Changes in Beneficial Ownership,https://ir.americanexpress.com/financials/earnings-and-sec-filings/sec-filings-details/default.aspx?FilingId=17224099,https://d18rn0p25nwr6d.cloudfront.net/CIK-0000004962/e98d6d25-2354-4d2a-b4cf-6fb9d248fc7b.pdf,https://d18rn0p25nwr6d.cloudfront.net/CIK-0000004962/7a09a400-d101-433c-bdb2-dc7977cf23aa.xls
"Jan 31, 2024",Form 4,Statement of Changes in Beneficial Ownership,https://ir.americanexpress.com/financials/earnings-and-sec-filings/sec-filings-details/default.aspx?FilingId=17224036,https://d18rn0p25nwr6d.cloudfront.net/CIK-0000004962/3b738131-ff6f-48ba-93bb-f6eba29f79e6.pdf,https://d18rn0p25nwr6d.cloudfront.net/CIK-0000004962/999e6a3c-5fd7-4bbb-b6bd-a7bbdcf78545.xls
"Jan 31, 2024",Form 4,Statement of Changes in Beneficial Ownership,https://ir.americanexpress.com/financials/earnings-and-sec-filings/sec-filings-details/default.aspx?FilingId=17224011,https://d18rn0p25nwr6d.cloudfront.net/CIK-0000004962/64e09dbb-7537-430b-9789-40cf9bac1369.pdf,https://d18rn0p25nwr6d.cloudfront.net/CIK-0000004962/c3f1d4a1-03c8-497d-a072-f47ebdb9b9ef.xls
"Jan 30, 2024",Form 4,Statement of Changes in Beneficial Ownership,https://ir.americanexpress.com/financials/earnings-and-sec-filings/sec-filings-details/default.aspx?FilingId=17221459,https://d18rn0p25nwr6d.cloudfront.net/CIK-0000004962/998fe514-637e-4c72-b48b-1d311377785b.pdf,https://d18rn0p25nwr6d.cloudfront.net/CIK-0000004962/6138b142-6abd-4932-8675-b80c1fe63354.xls
"Jan 03, 2024",Form 4,Statement of Changes in Beneficial Ownership,https://ir.americanexpress.com/financials/earnings-and-sec-filings/sec-filings-details/default.aspx?FilingId=17160872,https://d18rn0p25nwr6d.cloudfront.net/CIK-0000004962/35e87d28-71d9-4ad2-b5e7-977bc3700e2a.pdf,https://d18rn0p25nwr6d.cloudfront.net/CIK-0000004962/3dad5ecf-4cbc-425b-b158-29f44cf68aed.xls
"Jan 03, 2024",Form 4,Statement of Changes in Beneficial Ownership,https://ir.americanexpress.com/financials/earnings-and-sec-filings/sec-filings-details/default.aspx?FilingId=17160904,https://d18rn0p25nwr6d.cloudfront.net/CIK-0000004962/71923a2d-680b-406e-a7d0-cc93d14c232f.pdf,https://d18rn0p25nwr6d.cloudfront.net/CIK-0000004962/e1869848-f0cd-48b1-bdc2-a4865e4622e5.xls
"Jan 03, 2024",Form 4,Statement of Changes in Beneficial Ownership,https://ir.americanexpress.com/financials/earnings-and-sec-filings/sec-filings-details/default.aspx?FilingId=17160782,https://d18rn0p25nwr6d.cloudfront.net/CIK-0000004962/38955cf2-604c-4908-b11e-c69b925ad340.pdf,https://d18rn0p25nwr6d.cloudfront.net/CIK-0000004962/8ac52d03-178e-42e8-ac44-42ea62c3f3e7.xls
"Jan 03, 2024",Form 4,Statement of Changes in Beneficial Ownership,https://ir.americanexpress.com/financials/earnings-and-sec-filings/sec-filings-details/default.aspx?FilingId=17160831,https://d18rn0p25nwr6d.cloudfront.net/CIK-0000004962/0bd1dc63-2b70-4d75-bd9c-573a20d45c19.pdf,https://d18rn0p25nwr6d.cloudfront.net/CIK-0000004962/13681793-7b64-40b4-8707-987251f27b3e.xls
"Jan 03, 2024",Form 4,Statement of Changes in Beneficial Ownership,https://ir.americanexpress.com/financials/earnings-and-sec-filings/sec-filings-details/default.aspx?FilingId=17160666,https://d18rn0p25nwr6d.cloudfront.net/CIK-0000004962/0462446e-d582-47c0-9498-f68fca184ec4.pdf,https://d18rn0p25nwr6d.cloudfront.net/CIK-0000004962/3f65bea7-5be9-4e7f-a78c-fcec9e40e059.xls
"Jan 03, 2024",Form 4,Statement of Changes in Beneficial Ownership,https://ir.americanexpress.com/financials/earnings-and-sec-filings/sec-filings-details/default.aspx?FilingId=17160723,https://d18rn0p25nwr6d.cloudfront.net/CIK-0000004962/f4a30230-6525-4347-bf85-f77c928011a0.pdf,https://d18rn0p25nwr6d.cloudfront.net/CIK-0000004962/bbf00702-6ebb-4020-bdc9-2503f544da8c.xls
"Jan 03, 2024",Form 4,Statement of Changes in Beneficial Ownership,https://ir.americanexpress.com/financials/earnings-and-sec-filings/sec-filings-details/default.aspx?FilingId=17160570,https://d18rn0p25nwr6d.cloudfront.net/CIK-0000004962/e1f99628-a087-497d-a440-8ce77ad1289c.pdf,https://d18rn0p25nwr6d.cloudfront.net/CIK-0000004962/6f53fe3c-e781-427b-8260-30e6148cda4a.xls
"Jan 03, 2024",Form 4,Statement of Changes in Beneficial Ownership,https://ir.americanexpress.com/financials/earnings-and-sec-filings/sec-filings-details/default.aspx?FilingId=17160620,https://d18rn0p25nwr6d.cloudfront.net/CIK-0000004962/f41a9a04-71f3-4eed-ab75-de7d25aa48fe.pdf,https://d18rn0p25nwr6d.cloudfront.net/CIK-0000004962/90d4c932-dbb3-4c86-b5f5-d8a9db62552a.xls
"Nov 30, 2023",Form 4,Statement of Changes in Beneficial Ownership,https://ir.americanexpress.com/financials/earnings-and-sec-filings/sec-filings-details/default.aspx?FilingId=17092974,https://d18rn0p25nwr6d.cloudfront.net/CIK-0000004962/99a65149-b049-4970-abbf-4fbb10162691.pdf,https://d18rn0p25nwr6d.cloudfront.net/CIK-0000004962/e372a9aa-9f3a-4017-aae9-d59cf1323aec.xls
"Nov 17, 2023",Form 4,Statement of Changes in Beneficial Ownership,https://ir.americanexpress.com/financials/earnings-and-sec-filings/sec-filings-details/default.aspx?FilingId=17067930,https://d18rn0p25nwr6d.cloudfront.net/CIK-0000004962/4b6bf9c4-a539-410c-8353-718f9803d465.pdf,https://d18rn0p25nwr6d.cloudfront.net/CIK-0000004962/985a9370-78d9-427f-9783-a32076e42288.xls
"Oct 25, 2023",Form 4,Statement of Changes in Beneficial Ownership,https://ir.americanexpress.com/financials/earnings-and-sec-filings/sec-filings-details/default.aspx?FilingId=17004964,https://d18rn0p25nwr6d.cloudfront.net/CIK-0000004962/504a27f8-5d34-4f80-b38d-ba5083b20e76.pdf,https://d18rn0p25nwr6d.cloudfront.net/CIK-0000004962/e9857387-2dc8-4462-9b26-71b87f2df882.xls
"Oct 03, 2023",Form 4,Statement of Changes in Beneficial Ownership,https://ir.americanexpress.com/financials/earnings-and-sec-filings/sec-filings-details/default.aspx?FilingId=16969454,https://d18rn0p25nwr6d.cloudfront.net/CIK-0000004962/281c3143-44bd-4030-a675-1e2fec5e292e.pdf,https://d18rn0p25nwr6d.cloudfront.net/CIK-0000004962/9b3463ac-aa5c-44c0-817c-6610735bb1a8.xls
"Oct 03, 2023",Form 4,Statement of Changes in Beneficial Ownership,https://ir.americanexpress.com/financials/earnings-and-sec-filings/sec-filings-details/default.aspx?FilingId=16969282,https://d18rn0p25nwr6d.cloudfront.net/CIK-0000004962/808a546b-4d70-4ca4-9b32-8478a8dbd419.pdf,https://d18rn0p25nwr6d.cloudfront.net/CIK-0000004962/dd087b63-2c92-4f9c-a45d-13f29978d0c3.xls
"Oct 03, 2023",Form 4,Statement of Changes in Beneficial Ownership,https://ir.americanexpress.com/financials/earnings-and-sec-filings/sec-filings-details/default.aspx?FilingId=16969168,https://d18rn0p25nwr6d.cloudfront.net/CIK-0000004962/bf836a19-7900-401f-ac20-b8fd5f381ddc.pdf,https://d18rn0p25nwr6d.cloudfront.net/CIK-0000004962/50f1931d-bbc7-4d1c-83a8-5307f6d0dba1.xls
"Oct 03, 2023",Form 4,Statement of Changes in Beneficial Ownership,https://ir.americanexpress.com/financials/earnings-and-sec-filings/sec-filings-details/default.aspx?FilingId=16969235,https://d18rn0p25nwr6d.cloudfront.net/CIK-0000004962/af24a5f3-146f-4cd8-93ba-bcf0fe8f9671.pdf,https://d18rn0p25nwr6d.cloudfront.net/CIK-0000004962/016197df-cf09-419b-a234-daa1ecb0aec0.xls
"Oct 03, 2023",Form 4,Statement of Changes in Beneficial Ownership,https://ir.americanexpress.com/financials/earnings-and-sec-filings/sec-filings-details/default.aspx?FilingId=16969039,https://d18rn0p25nwr6d.cloudfront.net/CIK-0000004962/a0d4cc7f-a711-4c44-9179-824793856f49.pdf,https://d18rn0p25nwr6d.cloudfront.net/CIK-0000004962/b7b5775f-8a1a-4624-8971-875fcea38242.xls
"Oct 03, 2023",Form 4,Statement of Changes in Beneficial Ownership,https://ir.americanexpress.com/financials/earnings-and-sec-filings/sec-filings-details/default.aspx?FilingId=16969100,https://d18rn0p25nwr6d.cloudfront.net/CIK-0000004962/461c1d5f-38d7-4536-ab05-2ed892923a21.pdf,https://d18rn0p25nwr6d.cloudfront.net/CIK-0000004962/ab77ab3c-b891-44d4-ba36-7c507237d6f0.xls
"Oct 03, 2023",Form 4,Statement of Changes in Beneficial Ownership,https://ir.americanexpress.com/financials/earnings-and-sec-filings/sec-filings-details/default.aspx?FilingId=16968952,https://d18rn0p25nwr6d.cloudfront.net/CIK-0000004962/b420d288-4f46-4927-959d-0799fea7958c.pdf,https://d18rn0p25nwr6d.cloudfront.net/CIK-0000004962/aba92d07-367b-447b-9aef-c626dc869d45.xls
"Oct 03, 2023",Form 4,Statement of Changes in Beneficial Ownership,https://ir.americanexpress.com/financials/earnings-and-sec-filings/sec-filings-details/default.aspx?FilingId=16968837,https://d18rn0p25nwr6d.cloudfront.net/CIK-0000004962/a4c1b735-5d21-49f0-98a3-14964f7ee2ea.pdf,https://d18rn0p25nwr6d.cloudfront.net/CIK-0000004962/6025b0b1-8d53-434c-a1d3-034f64740d68.xls
"Aug 18, 2023",Form 3,Initial Statement of Beneficial Ownership,https://ir.americanexpress.com/financials/earnings-and-sec-filings/sec-filings-details/default.aspx?FilingId=16875811,https://d18rn0p25nwr6d.cloudfront.net/CIK-0000004962/325b0bc2-901d-4117-8c6d-e0240eeceb6c.pdf,https://d18rn0p25nwr6d.cloudfront.net/CIK-0000004962/6f0d1629-0312-4605-a48a-f564f8798a31.xls
"Aug 01, 2023",Form 4,Statement of Changes in Beneficial Ownership,https://ir.americanexpress.com/financials/earnings-and-sec-filings/sec-filings-details/default.aspx?FilingId=16827085,https://d18rn0p25nwr6d.cloudfront.net/CIK-0000004962/5082f324-70b4-4e23-988b-dff9e79e77ad.pdf,https://d18rn0p25nwr6d.cloudfront.net/CIK-0000004962/b3551739-f49d-478d-8b95-ee07cea00aba.xls
"Aug 01, 2023",Form 4,Statement of Changes in Beneficial Ownership,https://ir.americanexpress.com/financials/earnings-and-sec-filings/sec-filings-details/default.aspx?FilingId=16826923,https://d18rn0p25nwr6d.cloudfront.net/CIK-0000004962/2ed37318-2cbe-42f3-a789-06196f98b009.pdf,https://d18rn0p25nwr6d.cloudfront.net/CIK-0000004962/050143cd-6aeb-4fe6-a70a-ab69ea8690a9.xls
"Jul 11, 2023",Form 4,Statement of Changes in Beneficial Ownership,https://ir.americanexpress.com/financials/earnings-and-sec-filings/sec-filings-details/default.aspx?FilingId=16785758,https://d18rn0p25nwr6d.cloudfront.net/CIK-0000004962/983aa965-f971-45d1-8120-46f4930a6fd0.pdf,https://d18rn0p25nwr6d.cloudfront.net/CIK-0000004962/51ea4a9e-1c8b-4260-a034-ad3a5aae4fcd.xls
"Jul 05, 2023",Form 4,Statement of Changes in Beneficial Ownership,https://ir.americanexpress.com/financials/earnings-and-sec-filings/sec-filings-details/default.aspx?FilingId=16773649,https://d18rn0p25nwr6d.cloudfront.net/CIK-0000004962/5d397db2-ddb3-4648-8ae8-0b17202f88d3.pdf,https://d18rn0p25nwr6d.cloudfront.net/CIK-0000004962/b183493a-9710-4d9a-8fdf-cc5304dc93e9.xls
"Jul 05, 2023",Form 4,Statement of Changes in Beneficial Ownership,https://ir.americanexpress.com/financials/earnings-and-sec-filings/sec-filings-details/default.aspx?FilingId=16773670,https://d18rn0p25nwr6d.cloudfront.net/CIK-0000004962/4b8e9afc-a1fe-4dfb-b074-30d6e5c8ed3f.pdf,https://d18rn0p25nwr6d.cloudfront.net/CIK-0000004962/ea70d77c-8b65-4e5a-bfcd-8c73213a4bfe.xls
"Jul 05, 2023",Form 4,Statement of Changes in Beneficial Ownership,https://ir.americanexpress.com/financials/earnings-and-sec-filings/sec-filings-details/default.aspx?FilingId=16773546,https://d18rn0p25nwr6d.cloudfront.net/CIK-0000004962/6425bf2c-79a9-4278-a3fb-6333cd457250.pdf,https://d18rn0p25nwr6d.cloudfront.net/CIK-0000004962/07358577-617f-4a27-852e-de16e6fd0cff.xls
"Jul 05, 2023",Form 4,Statement of Changes in Beneficial Ownership,https://ir.americanexpress.com/financials/earnings-and-sec-filings/sec-filings-details/default.aspx?FilingId=16773566,https://d18rn0p25nwr6d.cloudfront.net/CIK-0000004962/2c84e260-9001-4cab-99b4-d50d2e06e016.pdf,https://d18rn0p25nwr6d.cloudfront.net/CIK-0000004962/e2c63710-3e9c-4ab3-affc-58ea68104515.xls
"Jul 05, 2023",Form 4,Statement of Changes in Beneficial Ownership,https://ir.americanexpress.com/financials/earnings-and-sec-filings/sec-filings-details/default.aspx?FilingId=16773613,https://d18rn0p25nwr6d.cloudfront.net/CIK-0000004962/c7db4eb2-b9fa-4a76-bf60-0cbac063c583.pdf,https://d18rn0p25nwr6d.cloudfront.net/CIK-0000004962/d3010255-6064-42d4-8ec4-abefa866493a.xls
"Jul 05, 2023",Form 4,Statement of Changes in Beneficial Ownership,https://ir.americanexpress.com/financials/earnings-and-sec-filings/sec-filings-details/default.aspx?FilingId=16773513,https://d18rn0p25nwr6d.cloudfront.net/CIK-0000004962/ca03d9bc-0302-4e36-a1aa-7d08d61c3c8c.pdf,https://d18rn0p25nwr6d.cloudfront.net/CIK-0000004962/3118ddbd-7e4f-4d08-84ee-6094eae7e261.xls
"Jul 05, 2023",Form 4,Statement of Changes in Beneficial Ownership,https://ir.americanexpress.com/financials/earnings-and-sec-filings/sec-filings-details/default.aspx?FilingId=16773522,https://d18rn0p25nwr6d.cloudfront.net/CIK-0000004962/e1a2b18e-7fd9-4a78-af5c-04fd210c1779.pdf,https://d18rn0p25nwr6d.cloudfront.net/CIK-0000004962/eef4ef53-1774-4ae7-9e4e-997fba0d353c.xls
"Jul 05, 2023",Form 4,Statement of Changes in Beneficial Ownership,https://ir.americanexpress.com/financials/earnings-and-sec-filings/sec-filings-details/default.aspx?FilingId=16773496,https://d18rn0p25nwr6d.cloudfront.net/CIK-0000004962/1d45b3e2-1cc1-445b-bb09-50459dc7a71e.pdf,https://d18rn0p25nwr6d.cloudfront.net/CIK-0000004962/d90cf2d6-9b45-4ad1-8822-b524c9e8c7bf.xls
"May 22, 2023",Form 4,Statement of Changes in Beneficial Ownership,https://ir.americanexpress.com/financials/earnings-and-sec-filings/sec-filings-details/default.aspx?FilingId=16673263,https://d18rn0p25nwr6d.cloudfront.net/CIK-0000004962/ff264088-f8d7-4857-8068-cb1296222f7b.pdf,https://d18rn0p25nwr6d.cloudfront.net/CIK-0000004962/180037d0-7cea-48cd-945c-1789a3c39dea.xls
"May 04, 2023",Form 4,Statement of Changes in Beneficial Ownership,https://ir.americanexpress.com/financials/earnings-and-sec-filings/sec-filings-details/default.aspx?FilingId=16623911,https://d18rn0p25nwr6d.cloudfront.net/CIK-0000004962/54f5ef55-dcd6-4c2e-8e89-07e4e7b9fb1a.pdf,https://d18rn0p25nwr6d.cloudfront.net/CIK-0000004962/365153c5-e1ce-410d-8e7a-63cdb5e38856.xls
"May 04, 2023",Form 4,Statement of Changes in Beneficial Ownership,https://ir.americanexpress.com/financials/earnings-and-sec-filings/sec-filings-details/default.aspx?FilingId=16623804,https://d18rn0p25nwr6d.cloudfront.net/CIK-0000004962/e380b5d8-1c84-4fd4-bcd2-7150eb50e768.pdf,https://d18rn0p25nwr6d.cloudfront.net/CIK-0000004962/0e0a0df5-7c34-4f94-a0e9-cc0cfcc40400.xls
"May 04, 2023",Form 4,Statement of Changes in Beneficial Ownership,https://ir.americanexpress.com/financials/earnings-and-sec-filings/sec-filings-details/default.aspx?FilingId=16623829,https://d18rn0p25nwr6d.cloudfront.net/CIK-0000004962/13678c3d-a84c-4253-90a2-efea1f0cfdfa.pdf,https://d18rn0p25nwr6d.cloudfront.net/CIK-0000004962/7499bf51-1d93-4a3d-8622-7f3de99b5bd0.xls
"May 04, 2023",Form 4,Statement of Changes in Beneficial Ownership,https://ir.americanexpress.com/financials/earnings-and-sec-filings/sec-filings-details/default.aspx?FilingId=16623856,https://d18rn0p25nwr6d.cloudfront.net/CIK-0000004962/3454c755-e161-4f2a-b64f-8b34c0b2d770.pdf,https://d18rn0p25nwr6d.cloudfront.net/CIK-0000004962/34f2e1a9-6b14-46bc-9c57-e14031aaf283.xls
"May 04, 2023",Form 4,Statement of Changes in Beneficial Ownership,https://ir.americanexpress.com/financials/earnings-and-sec-filings/sec-filings-details/default.aspx?FilingId=16623882,https://d18rn0p25nwr6d.cloudfront.net/CIK-0000004962/8231a9fe-7ce0-4eb9-93e7-5cf27f04f050.pdf,https://d18rn0p25nwr6d.cloudfront.net/CIK-0000004962/8c726716-7d8f-4368-915d-2107c49cd3f3.xls
"May 04, 2023",Form 4,Statement of Changes in Beneficial Ownership,https://ir.americanexpress.com/financials/earnings-and-sec-filings/sec-filings-details/default.aspx?FilingId=16623799,https://d18rn0p25nwr6d.cloudfront.net/CIK-0000004962/6b1f7093-d382-4fa5-8fee-bfcf3402225a.pdf,https://d18rn0p25nwr6d.cloudfront.net/CIK-0000004962/e72c99e7-d78c-4c42-9f82-30a2b7d0aa6b.xls
"May 04, 2023",Form 4,Statement of Changes in Beneficial Ownership,https://ir.americanexpress.com/financials/earnings-and-sec-filings/sec-filings-details/default.aspx?FilingId=16623610,https://d18rn0p25nwr6d.cloudfront.net/CIK-0000004962/f94564ef-f968-4814-9534-f4d361d0f6a7.pdf,https://d18rn0p25nwr6d.cloudfront.net/CIK-0000004962/119053b8-7553-4a8f-9f6c-7d7eea3b02ca.xls
"May 04, 2023",Form 4,Statement of Changes in Beneficial Ownership,https://ir.americanexpress.com/financials/earnings-and-sec-filings/sec-filings-details/default.aspx?FilingId=16623632,https://d18rn0p25nwr6d.cloudfront.net/CIK-0000004962/f5d60020-e5a0-4ad7-a176-693a1476f77e.pdf,https://d18rn0p25nwr6d.cloudfront.net/CIK-0000004962/8bcbf7d2-829b-4dac-8ef3-aa4a4d4d24e9.xls
"May 04, 2023",Form 4,Statement of Changes in Beneficial Ownership,https://ir.americanexpress.com/financials/earnings-and-sec-filings/sec-filings-details/default.aspx?FilingId=16623552,https://d18rn0p25nwr6d.cloudfront.net/CIK-0000004962/1cf909f9-fd23-47c3-9884-4359603a91d3.pdf,https://d18rn0p25nwr6d.cloudfront.net/CIK-0000004962/719ee103-2568-4ab5-a1a1-f0c2d60536a7.xls
"May 04, 2023",Form 4,Statement of Changes in Beneficial Ownership,https://ir.americanexpress.com/financials/earnings-and-sec-filings/sec-filings-details/default.aspx?FilingId=16623423,https://d18rn0p25nwr6d.cloudfront.net/CIK-0000004962/99472c14-6f5e-4d2b-bec2-25ec551fefa5.pdf,https://d18rn0p25nwr6d.cloudfront.net/CIK-0000004962/bbe9d09e-b464-442e-872e-8399ae3f14b4.xls
"May 04, 2023",Form 4,Statement of Changes in Beneficial Ownership,https://ir.americanexpress.com/financials/earnings-and-sec-filings/sec-filings-details/default.aspx?FilingId=16623472,https://d18rn0p25nwr6d.cloudfront.net/CIK-0000004962/06e4e3dd-f5d2-425b-b10d-decba7030b8f.pdf,https://d18rn0p25nwr6d.cloudfront.net/CIK-0000004962/c5096123-61da-4e35-a2b1-c4b73b168dfb.xls
"May 04, 2023",Form 4,Statement of Changes in Beneficial Ownership,https://ir.americanexpress.com/financials/earnings-and-sec-filings/sec-filings-details/default.aspx?FilingId=16623294,https://d18rn0p25nwr6d.cloudfront.net/CIK-0000004962/0891bbba-8190-46d0-b65e-17e66b8e03d1.pdf,https://d18rn0p25nwr6d.cloudfront.net/CIK-0000004962/662e334e-5cf1-46ed-b906-7d7da2273ed1.xls
"May 04, 2023",Form 4,Statement of Changes in Beneficial Ownership,https://ir.americanexpress.com/financials/earnings-and-sec-filings/sec-filings-details/default.aspx?FilingId=16623350,https://d18rn0p25nwr6d.cloudfront.net/CIK-0000004962/c3a12342-a50b-49fb-9a81-9bbd0aab917c.pdf,https://d18rn0p25nwr6d.cloudfront.net/CIK-0000004962/3aff77a0-a55d-4aab-aca4-e8c19c64f76e.xls
"May 02, 2023",Form 4,Statement of Changes in Beneficial Ownership,https://ir.americanexpress.com/financials/earnings-and-sec-filings/sec-filings-details/default.aspx?FilingId=16614076,https://d18rn0p25nwr6d.cloudfront.net/CIK-0000004962/073af542-75e6-481e-8395-ef630970b702.pdf,https://d18rn0p25nwr6d.cloudfront.net/CIK-0000004962/91e8e9f5-91c2-4445-bfb9-1c48e48c0ff9.xls
"Apr 04, 2023",Form 4,Statement of Changes in Beneficial Ownership,https://ir.americanexpress.com/financials/earnings-and-sec-filings/sec-filings-details/default.aspx?FilingId=16543281,https://d18rn0p25nwr6d.cloudfront.net/CIK-0000004962/36b3e84c-29c4-4348-8755-a45cf96b33de.pdf,https://d18rn0p25nwr6d.cloudfront.net/CIK-0000004962/eeb586b1-a9e3-4e87-b692-86b892115ed7.xls
"Apr 04, 2023",Form 4,Statement of Changes in Beneficial Ownership,https://ir.americanexpress.com/financials/earnings-and-sec-filings/sec-filings-details/default.aspx?FilingId=16543148,https://d18rn0p25nwr6d.cloudfront.net/CIK-0000004962/73630919-1719-4409-be91-5aaf5f070ccb.pdf,https://d18rn0p25nwr6d.cloudfront.net/CIK-0000004962/8518c3fe-15e1-4aa9-9fc0-c1c4b56e6f56.xls
"Apr 04, 2023",Form 4,Statement of Changes in Beneficial Ownership,https://ir.americanexpress.com/financials/earnings-and-sec-filings/sec-filings-details/default.aspx?FilingId=16543154,https://d18rn0p25nwr6d.cloudfront.net/CIK-0000004962/456b4565-ab83-4f0f-ab28-6521444b7e0f.pdf,https://d18rn0p25nwr6d.cloudfront.net/CIK-0000004962/c5df290a-dd0a-483f-96f9-80ec32d1d5e9.xls
"Apr 04, 2023",Form 4,Statement of Changes in Beneficial Ownership,https://ir.americanexpress.com/financials/earnings-and-sec-filings/sec-filings-details/default.aspx?FilingId=16542984,https://d18rn0p25nwr6d.cloudfront.net/CIK-0000004962/fd09b58e-2571-461e-b9b1-c42231aa6493.pdf,https://d18rn0p25nwr6d.cloudfront.net/CIK-0000004962/dcdba9ed-9323-4fb0-a4d1-5467457de442.xls
"Apr 04, 2023",Form 4,Statement of Changes in Beneficial Ownership,https://ir.americanexpress.com/financials/earnings-and-sec-filings/sec-filings-details/default.aspx?FilingId=16543004,https://d18rn0p25nwr6d.cloudfront.net/CIK-0000004962/308e9b67-9c35-4603-8c87-a8c2adb526ad.pdf,https://d18rn0p25nwr6d.cloudfront.net/CIK-0000004962/2fa8a9af-02c2-4ae7-90d6-53c65ee6b994.xls
"Apr 04, 2023",Form 4,Statement of Changes in Beneficial Ownership,https://ir.americanexpress.com/financials/earnings-and-sec-filings/sec-filings-details/default.aspx?FilingId=16543065,https://d18rn0p25nwr6d.cloudfront.net/CIK-0000004962/b92e2c07-f914-4e01-aa74-b7ae1cbdfdb9.pdf,https://d18rn0p25nwr6d.cloudfront.net/CIK-0000004962/37b54c62-ddf8-4d8d-83dd-1e222e653349.xls
"Apr 04, 2023",Form 4,Statement of Changes in Beneficial Ownership,https://ir.americanexpress.com/financials/earnings-and-sec-filings/sec-filings-details/default.aspx?FilingId=16543078,https://d18rn0p25nwr6d.cloudfront.net/CIK-0000004962/6e01608e-f306-4722-9a9b-a3b6c77041f1.pdf,https://d18rn0p25nwr6d.cloudfront.net/CIK-0000004962/915ebb65-be88-4080-8ee8-e1fd269fad1f.xls
"Apr 04, 2023",Form 4,Statement of Changes in Beneficial Ownership,https://ir.americanexpress.com/financials/earnings-and-sec-filings/sec-filings-details/default.aspx?FilingId=16542901,https://d18rn0p25nwr6d.cloudfront.net/CIK-0000004962/1a2ac55c-ea36-47b0-89b7-77db9d4ae6a8.pdf,https://d18rn0p25nwr6d.cloudfront.net/CIK-0000004962/8a299aa3-a51d-492a-bd17-8559c1c85676.xls
"Mar 10, 2023",Form 4,Statement of Changes in Beneficial Ownership,https://ir.americanexpress.com/financials/earnings-and-sec-filings/sec-filings-details/default.aspx?FilingId=16481990,https://d18rn0p25nwr6d.cloudfront.net/CIK-0000004962/1c2812e1-2dd9-410c-bc47-9b6110d4040d.pdf,https://d18rn0p25nwr6d.cloudfront.net/CIK-0000004962/b9cc367c-4f3e-401e-a642-49ebf7349d35.xls
"Mar 06, 2023",Form 4,Statement of Changes in Beneficial Ownership,https://ir.americanexpress.com/financials/earnings-and-sec-filings/sec-filings-details/default.aspx?FilingId=16468499,https://d18rn0p25nwr6d.cloudfront.net/CIK-0000004962/79fde342-49cc-42f0-a921-590de309268f.pdf,https://d18rn0p25nwr6d.cloudfront.net/CIK-0000004962/cf8316e8-3144-4578-bec4-5b2b9acc6aee.xls
"Mar 06, 2023",Form 4,Statement of Changes in Beneficial Ownership,https://ir.americanexpress.com/financials/earnings-and-sec-filings/sec-filings-details/default.aspx?FilingId=16468330,https://d18rn0p25nwr6d.cloudfront.net/CIK-0000004962/993c600e-fab6-4403-87d7-72b1604da54d.pdf,https://d18rn0p25nwr6d.cloudfront.net/CIK-0000004962/21fe9655-16c0-42ca-a3a6-3000b28bfff4.xls
"Feb 21, 2023",Form 4,Statement of Changes in Beneficial Ownership,https://ir.americanexpress.com/financials/earnings-and-sec-filings/sec-filings-details/default.aspx?FilingId=16420267,https://d18rn0p25nwr6d.cloudfront.net/CIK-0000004962/12e428dd-c98c-42a6-91db-1a6ea283c9b3.pdf,https://d18rn0p25nwr6d.cloudfront.net/CIK-0000004962/2a152691-9ae9-481e-83a7-a2ba72940ae7.xls
"Feb 16, 2023",Form 4,Statement of Changes in Beneficial Ownership,https://ir.americanexpress.com/financials/earnings-and-sec-filings/sec-filings-details/default.aspx?FilingId=16413413,https://d18rn0p25nwr6d.cloudfront.net/CIK-0000004962/bc441ae3-cc13-4d67-a358-e00f8255250a.pdf,https://d18rn0p25nwr6d.cloudfront.net/CIK-0000004962/36a9f118-c697-4c3b-9cc5-2b1c6b41438f.xls
"Feb 16, 2023",Form 4,Statement of Changes in Beneficial Ownership,https://ir.americanexpress.com/financials/earnings-and-sec-filings/sec-filings-details/default.aspx?FilingId=16413441,https://d18rn0p25nwr6d.cloudfront.net/CIK-0000004962/ca5916ff-4d80-4112-af96-703185776c21.pdf,https://d18rn0p25nwr6d.cloudfront.net/CIK-0000004962/61359d06-0fb2-4c0b-96b1-6c2bf25d06ea.xls
"Feb 16, 2023",Form 4,Statement of Changes in Beneficial Ownership,https://ir.americanexpress.com/financials/earnings-and-sec-filings/sec-filings-details/default.aspx?FilingId=16413393,https://d18rn0p25nwr6d.cloudfront.net/CIK-0000004962/ed39a8bf-3244-438f-b960-daea1b79edad.pdf,https://d18rn0p25nwr6d.cloudfront.net/CIK-0000004962/aa9144ad-7247-4279-ada0-5848cf6456fd.xls
"Feb 01, 2023",Form 4,Statement of Changes in Beneficial Ownership,https://ir.americanexpress.com/financials/earnings-and-sec-filings/sec-filings-details/default.aspx?FilingId=16354312,https://d18rn0p25nwr6d.cloudfront.net/CIK-0000004962/1656a049-3f47-4499-9188-1d0a54f66a75.pdf,https://d18rn0p25nwr6d.cloudfront.net/CIK-0000004962/3dd3233c-7e5f-4ae0-b9da-591427d3a234.xls
"Feb 01, 2023",Form 4,Statement of Changes in Beneficial Ownership,https://ir.americanexpress.com/financials/earnings-and-sec-filings/sec-filings-details/default.aspx?FilingId=16354334,https://d18rn0p25nwr6d.cloudfront.net/CIK-0000004962/43b0fa6d-f5a6-49cf-8fe0-9ccb0af45c5c.pdf,https://d18rn0p25nwr6d.cloudfront.net/CIK-0000004962/9fab2ca7-47d3-4587-9daf-c387fe8681ee.xls
"Feb 01, 2023",Form 4,Statement of Changes in Beneficial Ownership,https://ir.americanexpress.com/financials/earnings-and-sec-filings/sec-filings-details/default.aspx?FilingId=16354298,https://d18rn0p25nwr6d.cloudfront.net/CIK-0000004962/ef31ec38-a21f-4754-b344-73134d136001.pdf,https://d18rn0p25nwr6d.cloudfront.net/CIK-0000004962/85af60d2-30f4-43bb-bb7f-b52b65ee6acb.xls
"Feb 01, 2023",Form 4,Statement of Changes in Beneficial Ownership,https://ir.americanexpress.com/financials/earnings-and-sec-filings/sec-filings-details/default.aspx?FilingId=16354257,https://d18rn0p25nwr6d.cloudfront.net/CIK-0000004962/84122e2e-e1a3-4676-bded-7332c95b5c8c.pdf,https://d18rn0p25nwr6d.cloudfront.net/CIK-0000004962/8b7b8c9f-b1cd-4b91-9eeb-4bed994e96fb.xls
"Feb 01, 2023",Form 4,Statement of Changes in Beneficial Ownership,https://ir.americanexpress.com/financials/earnings-and-sec-filings/sec-filings-details/default.aspx?FilingId=16354232,https://d18rn0p25nwr6d.cloudfront.net/CIK-0000004962/db3b7825-c093-4689-962d-06caa13fcf5d.pdf,https://d18rn0p25nwr6d.cloudfront.net/CIK-0000004962/37b934a4-dc5e-412f-a585-9b127c09e526.xls
"Feb 01, 2023",Form 4,Statement of Changes in Beneficial Ownership,https://ir.americanexpress.com/financials/earnings-and-sec-filings/sec-filings-details/default.aspx?FilingId=16354202,https://d18rn0p25nwr6d.cloudfront.net/CIK-0000004962/58a923f7-521a-4274-b9e9-6f5ebe437f49.pdf,https://d18rn0p25nwr6d.cloudfront.net/CIK-0000004962/5320007a-6c6e-49d3-aa6f-2ab5ba8ff0d6.xls
"Feb 01, 2023",Form 4,Statement of Changes in Beneficial Ownership,https://ir.americanexpress.com/financials/earnings-and-sec-filings/sec-filings-details/default.aspx?FilingId=16354170,https://d18rn0p25nwr6d.cloudfront.net/CIK-0000004962/0beaa39b-1c26-4570-8f0e-f47d682fdaf5.pdf,https://d18rn0p25nwr6d.cloudfront.net/CIK-0000004962/0552e7e8-366e-4520-92ed-b2c56ee10bb4.xls
"Feb 01, 2023",Form 4,Statement of Changes in Beneficial Ownership,https://ir.americanexpress.com/financials/earnings-and-sec-filings/sec-filings-details/default.aspx?FilingId=16354176,https://d18rn0p25nwr6d.cloudfront.net/CIK-0000004962/6e13342d-cee6-4dee-a820-ed149e664b1a.pdf,https://d18rn0p25nwr6d.cloudfront.net/CIK-0000004962/f9068824-21ff-46ea-a3d1-10b839848720.xls
"Feb 01, 2023",Form 4,Statement of Changes in Beneficial Ownership,https://ir.americanexpress.com/financials/earnings-and-sec-filings/sec-filings-details/default.aspx?FilingId=16354162,https://d18rn0p25nwr6d.cloudfront.net/CIK-0000004962/71578fd0-9ecc-455c-bf18-27d96d89d275.pdf,https://d18rn0p25nwr6d.cloudfront.net/CIK-0000004962/8b97b200-a81e-4a7b-a752-b8bab5d9e883.xls
"Feb 01, 2023",Form 4,Statement of Changes in Beneficial Ownership,https://ir.americanexpress.com/financials/earnings-and-sec-filings/sec-filings-details/default.aspx?FilingId=16354083,https://d18rn0p25nwr6d.cloudfront.net/CIK-0000004962/db6596e1-3a46-4051-8fa1-b2359b484c75.pdf,https://d18rn0p25nwr6d.cloudfront.net/CIK-0000004962/325919ea-b230-4360-a1ab-9c470f9c8893.xls
"Feb 01, 2023",Form 4,Statement of Changes in Beneficial Ownership,https://ir.americanexpress.com/financials/earnings-and-sec-filings/sec-filings-details/default.aspx?FilingId=16354061,https://d18rn0p25nwr6d.cloudfront.net/CIK-0000004962/a3bff202-bd96-4050-b56d-bf60a25f5ca2.pdf,https://d18rn0p25nwr6d.cloudfront.net/CIK-0000004962/41dabad6-96c0-40ec-8efa-2c8a9d1ea03c.xls
"Feb 01, 2023",Form 4,Statement of Changes in Beneficial Ownership,https://ir.americanexpress.com/financials/earnings-and-sec-filings/sec-filings-details/default.aspx?FilingId=16354051,https://d18rn0p25nwr6d.cloudfront.net/CIK-0000004962/33b25b08-f624-413a-9fb6-1bbb7c906d00.pdf,https://d18rn0p25nwr6d.cloudfront.net/CIK-0000004962/7b63ba28-ef2a-4deb-8d08-01f3c215a8c0.xls
"Feb 01, 2023",Form 4,Statement of Changes in Beneficial Ownership,https://ir.americanexpress.com/financials/earnings-and-sec-filings/sec-filings-details/default.aspx?FilingId=16353931,https://d18rn0p25nwr6d.cloudfront.net/CIK-0000004962/d919536a-754b-4ebc-a97d-3947579bd6d5.pdf,https://d18rn0p25nwr6d.cloudfront.net/CIK-0000004962/a59c05b2-881f-45bd-b1de-2d51102cf48b.xls
"Jan 31, 2023",Form 4,Statement of Changes in Beneficial Ownership,https://ir.americanexpress.com/financials/earnings-and-sec-filings/sec-filings-details/default.aspx?FilingId=16353014,https://d18rn0p25nwr6d.cloudfront.net/CIK-0000004962/ffc74468-7f76-464c-96dc-6a9eac6b532d.pdf,https://d18rn0p25nwr6d.cloudfront.net/CIK-0000004962/45d9cbf4-e677-43c3-8f21-26729a1c904b.xls
"Jan 31, 2023",Form 4,Statement of Changes in Beneficial Ownership,https://ir.americanexpress.com/financials/earnings-and-sec-filings/sec-filings-details/default.aspx?FilingId=16353013,https://d18rn0p25nwr6d.cloudfront.net/CIK-0000004962/af2ad706-b78f-4457-888f-e3dcaa3f9b17.pdf,https://d18rn0p25nwr6d.cloudfront.net/CIK-0000004962/b4cfd046-a83e-460a-a9cc-f5dbddd2da72.xls
"Jan 31, 2023",Form 4,Statement of Changes in Beneficial Ownership,https://ir.americanexpress.com/financials/earnings-and-sec-filings/sec-filings-details/default.aspx?FilingId=16353011,https://d18rn0p25nwr6d.cloudfront.net/CIK-0000004962/6ec28825-189a-4186-b7dd-4a86c898af42.pdf,https://d18rn0p25nwr6d.cloudfront.net/CIK-0000004962/fd6fc3ea-ad11-4870-8ccc-b635ae50f825.xls
"Jan 04, 2023",Form 4,Statement of Changes in Beneficial Ownership,https://ir.americanexpress.com/financials/earnings-and-sec-filings/sec-filings-details/default.aspx?FilingId=16297237,https://d18rn0p25nwr6d.cloudfront.net/CIK-0000004962/261d36f8-3634-4b11-8086-7ca7f862583c.pdf,https://d18rn0p25nwr6d.cloudfront.net/CIK-0000004962/d00c8af4-34c5-4e76-a648-5417438cc956.xls
"Jan 04, 2023",Form 4,Statement of Changes in Beneficial Ownership,https://ir.americanexpress.com/financials/earnings-and-sec-filings/sec-filings-details/default.aspx?FilingId=16297169,https://d18rn0p25nwr6d.cloudfront.net/CIK-0000004962/5575c518-8a13-42ae-a784-c8bb0a71dd27.pdf,https://d18rn0p25nwr6d.cloudfront.net/CIK-0000004962/0594f812-5753-4358-8c37-46e4f31a73ec.xls
"Jan 04, 2023",Form 4,Statement of Changes in Beneficial Ownership,https://ir.americanexpress.com/financials/earnings-and-sec-filings/sec-filings-details/default.aspx?FilingId=16297211,https://d18rn0p25nwr6d.cloudfront.net/CIK-0000004962/21627c7a-31db-425a-bee5-17e98940de0b.pdf,https://d18rn0p25nwr6d.cloudfront.net/CIK-0000004962/a0692807-97a7-4de6-8285-826537e04e35.xls
"Jan 04, 2023",Form 4,Statement of Changes in Beneficial Ownership,https://ir.americanexpress.com/financials/earnings-and-sec-filings/sec-filings-details/default.aspx?FilingId=16297091,https://d18rn0p25nwr6d.cloudfront.net/CIK-0000004962/0ce9a1ab-da1c-49a6-a2a2-8e4c4d81f0d8.pdf,https://d18rn0p25nwr6d.cloudfront.net/CIK-0000004962/7f6e611c-520d-4b0f-b16a-e167b493494f.xls
"Jan 04, 2023",Form 4,Statement of Changes in Beneficial Ownership,https://ir.americanexpress.com/financials/earnings-and-sec-filings/sec-filings-details/default.aspx?FilingId=16297026,https://d18rn0p25nwr6d.cloudfront.net/CIK-0000004962/951f63fd-168d-456c-b984-5852c87c09c4.pdf,https://d18rn0p25nwr6d.cloudfront.net/CIK-0000004962/bed1b51d-323a-40d1-ac26-eedfe50971ce.xls
"Jan 04, 2023",Form 4,Statement of Changes in Beneficial Ownership,https://ir.americanexpress.com/financials/earnings-and-sec-filings/sec-filings-details/default.aspx?FilingId=16296915,https://d18rn0p25nwr6d.cloudfront.net/CIK-0000004962/2f90eb86-7e30-4fc0-b0f3-354dee6d16d6.pdf,https://d18rn0p25nwr6d.cloudfront.net/CIK-0000004962/86413e6c-740d-46e5-a7c8-288254f58982.xls
"Jan 04, 2023",Form 4,Statement of Changes in Beneficial Ownership,https://ir.americanexpress.com/financials/earnings-and-sec-filings/sec-filings-details/default.aspx?FilingId=16296980,https://d18rn0p25nwr6d.cloudfront.net/CIK-0000004962/eff2e98b-4b51-4042-a972-e9090c7becbc.pdf,https://d18rn0p25nwr6d.cloudfront.net/CIK-0000004962/1e2e8b00-e6b9-46e9-9887-f5540686b3b8.xls
"Jan 04, 2023",Form 4,Statement of Changes in Beneficial Ownership,https://ir.americanexpress.com/financials/earnings-and-sec-filings/sec-filings-details/default.aspx?FilingId=16296820,https://d18rn0p25nwr6d.cloudfront.net/CIK-0000004962/3a2e2fef-fe43-4a4b-80e9-0ee199b18a8f.pdf,https://d18rn0p25nwr6d.cloudfront.net/CIK-0000004962/26049735-8d9f-4b06-82ff-8364444fb5a0.xls
"Dec 16, 2022",Form 3,Initial Statement of Beneficial Ownership,https://ir.americanexpress.com/financials/earnings-and-sec-filings/sec-filings-details/default.aspx?FilingId=16265368,https://d18rn0p25nwr6d.cloudfront.net/CIK-0000004962/04ad9d8d-659b-41e4-86d1-483949bdcbcc.pdf,https://d18rn0p25nwr6d.cloudfront.net/CIK-0000004962/4cb0aa9f-059e-4f9f-952b-8d98441ffc93.xls
"Dec 16, 2022",Form 3,Initial Statement of Beneficial Ownership,https://ir.americanexpress.com/financials/earnings-and-sec-filings/sec-filings-details/default.aspx?FilingId=16265072,https://d18rn0p25nwr6d.cloudfront.net/CIK-0000004962/f18b7401-78ee-4407-a1ce-d420fe115b06.pdf,https://d18rn0p25nwr6d.cloudfront.net/CIK-0000004962/42198b18-f465-49eb-8fa4-12df791c049f.xls
"Dec 16, 2022",Form 3,Initial Statement of Beneficial Ownership,https://ir.americanexpress.com/financials/earnings-and-sec-filings/sec-filings-details/default.aspx?FilingId=16265057,https://d18rn0p25nwr6d.cloudfront.net/CIK-0000004962/10f43e23-74cb-4870-8a6a-6379b1c4c3eb.pdf,https://d18rn0p25nwr6d.cloudfront.net/CIK-0000004962/34287c3c-7c19-48e2-9e86-a99ab73ef5d3.xls
"Dec 07, 2022",Form 4,Statement of Changes in Beneficial Ownership,https://ir.americanexpress.com/financials/earnings-and-sec-filings/sec-filings-details/default.aspx?FilingId=16249258,https://d18rn0p25nwr6d.cloudfront.net/CIK-0000004962/b2513fcb-645f-441b-b082-58fdff88732f.pdf,https://d18rn0p25nwr6d.cloudfront.net/CIK-0000004962/08f29910-8cc5-4ee3-a916-a78b2c2d5262.xls
"Nov 10, 2022",Form 4,Statement of Changes in Beneficial Ownership,https://ir.americanexpress.com/financials/earnings-and-sec-filings/sec-filings-details/default.aspx?FilingId=16192385,https://d18rn0p25nwr6d.cloudfront.net/CIK-0000004962/d610617a-24ea-40aa-bda5-706b85d2c40c.pdf,https://d18rn0p25nwr6d.cloudfront.net/CIK-0000004962/4c1d0548-01ce-4ce2-b6d6-e1b33a7b6116.xls
"Oct 13, 2022",Form 3,Initial Statement of Beneficial Ownership,https://ir.americanexpress.com/financials/earnings-and-sec-filings/sec-filings-details/default.aspx?FilingId=16133845,https://d18rn0p25nwr6d.cloudfront.net/CIK-0000004962/4361e21c-5e71-4421-b36d-e8d662517c0c.pdf,https://d18rn0p25nwr6d.cloudfront.net/CIK-0000004962/9945f7a9-d9d6-4949-9675-ddad49f7ff56.xls
"Oct 04, 2022",Form 4,Statement of Changes in Beneficial Ownership,https://ir.americanexpress.com/financials/earnings-and-sec-filings/sec-filings-details/default.aspx?FilingId=16118975,https://d18rn0p25nwr6d.cloudfront.net/CIK-0000004962/b539d823-1bd4-4949-8dbd-6e6a79d24670.pdf,https://d18rn0p25nwr6d.cloudfront.net/CIK-0000004962/5aa43dde-ae96-4ac8-a929-b89af55446bb.xls
"Oct 04, 2022",Form 4,Statement of Changes in Beneficial Ownership,https://ir.americanexpress.com/financials/earnings-and-sec-filings/sec-filings-details/default.aspx?FilingId=16118900,https://d18rn0p25nwr6d.cloudfront.net/CIK-0000004962/03df4613-d7b6-4597-b79b-d1b73742f149.pdf,https://d18rn0p25nwr6d.cloudfront.net/CIK-0000004962/bec597fc-66bc-4583-8c6b-a2ee38cee312.xls
"Oct 04, 2022",Form 4,Statement of Changes in Beneficial Ownership,https://ir.americanexpress.com/financials/earnings-and-sec-filings/sec-filings-details/default.aspx?FilingId=16118815,https://d18rn0p25nwr6d.cloudfront.net/CIK-0000004962/0e938a64-bddd-4f96-bbf6-05174cbee0f9.pdf,https://d18rn0p25nwr6d.cloudfront.net/CIK-0000004962/5b038a1e-b372-4dbf-8db1-83ec829c8508.xls
"Oct 04, 2022",Form 4,Statement of Changes in Beneficial Ownership,https://ir.americanexpress.com/financials/earnings-and-sec-filings/sec-filings-details/default.aspx?FilingId=16118402,https://d18rn0p25nwr6d.cloudfront.net/CIK-0000004962/808e592a-6e83-4123-866f-b4b7c484119a.pdf,https://d18rn0p25nwr6d.cloudfront.net/CIK-0000004962/8dace770-5203-4a1e-a809-dcbf381f99a5.xls
"Oct 04, 2022",Form 4,Statement of Changes in Beneficial Ownership,https://ir.americanexpress.com/financials/earnings-and-sec-filings/sec-filings-details/default.aspx?FilingId=16118223,https://d18rn0p25nwr6d.cloudfront.net/CIK-0000004962/ab8600b5-a789-466c-b629-ba75fca5968a.pdf,https://d18rn0p25nwr6d.cloudfront.net/CIK-0000004962/f4d7bfc7-178b-4cb4-987a-5cd406910d5e.xls
"Oct 04, 2022",Form 4,Statement of Changes in Beneficial Ownership,https://ir.americanexpress.com/financials/earnings-and-sec-filings/sec-filings-details/default.aspx?FilingId=16118103,https://d18rn0p25nwr6d.cloudfront.net/CIK-0000004962/92cb3928-eebe-4847-a7db-d9a16f4e73be.pdf,https://d18rn0p25nwr6d.cloudfront.net/CIK-0000004962/a6a452df-9992-4959-a8cf-d0cd0c4094e7.xls
"Jul 05, 2022",Form 4,Statement of Changes in Beneficial Ownership,https://ir.americanexpress.com/financials/earnings-and-sec-filings/sec-filings-details/default.aspx?FilingId=15932250,https://d18rn0p25nwr6d.cloudfront.net/CIK-0000004962/e2b3f9d1-f83a-4a95-8edc-b2c0ff18ef84.pdf,https://d18rn0p25nwr6d.cloudfront.net/CIK-0000004962/b98dd248-0640-4b0f-99a0-15342974a9e6.xls
"Jul 05, 2022",Form 4,Statement of Changes in Beneficial Ownership,https://ir.americanexpress.com/financials/earnings-and-sec-filings/sec-filings-details/default.aspx?FilingId=15931635,https://d18rn0p25nwr6d.cloudfront.net/CIK-0000004962/cef8ddd8-5f3c-4570-942f-eaeedf8998d6.pdf,https://d18rn0p25nwr6d.cloudfront.net/CIK-0000004962/1490662b-16d2-45df-b367-c8fb79789a8e.xls
"Jul 05, 2022",Form 4,Statement of Changes in Beneficial Ownership,https://ir.americanexpress.com/financials/earnings-and-sec-filings/sec-filings-details/default.aspx?FilingId=15931701,https://d18rn0p25nwr6d.cloudfront.net/CIK-0000004962/75f76a20-e0ef-4b5e-a217-215c20b6f67b.pdf,https://d18rn0p25nwr6d.cloudfront.net/CIK-0000004962/cc12de08-a59e-450e-81cc-39cc7f39a493.xls
"Jul 05, 2022",Form 4,Statement of Changes in Beneficial Ownership,https://ir.americanexpress.com/financials/earnings-and-sec-filings/sec-filings-details/default.aspx?FilingId=15931553,https://d18rn0p25nwr6d.cloudfront.net/CIK-0000004962/1b305643-9daf-4391-b947-a1ab53a2c9c1.pdf,https://d18rn0p25nwr6d.cloudfront.net/CIK-0000004962/e319e8d6-b95a-4b3e-bfbb-eda590b9e88f.xls
"Jul 05, 2022",Form 4,Statement of Changes in Beneficial Ownership,https://ir.americanexpress.com/financials/earnings-and-sec-filings/sec-filings-details/default.aspx?FilingId=15931604,https://d18rn0p25nwr6d.cloudfront.net/CIK-0000004962/edecbd31-9907-4f08-a7f0-2a2c9b16f678.pdf,https://d18rn0p25nwr6d.cloudfront.net/CIK-0000004962/b2e10a26-fe92-4742-b71a-ca3fe3ae6284.xls
"Jul 05, 2022",Form 4,Statement of Changes in Beneficial Ownership,https://ir.americanexpress.com/financials/earnings-and-sec-filings/sec-filings-details/default.aspx?FilingId=15931489,https://d18rn0p25nwr6d.cloudfront.net/CIK-0000004962/502c9482-52b6-4878-9b8e-4c0f138e3920.pdf,https://d18rn0p25nwr6d.cloudfront.net/CIK-0000004962/f4c0c256-b8ee-4457-8dc2-e127809c898e.xls
"Jun 06, 2022",Form 4,Statement of Changes in Beneficial Ownership,https://ir.americanexpress.com/financials/earnings-and-sec-filings/sec-filings-details/default.aspx?FilingId=15876521,https://d18rn0p25nwr6d.cloudfront.net/CIK-0000004962/d93c2f83-5d77-476f-bb7d-1669201d0d25.pdf,https://d18rn0p25nwr6d.cloudfront.net/CIK-0000004962/55a13643-19d2-4c27-bd8b-e4dc5c19d6e2.xls
"Jun 03, 2022",Form 3,Initial Statement of Beneficial Ownership,https://ir.americanexpress.com/financials/earnings-and-sec-filings/sec-filings-details/default.aspx?FilingId=15874234,https://d18rn0p25nwr6d.cloudfront.net/CIK-0001820872/f3c31ca7-8da5-40c0-870f-c42b12736212.pdf,https://d18rn0p25nwr6d.cloudfront.net/CIK-0001820872/0c526ead-e73e-4b20-aab2-234bcf78294c.xls
"May 05, 2022",Form 4,Statement of Changes in Beneficial Ownership,https://ir.americanexpress.com/financials/earnings-and-sec-filings/sec-filings-details/default.aspx?FilingId=15792392,https://d18rn0p25nwr6d.cloudfront.net/CIK-0000004962/7b6de20a-6c2c-4c8b-b981-91ad093715b0.pdf,https://d18rn0p25nwr6d.cloudfront.net/CIK-0000004962/3c5f9251-7f98-49b8-9e77-95003dde1665.xls
"May 05, 2022",Form 4,Statement of Changes in Beneficial Ownership,https://ir.americanexpress.com/financials/earnings-and-sec-filings/sec-filings-details/default.aspx?FilingId=15792266,https://d18rn0p25nwr6d.cloudfront.net/CIK-0000004962/d622e80d-5355-4ffc-ba57-e703a8f39907.pdf,https://d18rn0p25nwr6d.cloudfront.net/CIK-0000004962/984b137d-e0a3-4fa4-a5c2-2f27c514d760.xls
"May 05, 2022",Form 4,Statement of Changes in Beneficial Ownership,https://ir.americanexpress.com/financials/earnings-and-sec-filings/sec-filings-details/default.aspx?FilingId=15792268,https://d18rn0p25nwr6d.cloudfront.net/CIK-0000004962/f25514a3-33a9-49b3-8b9a-74fcad2564c6.pdf,https://d18rn0p25nwr6d.cloudfront.net/CIK-0000004962/25c7b0d8-b7bd-447d-8d56-126f81c331f7.xls
"May 05, 2022",Form 4,Statement of Changes in Beneficial Ownership,https://ir.americanexpress.com/financials/earnings-and-sec-filings/sec-filings-details/default.aspx?FilingId=15792271,https://d18rn0p25nwr6d.cloudfront.net/CIK-0000004962/23f4bcfa-5b80-42ce-8465-e02801824baa.pdf,https://d18rn0p25nwr6d.cloudfront.net/CIK-0000004962/78f5f211-4d54-40c2-bb12-519992da7452.xls
"May 05, 2022",Form 4,Statement of Changes in Beneficial Ownership,https://ir.americanexpress.com/financials/earnings-and-sec-filings/sec-filings-details/default.aspx?FilingId=15792048,https://d18rn0p25nwr6d.cloudfront.net/CIK-0000004962/27c8d321-d847-4f70-a10d-e6738850c369.pdf,https://d18rn0p25nwr6d.cloudfront.net/CIK-0000004962/1090955e-7b67-4de8-abfd-bbcfdba1f07e.xls
"May 05, 2022",Form 4,Statement of Changes in Beneficial Ownership,https://ir.americanexpress.com/financials/earnings-and-sec-filings/sec-filings-details/default.aspx?FilingId=15791957,https://d18rn0p25nwr6d.cloudfront.net/CIK-0000004962/f63cd5a0-475e-4a1e-a161-2bd93970bf86.pdf,https://d18rn0p25nwr6d.cloudfront.net/CIK-0000004962/0d5f2c4f-3bb8-4ab9-8356-3ab096ef1c7b.xls
"May 05, 2022",Form 4,Statement of Changes in Beneficial Ownership,https://ir.americanexpress.com/financials/earnings-and-sec-filings/sec-filings-details/default.aspx?FilingId=15791963,https://d18rn0p25nwr6d.cloudfront.net/CIK-0000004962/d9808ccb-5f29-45b6-bbb8-2b7087fbd232.pdf,https://d18rn0p25nwr6d.cloudfront.net/CIK-0000004962/c7c4b0ee-f2e1-4124-b642-026ec6d527e0.xls
"May 05, 2022",Form 4,Statement of Changes in Beneficial Ownership,https://ir.americanexpress.com/financials/earnings-and-sec-filings/sec-filings-details/default.aspx?FilingId=15791842,https://d18rn0p25nwr6d.cloudfront.net/CIK-0000004962/b55b7ced-e62e-4c74-ae00-50a2a478f136.pdf,https://d18rn0p25nwr6d.cloudfront.net/CIK-0000004962/5e5d0132-f63e-4983-a09b-3fddf94752a8.xls
"May 05, 2022",Form 4,Statement of Changes in Beneficial Ownership,https://ir.americanexpress.com/financials/earnings-and-sec-filings/sec-filings-details/default.aspx?FilingId=15791848,https://d18rn0p25nwr6d.cloudfront.net/CIK-0000004962/0c4dba41-1552-44a9-ac50-522b27865205.pdf,https://d18rn0p25nwr6d.cloudfront.net/CIK-0000004962/07527f2d-8f08-4479-98e7-42b9ed554d9c.xls
"May 05, 2022",Form 4,Statement of Changes in Beneficial Ownership,https://ir.americanexpress.com/financials/earnings-and-sec-filings/sec-filings-details/default.aspx?FilingId=15791887,https://d18rn0p25nwr6d.cloudfront.net/CIK-0000004962/6e587d63-6209-44f1-85ae-9436ba88eca2.pdf,https://d18rn0p25nwr6d.cloudfront.net/CIK-0000004962/928c4996-26a6-42a6-a185-d1d2659881f4.xls
"May 05, 2022",Form 4,Statement of Changes in Beneficial Ownership,https://ir.americanexpress.com/financials/earnings-and-sec-filings/sec-filings-details/default.aspx?FilingId=15791780,https://d18rn0p25nwr6d.cloudfront.net/CIK-0000004962/d95a2c6e-57f2-4cf6-a0fa-950e1a7cda7e.pdf,https://d18rn0p25nwr6d.cloudfront.net/CIK-0000004962/857b83fb-b3e7-4363-a70b-ffde346fab8f.xls
"May 05, 2022",Form 4,Statement of Changes in Beneficial Ownership,https://ir.americanexpress.com/financials/earnings-and-sec-filings/sec-filings-details/default.aspx?FilingId=15791666,https://d18rn0p25nwr6d.cloudfront.net/CIK-0000004962/dcc8e4a0-51fb-4cfd-8b8e-b470ceba2848.pdf,https://d18rn0p25nwr6d.cloudfront.net/CIK-0000004962/129aa5b3-f7f9-442c-a08f-cb20faf48255.xls
"May 05, 2022",Form 4,Statement of Changes in Beneficial Ownership,https://ir.americanexpress.com/financials/earnings-and-sec-filings/sec-filings-details/default.aspx?FilingId=15791405,https://d18rn0p25nwr6d.cloudfront.net/CIK-0000004962/b78a928e-e46d-4762-91fe-c3bff2ba50d4.pdf,https://d18rn0p25nwr6d.cloudfront.net/CIK-0000004962/d9ecadfc-862a-45b0-a846-0f746b9e5d3d.xls
"Apr 29, 2022",Form 4,Statement of Changes in Beneficial Ownership,https://ir.americanexpress.com/financials/earnings-and-sec-filings/sec-filings-details/default.aspx?FilingId=15773018,https://d18rn0p25nwr6d.cloudfront.net/CIK-0000004962/87f02955-2f4c-48a2-afc3-181083a937a9.pdf,https://d18rn0p25nwr6d.cloudfront.net/CIK-0000004962/009c9246-7f5f-42b8-9f03-878dbf4d44ae.xls
"Apr 04, 2022",Form 4,Statement of Changes in Beneficial Ownership,https://ir.americanexpress.com/financials/earnings-and-sec-filings/sec-filings-details/default.aspx?FilingId=15711945,https://d18rn0p25nwr6d.cloudfront.net/CIK-0000004962/b03abfaa-4ca0-4909-91c2-f680101d54b5.pdf,https://d18rn0p25nwr6d.cloudfront.net/CIK-0000004962/b12abc94-efcd-4d9a-9b89-1e69428d0196.xls
"Apr 04, 2022",Form 4,Statement of Changes in Beneficial Ownership,https://ir.americanexpress.com/financials/earnings-and-sec-filings/sec-filings-details/default.aspx?FilingId=15711932,https://d18rn0p25nwr6d.cloudfront.net/CIK-0000004962/eb23e6b4-f399-4be3-a99a-2d3c4d35152b.pdf,https://d18rn0p25nwr6d.cloudfront.net/CIK-0000004962/439ccb26-9b11-4c1e-9d94-097734a9c767.xls
"Apr 04, 2022",Form 4,Statement of Changes in Beneficial Ownership,https://ir.americanexpress.com/financials/earnings-and-sec-filings/sec-filings-details/default.aspx?FilingId=15711928,https://d18rn0p25nwr6d.cloudfront.net/CIK-0000004962/c28aff12-c9c0-44b9-8467-d4896f431902.pdf,https://d18rn0p25nwr6d.cloudfront.net/CIK-0000004962/5c4e2636-0c5a-49ee-ae8d-6aef6ed7469a.xls
"Apr 04, 2022",Form 4,Statement of Changes in Beneficial Ownership,https://ir.americanexpress.com/financials/earnings-and-sec-filings/sec-filings-details/default.aspx?FilingId=15711902,https://d18rn0p25nwr6d.cloudfront.net/CIK-0000004962/637d96ba-1255-49f9-a0c1-7d1824b1ee12.pdf,https://d18rn0p25nwr6d.cloudfront.net/CIK-0000004962/603ca2cf-9a1c-492c-907d-abf25af1cb63.xls
"Apr 04, 2022",Form 4,Statement of Changes in Beneficial Ownership,https://ir.americanexpress.com/financials/earnings-and-sec-filings/sec-filings-details/default.aspx?FilingId=15711897,https://d18rn0p25nwr6d.cloudfront.net/CIK-0000004962/bffab31d-87cd-4a36-9ba1-6d46c4ecd00c.pdf,https://d18rn0p25nwr6d.cloudfront.net/CIK-0000004962/928b2524-f1f1-4948-8b2e-8cfc61ffc7f1.xls
"Apr 04, 2022",Form 4,Statement of Changes in Beneficial Ownership,https://ir.americanexpress.com/financials/earnings-and-sec-filings/sec-filings-details/default.aspx?FilingId=15711882,https://d18rn0p25nwr6d.cloudfront.net/CIK-0000004962/ee9ebbd8-c733-4bc0-93e3-0e6c308292b4.pdf,https://d18rn0p25nwr6d.cloudfront.net/CIK-0000004962/6aecf1b3-3fa8-409e-a6d6-e4cc013197e4.xls
"Feb 15, 2022",Form 4,Statement of Changes in Beneficial Ownership,https://ir.americanexpress.com/financials/earnings-and-sec-filings/sec-filings-details/default.aspx?FilingId=15575015,https://d18rn0p25nwr6d.cloudfront.net/CIK-0000004962/834d69ef-97f2-4dfa-9854-9bf658bc0a24.pdf,https://d18rn0p25nwr6d.cloudfront.net/CIK-0000004962/568f1a68-adf1-467f-a977-7b24ecd0122f.xls
"Feb 09, 2022",Form 4,Statement of Changes in Beneficial Ownership,https://ir.americanexpress.com/financials/earnings-and-sec-filings/sec-filings-details/default.aspx?FilingId=15546891,https://d18rn0p25nwr6d.cloudfront.net/CIK-0000004962/9ab6a0e6-d6b2-438a-86de-10f0e68de37e.pdf,https://d18rn0p25nwr6d.cloudfront.net/CIK-0000004962/acc05ac9-7a2c-4866-97eb-aec413ce1449.xls
"Feb 09, 2022",Form 4,Statement of Changes in Beneficial Ownership,https://ir.americanexpress.com/financials/earnings-and-sec-filings/sec-filings-details/default.aspx?FilingId=15546842,https://d18rn0p25nwr6d.cloudfront.net/CIK-0000004962/d3172370-e524-4e97-95d3-c3fbec5e5543.pdf,https://d18rn0p25nwr6d.cloudfront.net/CIK-0000004962/aed8cf7c-8f46-4e63-a520-66a4992c52f5.xls
"Feb 04, 2022",Form 3,Initial Statement of Beneficial Ownership,https://ir.americanexpress.com/financials/earnings-and-sec-filings/sec-filings-details/default.aspx?FilingId=15534440,https://d18rn0p25nwr6d.cloudfront.net/CIK-0000004962/afbf05cb-3ab5-4659-9b5a-ae62dc7a528d.pdf,https://d18rn0p25nwr6d.cloudfront.net/CIK-0000004962/19b2e029-be52-482a-8216-b0aa0f32847f.xls
"Feb 02, 2022",Form 4,Statement of Changes in Beneficial Ownership,https://ir.americanexpress.com/financials/earnings-and-sec-filings/sec-filings-details/default.aspx?FilingId=15525212,https://d18rn0p25nwr6d.cloudfront.net/CIK-0000004962/caea3b6c-38cd-400b-95e0-b4e2e67160f8.pdf,https://d18rn0p25nwr6d.cloudfront.net/CIK-0000004962/dcac9cdd-2265-4399-90c9-b60589276c69.xls
"Feb 02, 2022",Form 4,Statement of Changes in Beneficial Ownership,https://ir.americanexpress.com/financials/earnings-and-sec-filings/sec-filings-details/default.aspx?FilingId=15525154,https://d18rn0p25nwr6d.cloudfront.net/CIK-0000004962/a3f06200-1f92-4666-86a9-1dce880b5137.pdf,https://d18rn0p25nwr6d.cloudfront.net/CIK-0000004962/6fa8bb8c-b41b-4b9e-85eb-5e8968131573.xls
"Feb 01, 2022",Form 4,Statement of Changes in Beneficial Ownership,https://ir.americanexpress.com/financials/earnings-and-sec-filings/sec-filings-details/default.aspx?FilingId=15521566,https://d18rn0p25nwr6d.cloudfront.net/CIK-0000004962/d233fe9b-c8c6-42f1-a877-42b0f70d8d6c.pdf,https://d18rn0p25nwr6d.cloudfront.net/CIK-0000004962/aa0a0acd-66e4-4468-bf11-cc73e1506fb8.xls
"Feb 01, 2022",Form 5,Annual Statement of Changes in Beneficial Ownership,https://ir.americanexpress.com/financials/earnings-and-sec-filings/sec-filings-details/default.aspx?FilingId=15521567,https://d18rn0p25nwr6d.cloudfront.net/CIK-0000004962/6d7a492a-ea74-4540-ac2c-6fe5e6c77a7d.pdf,https://d18rn0p25nwr6d.cloudfront.net/CIK-0000004962/dcdb32c8-c317-4f88-9e96-e34c7c1aa660.xls
"Feb 01, 2022",Form 4,Statement of Changes in Beneficial Ownership,https://ir.americanexpress.com/financials/earnings-and-sec-filings/sec-filings-details/default.aspx?FilingId=15521565,https://d18rn0p25nwr6d.cloudfront.net/CIK-0000004962/f426a172-080c-4327-a02d-77db964316b1.pdf,https://d18rn0p25nwr6d.cloudfront.net/CIK-0000004962/94254c6f-1ad0-43f6-91a9-dbbcea93a524.xls
"Feb 01, 2022",Form 4,Statement of Changes in Beneficial Ownership,https://ir.americanexpress.com/financials/earnings-and-sec-filings/sec-filings-details/default.aspx?FilingId=15521554,https://d18rn0p25nwr6d.cloudfront.net/CIK-0000004962/e6b0433c-51b0-4ae3-92c2-c8f8bf8cbfce.pdf,https://d18rn0p25nwr6d.cloudfront.net/CIK-0000004962/1d718936-4c65-4e74-b78b-58913c5c6720.xls
"Feb 01, 2022",Form 4,Statement of Changes in Beneficial Ownership,https://ir.americanexpress.com/financials/earnings-and-sec-filings/sec-filings-details/default.aspx?FilingId=15521553,https://d18rn0p25nwr6d.cloudfront.net/CIK-0000004962/ecffb565-d5e2-428b-bbd4-68e8ff8bcceb.pdf,https://d18rn0p25nwr6d.cloudfront.net/CIK-0000004962/2e766c07-88c1-45cb-8ffd-972ff3339791.xls
"Feb 01, 2022",Form 4,Statement of Changes in Beneficial Ownership,https://ir.americanexpress.com/financials/earnings-and-sec-filings/sec-filings-details/default.aspx?FilingId=15521550,https://d18rn0p25nwr6d.cloudfront.net/CIK-0000004962/93e49815-80ef-4b6d-99af-bf8e7ab12cd2.pdf,https://d18rn0p25nwr6d.cloudfront.net/CIK-0000004962/89cddca5-7e69-49cc-b12f-eb5d71c61593.xls
"Feb 01, 2022",Form 4,Statement of Changes in Beneficial Ownership,https://ir.americanexpress.com/financials/earnings-and-sec-filings/sec-filings-details/default.aspx?FilingId=15521547,https://d18rn0p25nwr6d.cloudfront.net/CIK-0000004962/5b5e52d6-25d8-4533-b991-d91128b3c63d.pdf,https://d18rn0p25nwr6d.cloudfront.net/CIK-0000004962/201dba2f-c1cc-4ef5-851f-e1025d9c7b74.xls
"Feb 01, 2022",Form 4,Statement of Changes in Beneficial Ownership,https://ir.americanexpress.com/financials/earnings-and-sec-filings/sec-filings-details/default.aspx?FilingId=15521539,https://d18rn0p25nwr6d.cloudfront.net/CIK-0000004962/9d8e6e0f-8c86-4888-9934-dc2cd2b3f770.pdf,https://d18rn0p25nwr6d.cloudfront.net/CIK-0000004962/0470534a-ef63-4a5c-b6ce-1bbd4ce6e529.xls
"Feb 01, 2022",Form 4,Statement of Changes in Beneficial Ownership,https://ir.americanexpress.com/financials/earnings-and-sec-filings/sec-filings-details/default.aspx?FilingId=15521507,https://d18rn0p25nwr6d.cloudfront.net/CIK-0000004962/b747039a-f6f2-45a1-8e82-3b4c72a34527.pdf,https://d18rn0p25nwr6d.cloudfront.net/CIK-0000004962/41f31e59-52f3-40a2-bf3c-199e4d3c2d6f.xls
"Feb 01, 2022",Form 4,Statement of Changes in Beneficial Ownership,https://ir.americanexpress.com/financials/earnings-and-sec-filings/sec-filings-details/default.aspx?FilingId=15521489,https://d18rn0p25nwr6d.cloudfront.net/CIK-0000004962/73b5c965-26dd-4d19-9c3d-2480fcb00347.pdf,https://d18rn0p25nwr6d.cloudfront.net/CIK-0000004962/0444fec8-0f1f-45f8-95e9-a9d38cd29d49.xls
"Feb 01, 2022",Form 4,Statement of Changes in Beneficial Ownership,https://ir.americanexpress.com/financials/earnings-and-sec-filings/sec-filings-details/default.aspx?FilingId=15521485,https://d18rn0p25nwr6d.cloudfront.net/CIK-0000004962/2235894a-d021-4055-8924-e9056c09713c.pdf,https://d18rn0p25nwr6d.cloudfront.net/CIK-0000004962/6254bb90-c4e6-4211-b6ba-481f254c71e3.xls
"Feb 01, 2022",Form 4,Statement of Changes in Beneficial Ownership,https://ir.americanexpress.com/financials/earnings-and-sec-filings/sec-filings-details/default.aspx?FilingId=15521473,https://d18rn0p25nwr6d.cloudfront.net/CIK-0000004962/09e36c20-e6c3-4ca3-92e2-b4b722db3aad.pdf,https://d18rn0p25nwr6d.cloudfront.net/CIK-0000004962/ce869662-a8d4-4c35-81a1-560dec824f49.xls
"Feb 01, 2022",Form 4,Statement of Changes in Beneficial Ownership,https://ir.americanexpress.com/financials/earnings-and-sec-filings/sec-filings-details/default.aspx?FilingId=15521474,https://d18rn0p25nwr6d.cloudfront.net/CIK-0000004962/b89f1c5d-1dc1-4532-9409-25a4579662a7.pdf,https://d18rn0p25nwr6d.cloudfront.net/CIK-0000004962/3d1e9577-0264-4083-ae10-9f9f942c19d0.xls
"Feb 01, 2022",Form 4,Statement of Changes in Beneficial Ownership,https://ir.americanexpress.com/financials/earnings-and-sec-filings/sec-filings-details/default.aspx?FilingId=15521470,https://d18rn0p25nwr6d.cloudfront.net/CIK-0000004962/1bf12531-08e1-44f4-b134-329277c692f6.pdf,https://d18rn0p25nwr6d.cloudfront.net/CIK-0000004962/b795b45d-e80d-419d-b6d1-8c239beca2ed.xls
"Jan 04, 2022",Form 4,Statement of Changes in Beneficial Ownership,https://ir.americanexpress.com/financials/earnings-and-sec-filings/sec-filings-details/default.aspx?FilingId=15461777,https://d18rn0p25nwr6d.cloudfront.net/CIK-0000004962/7d90eefd-28ec-4fd8-aeb0-7bb4594e56ee.pdf,https://d18rn0p25nwr6d.cloudfront.net/CIK-0000004962/6b760223-5bce-42bf-9c44-38d7a235ccb2.xls
"Jan 04, 2022",Form 4,Statement of Changes in Beneficial Ownership,https://ir.americanexpress.com/financials/earnings-and-sec-filings/sec-filings-details/default.aspx?FilingId=15461738,https://d18rn0p25nwr6d.cloudfront.net/CIK-0000004962/9a6e195b-90d4-4c49-bc10-0c9218274acb.pdf,https://d18rn0p25nwr6d.cloudfront.net/CIK-0000004962/99e4dff5-9517-491b-8018-c31d16283402.xls
"Jan 04, 2022",Form 4,Statement of Changes in Beneficial Ownership,https://ir.americanexpress.com/financials/earnings-and-sec-filings/sec-filings-details/default.aspx?FilingId=15461676,https://d18rn0p25nwr6d.cloudfront.net/CIK-0000004962/58545be3-3d25-4805-aa3a-6c9bea908f9b.pdf,https://d18rn0p25nwr6d.cloudfront.net/CIK-0000004962/b8479e23-9ff6-4cbe-a5fb-0f900435f9de.xls
"Jan 04, 2022",Form 4,Statement of Changes in Beneficial Ownership,https://ir.americanexpress.com/financials/earnings-and-sec-filings/sec-filings-details/default.aspx?FilingId=15461615,https://d18rn0p25nwr6d.cloudfront.net/CIK-0000004962/2319aa05-5602-4423-b474-55d10c00e232.pdf,https://d18rn0p25nwr6d.cloudfront.net/CIK-0000004962/01466913-1698-4443-bd3e-acc6efdb42a7.xls
"Jan 04, 2022",Form 4,Statement of Changes in Beneficial Ownership,https://ir.americanexpress.com/financials/earnings-and-sec-filings/sec-filings-details/default.aspx?FilingId=15461550,https://d18rn0p25nwr6d.cloudfront.net/CIK-0000004962/f338b89e-0eb8-4c8e-a896-248b8842b65c.pdf,https://d18rn0p25nwr6d.cloudfront.net/CIK-0000004962/8e5c3d64-a6d9-4265-925d-c8f305409df8.xls
"Jan 04, 2022",Form 4,Statement of Changes in Beneficial Ownership,https://ir.americanexpress.com/financials/earnings-and-sec-filings/sec-filings-details/default.aspx?FilingId=15461405,https://d18rn0p25nwr6d.cloudfront.net/CIK-0000004962/854a2fb9-2d43-47f6-8209-e921a3d4c3a5.pdf,https://d18rn0p25nwr6d.cloudfront.net/CIK-0000004962/b62e30f4-34c6-4c9b-827f-8ab6aa36b20e.xls
"Jan 04, 2022",Form 4,Statement of Changes in Beneficial Ownership,https://ir.americanexpress.com/financials/earnings-and-sec-filings/sec-filings-details/default.aspx?FilingId=15461287,https://d18rn0p25nwr6d.cloudfront.net/CIK-0000004962/774ef1e7-a7f8-4cb4-990f-c03d1b395d52.pdf,https://d18rn0p25nwr6d.cloudfront.net/CIK-0000004962/cd0e95d0-db8c-448f-8af0-c07e71efcde7.xls
"Nov 29, 2021",Form 4,Statement of Changes in Beneficial Ownership,https://ir.americanexpress.com/financials/earnings-and-sec-filings/sec-filings-details/default.aspx?FilingId=15388018,https://d18rn0p25nwr6d.cloudfront.net/CIK-0000004962/940717bc-b01d-433f-b479-54104a3c9845.pdf,https://d18rn0p25nwr6d.cloudfront.net/CIK-0000004962/7a027fee-a971-480a-8db0-3d548b3b18a5.xls
"Nov 02, 2021",Form 4,Statement of Changes in Beneficial Ownership,https://ir.americanexpress.com/financials/earnings-and-sec-filings/sec-filings-details/default.aspx?FilingId=15322247,https://d18rn0p25nwr6d.cloudfront.net/CIK-0000004962/dbe14667-5edb-477a-b114-4d26bb83ba17.pdf,https://d18rn0p25nwr6d.cloudfront.net/CIK-0000004962/80f60b17-9575-4447-8674-7a8cd969d833.xls
"Nov 02, 2021",Form 4,Statement of Changes in Beneficial Ownership,https://ir.americanexpress.com/financials/earnings-and-sec-filings/sec-filings-details/default.aspx?FilingId=15322243,https://d18rn0p25nwr6d.cloudfront.net/CIK-0000004962/d46ab42f-1509-42f5-8034-e4953515f75e.pdf,https://d18rn0p25nwr6d.cloudfront.net/CIK-0000004962/f04a7dc6-d9bb-4871-a006-894f65ab636a.xls
"Oct 04, 2021",Form 4,Statement of Changes in Beneficial Ownership,https://ir.americanexpress.com/financials/earnings-and-sec-filings/sec-filings-details/default.aspx?FilingId=15265504,https://d18rn0p25nwr6d.cloudfront.net/CIK-0000004962/77824ddd-eaa8-4370-bf83-4c6bf4145ba9.pdf,https://d18rn0p25nwr6d.cloudfront.net/CIK-0000004962/105a9017-e2a1-4e34-b220-15e871f0ec79.xls
"Oct 04, 2021",Form 4,Statement of Changes in Beneficial Ownership,https://ir.americanexpress.com/financials/earnings-and-sec-filings/sec-filings-details/default.aspx?FilingId=15265507,https://d18rn0p25nwr6d.cloudfront.net/CIK-0000004962/664b777e-18e9-4df3-b3d3-ad3da1948d0c.pdf,https://d18rn0p25nwr6d.cloudfront.net/CIK-0000004962/d5c545aa-30b7-411a-8db6-9be2582f1c7b.xls
"Oct 04, 2021",Form 4,Statement of Changes in Beneficial Ownership,https://ir.americanexpress.com/financials/earnings-and-sec-filings/sec-filings-details/default.aspx?FilingId=15265497,https://d18rn0p25nwr6d.cloudfront.net/CIK-0000004962/12b63da3-a5dc-4202-8850-4f9e20d97f94.pdf,https://d18rn0p25nwr6d.cloudfront.net/CIK-0000004962/f5829664-59c7-4af1-9431-53451c85284c.xls
"Oct 04, 2021",Form 4,Statement of Changes in Beneficial Ownership,https://ir.americanexpress.com/financials/earnings-and-sec-filings/sec-filings-details/default.aspx?FilingId=15265484,https://d18rn0p25nwr6d.cloudfront.net/CIK-0000004962/8993d8d8-a478-41d3-aa99-e23726dad669.pdf,https://d18rn0p25nwr6d.cloudfront.net/CIK-0000004962/c8aed217-fd4f-4abb-b183-3f118a25953f.xls
"Oct 04, 2021",Form 4,Statement of Changes in Beneficial Ownership,https://ir.americanexpress.com/financials/earnings-and-sec-filings/sec-filings-details/default.aspx?FilingId=15265490,https://d18rn0p25nwr6d.cloudfront.net/CIK-0000004962/84acc284-0e31-459d-846a-8ff5bb6a8f94.pdf,https://d18rn0p25nwr6d.cloudfront.net/CIK-0000004962/3024fe16-f1b4-4a2a-9aca-65e3efa9ec00.xls
"Oct 04, 2021",Form 4,Statement of Changes in Beneficial Ownership,https://ir.americanexpress.com/financials/earnings-and-sec-filings/sec-filings-details/default.aspx?FilingId=15265471,https://d18rn0p25nwr6d.cloudfront.net/CIK-0000004962/0eb7bfb2-7759-414f-8910-927f72c88c8b.pdf,https://d18rn0p25nwr6d.cloudfront.net/CIK-0000004962/9b70815e-5d6a-45b9-8d8b-9a9253176fe7.xls
"Oct 04, 2021",Form 4,Statement of Changes in Beneficial Ownership,https://ir.americanexpress.com/financials/earnings-and-sec-filings/sec-filings-details/default.aspx?FilingId=15265460,https://d18rn0p25nwr6d.cloudfront.net/CIK-0000004962/2ffc2708-0590-4e0d-8b71-53b0b9d2eda2.pdf,https://d18rn0p25nwr6d.cloudfront.net/CIK-0000004962/ff896e73-5d6e-4b66-9e1d-a568c3e5921c.xls
"Oct 04, 2021",Form 4,Statement of Changes in Beneficial Ownership,https://ir.americanexpress.com/financials/earnings-and-sec-filings/sec-filings-details/default.aspx?FilingId=15265445,https://d18rn0p25nwr6d.cloudfront.net/CIK-0000004962/41227cad-52ff-457e-a346-b7586dcb06b5.pdf,https://d18rn0p25nwr6d.cloudfront.net/CIK-0000004962/bb48adca-c3f8-4926-9ff7-8df451d284d0.xls
"Sep 14, 2021",Form 4,Statement of Changes in Beneficial Ownership,https://ir.americanexpress.com/financials/earnings-and-sec-filings/sec-filings-details/default.aspx?FilingId=15224261,https://d18rn0p25nwr6d.cloudfront.net/CIK-0000004962/40aef14e-a6f3-4f83-9457-238f17b763a5.pdf,https://d18rn0p25nwr6d.cloudfront.net/CIK-0000004962/3660a6d4-cd65-4aa9-a5f9-757041d33a82.xls
"Aug 04, 2021",Form 4,Statement of Changes in Beneficial Ownership,https://ir.americanexpress.com/financials/earnings-and-sec-filings/sec-filings-details/default.aspx?FilingId=15137200,https://d18rn0p25nwr6d.cloudfront.net/CIK-0000004962/76150502-f200-4fc6-81a0-b7def56b2a00.pdf,https://d18rn0p25nwr6d.cloudfront.net/CIK-0000004962/577e1913-5c3f-4fc9-92b7-c97ebd3aada0.xls
"Jul 02, 2021",Form 4,Statement of Changes in Beneficial Ownership,https://ir.americanexpress.com/financials/earnings-and-sec-filings/sec-filings-details/default.aspx?FilingId=15075468,https://d18rn0p25nwr6d.cloudfront.net/CIK-0000004962/9799c2fb-f110-4157-9f3d-0aa86862b263.pdf,https://d18rn0p25nwr6d.cloudfront.net/CIK-0000004962/031bfb0e-716c-4391-aefa-13e475d20e98.xls
"Jul 02, 2021",Form 4,Statement of Changes in Beneficial Ownership,https://ir.americanexpress.com/financials/earnings-and-sec-filings/sec-filings-details/default.aspx?FilingId=15075436,https://d18rn0p25nwr6d.cloudfront.net/CIK-0000004962/eac66e0d-d222-49ea-801a-5aa57e789e7b.pdf,https://d18rn0p25nwr6d.cloudfront.net/CIK-0000004962/f4d7e5c1-40a8-4ed7-84fc-9201cce97c91.xls
"Jul 02, 2021",Form 4,Statement of Changes in Beneficial Ownership,https://ir.americanexpress.com/financials/earnings-and-sec-filings/sec-filings-details/default.aspx?FilingId=15075442,https://d18rn0p25nwr6d.cloudfront.net/CIK-0000004962/427f19d6-8a89-4abb-91aa-b7911651ce3f.pdf,https://d18rn0p25nwr6d.cloudfront.net/CIK-0000004962/187a56e7-4a6e-49ac-b718-9cfe1e9069b0.xls
"Jul 02, 2021",Form 4,Statement of Changes in Beneficial Ownership,https://ir.americanexpress.com/financials/earnings-and-sec-filings/sec-filings-details/default.aspx?FilingId=15075421,https://d18rn0p25nwr6d.cloudfront.net/CIK-0000004962/ca5aecd6-7141-4069-b797-023ea771ffa5.pdf,https://d18rn0p25nwr6d.cloudfront.net/CIK-0000004962/9666da64-baad-4bf5-aa08-5ad5b697bc25.xls
"Jul 02, 2021",Form 4,Statement of Changes in Beneficial Ownership,https://ir.americanexpress.com/financials/earnings-and-sec-filings/sec-filings-details/default.aspx?FilingId=15075398,https://d18rn0p25nwr6d.cloudfront.net/CIK-0000004962/c372a632-a6a3-48d3-9516-3a4ce0165bfd.pdf,https://d18rn0p25nwr6d.cloudfront.net/CIK-0000004962/f2b7d4de-ce98-4e6c-a0f5-66f9d373ed0b.xls
"Jul 02, 2021",Form 4,Statement of Changes in Beneficial Ownership,https://ir.americanexpress.com/financials/earnings-and-sec-filings/sec-filings-details/default.aspx?FilingId=15075411,https://d18rn0p25nwr6d.cloudfront.net/CIK-0000004962/17932e21-efc8-4f1e-9207-cd1e26ca5492.pdf,https://d18rn0p25nwr6d.cloudfront.net/CIK-0000004962/7e672b44-7969-4e5c-9c87-23dac52a2e84.xls
"Jul 02, 2021",Form 4,Statement of Changes in Beneficial Ownership,https://ir.americanexpress.com/financials/earnings-and-sec-filings/sec-filings-details/default.aspx?FilingId=15075384,https://d18rn0p25nwr6d.cloudfront.net/CIK-0000004962/ba7341f8-2f43-4da1-9ad4-5dbc6690b049.pdf,https://d18rn0p25nwr6d.cloudfront.net/CIK-0000004962/a13937f9-7bbd-43e8-9ad5-85b1265bdc9f.xls
"Jul 02, 2021",Form 4,Statement of Changes in Beneficial Ownership,https://ir.americanexpress.com/financials/earnings-and-sec-filings/sec-filings-details/default.aspx?FilingId=15075376,https://d18rn0p25nwr6d.cloudfront.net/CIK-0000004962/f6fba5bb-f949-4633-a0d5-03e071277b57.pdf,https://d18rn0p25nwr6d.cloudfront.net/CIK-0000004962/f6de7fc8-6c06-43a5-9b36-765988af13e8.xls
"Jun 21, 2021",Form 4,Statement of Changes in Beneficial Ownership,https://ir.americanexpress.com/financials/earnings-and-sec-filings/sec-filings-details/default.aspx?FilingId=15042549,https://d18rn0p25nwr6d.cloudfront.net/CIK-0000004962/4b845bee-ca53-4b96-a852-7e0320973d97.pdf,https://d18rn0p25nwr6d.cloudfront.net/CIK-0000004962/d99671b5-5d5e-40b9-ac34-8d69191fbfd9.xls
"Jun 11, 2021",Form 4,Statement of Changes in Beneficial Ownership,https://ir.americanexpress.com/financials/earnings-and-sec-filings/sec-filings-details/default.aspx?FilingId=15026276,https://d18rn0p25nwr6d.cloudfront.net/CIK-0000004962/f8df8116-6f70-4a85-b9ab-2b592bdaa403.pdf,https://d18rn0p25nwr6d.cloudfront.net/CIK-0000004962/7919585d-df57-4131-83f2-03fffe2f14bc.xls
"May 11, 2021",Form 4,Statement of Changes in Beneficial Ownership,https://ir.americanexpress.com/financials/earnings-and-sec-filings/sec-filings-details/default.aspx?FilingId=14943612,https://d18rn0p25nwr6d.cloudfront.net/CIK-0000004962/31e5e909-b447-47d3-a2ed-d4078ad9817b.pdf,https://d18rn0p25nwr6d.cloudfront.net/CIK-0000004962/d817d973-216a-410d-a39b-721904eb9330.xls
"May 07, 2021",Form 3,Initial Statement of Beneficial Ownership,https://ir.americanexpress.com/financials/earnings-and-sec-filings/sec-filings-details/default.aspx?FilingId=14937335,https://d18rn0p25nwr6d.cloudfront.net/CIK-0000004962/ec19baee-9807-408d-bf40-97db1eb8a4ab.pdf,https://d18rn0p25nwr6d.cloudfront.net/CIK-0000004962/38fb10b1-848e-467c-b129-a949bc1b8db2.xls
"May 06, 2021",Form 4,Statement of Changes in Beneficial Ownership,https://ir.americanexpress.com/financials/earnings-and-sec-filings/sec-filings-details/default.aspx?FilingId=14931485,https://d18rn0p25nwr6d.cloudfront.net/CIK-0000004962/cd146e94-df6f-454f-9c31-1010c917e5d6.pdf,https://d18rn0p25nwr6d.cloudfront.net/CIK-0000004962/d325e0b7-08ec-4aeb-8e88-636d47341a62.xls
"May 06, 2021",Form 4,Statement of Changes in Beneficial Ownership,https://ir.americanexpress.com/financials/earnings-and-sec-filings/sec-filings-details/default.aspx?FilingId=14931450,https://d18rn0p25nwr6d.cloudfront.net/CIK-0000004962/083d412e-e92f-4fec-8b4d-5cde6809a6b8.pdf,https://d18rn0p25nwr6d.cloudfront.net/CIK-0000004962/b098276b-c2bf-41cf-9d9a-060be01dc934.xls
"May 06, 2021",Form 4,Statement of Changes in Beneficial Ownership,https://ir.americanexpress.com/financials/earnings-and-sec-filings/sec-filings-details/default.aspx?FilingId=14931461,https://d18rn0p25nwr6d.cloudfront.net/CIK-0000004962/fff30775-a323-46eb-b627-f79b666d8d08.pdf,https://d18rn0p25nwr6d.cloudfront.net/CIK-0000004962/13fcd7d7-6efd-4a53-b24d-0f6969d50f6c.xls
"May 06, 2021",Form 4,Statement of Changes in Beneficial Ownership,https://ir.americanexpress.com/financials/earnings-and-sec-filings/sec-filings-details/default.aspx?FilingId=14931433,https://d18rn0p25nwr6d.cloudfront.net/CIK-0000004962/3fb3cf9d-14f4-461a-af60-a2c07ca4b127.pdf,https://d18rn0p25nwr6d.cloudfront.net/CIK-0000004962/bdccd133-f0a5-491c-8abd-5e65aad0db35.xls
"May 06, 2021",Form 4,Statement of Changes in Beneficial Ownership,https://ir.americanexpress.com/financials/earnings-and-sec-filings/sec-filings-details/default.aspx?FilingId=14931435,https://d18rn0p25nwr6d.cloudfront.net/CIK-0000004962/a7bf896a-4d20-46db-9bd0-c9f0336d6a45.pdf,https://d18rn0p25nwr6d.cloudfront.net/CIK-0000004962/b67fb3de-518c-41fc-8571-d0fa50c90b15.xls
"May 06, 2021",Form 4,Statement of Changes in Beneficial Ownership,https://ir.americanexpress.com/financials/earnings-and-sec-filings/sec-filings-details/default.aspx?FilingId=14931427,https://d18rn0p25nwr6d.cloudfront.net/CIK-0000004962/9971a8e6-1961-4473-8cd5-b9452f26c4c8.pdf,https://d18rn0p25nwr6d.cloudfront.net/CIK-0000004962/16844a9a-9b7c-4f6f-9106-bca0540aa6f8.xls
"May 06, 2021",Form 4,Statement of Changes in Beneficial Ownership,https://ir.americanexpress.com/financials/earnings-and-sec-filings/sec-filings-details/default.aspx?FilingId=14931408,https://d18rn0p25nwr6d.cloudfront.net/CIK-0000004962/494d0445-9c6d-4e92-b6c4-221e0a785919.pdf,https://d18rn0p25nwr6d.cloudfront.net/CIK-0000004962/0bac0be4-d58d-472b-b25f-ee3ae24ca239.xls
"May 06, 2021",Form 4,Statement of Changes in Beneficial Ownership,https://ir.americanexpress.com/financials/earnings-and-sec-filings/sec-filings-details/default.aspx?FilingId=14931417,https://d18rn0p25nwr6d.cloudfront.net/CIK-0000004962/a8212f14-db90-403c-9c20-9fb7cb2abfe4.pdf,https://d18rn0p25nwr6d.cloudfront.net/CIK-0000004962/c65952c2-cd33-40d9-9a46-1e694e5ed88b.xls
"May 06, 2021",Form 4,Statement of Changes in Beneficial Ownership,https://ir.americanexpress.com/financials/earnings-and-sec-filings/sec-filings-details/default.aspx?FilingId=14931384,https://d18rn0p25nwr6d.cloudfront.net/CIK-0000004962/a9b6946a-833a-4c56-bac4-0a29cccbf096.pdf,https://d18rn0p25nwr6d.cloudfront.net/CIK-0000004962/b2244902-ec80-401a-9be5-fc5dd2be9078.xls
"May 06, 2021",Form 4,Statement of Changes in Beneficial Ownership,https://ir.americanexpress.com/financials/earnings-and-sec-filings/sec-filings-details/default.aspx?FilingId=14931388,https://d18rn0p25nwr6d.cloudfront.net/CIK-0000004962/c7faf4ec-e1bc-4b80-9298-8ebdb428ec75.pdf,https://d18rn0p25nwr6d.cloudfront.net/CIK-0000004962/2c48f6a4-d0c6-45da-bbd0-36161b2d94d5.xls
"May 06, 2021",Form 4,Statement of Changes in Beneficial Ownership,https://ir.americanexpress.com/financials/earnings-and-sec-filings/sec-filings-details/default.aspx?FilingId=14931367,https://d18rn0p25nwr6d.cloudfront.net/CIK-0000004962/569300b4-7d83-4599-9888-59fa9b63fb85.pdf,https://d18rn0p25nwr6d.cloudfront.net/CIK-0000004962/1ee44b50-3c62-458a-9324-e290c79ca407.xls
"May 06, 2021",Form 4,Statement of Changes in Beneficial Ownership,https://ir.americanexpress.com/financials/earnings-and-sec-filings/sec-filings-details/default.aspx?FilingId=14931356,https://d18rn0p25nwr6d.cloudfront.net/CIK-0000004962/f1977c5a-5387-4f79-bb7b-068c3a4f8720.pdf,https://d18rn0p25nwr6d.cloudfront.net/CIK-0000004962/fc8f8728-fb01-401b-839e-6f57c1b87168.xls
"May 06, 2021",Form 4,Statement of Changes in Beneficial Ownership,https://ir.americanexpress.com/financials/earnings-and-sec-filings/sec-filings-details/default.aspx?FilingId=14931361,https://d18rn0p25nwr6d.cloudfront.net/CIK-0000004962/3073ead1-9ebc-479b-9cbc-7873f519f435.pdf,https://d18rn0p25nwr6d.cloudfront.net/CIK-0000004962/15217b9d-b75b-4f4e-9faf-207303737e5a.xls
"May 06, 2021",Form 4,Statement of Changes in Beneficial Ownership,https://ir.americanexpress.com/financials/earnings-and-sec-filings/sec-filings-details/default.aspx?FilingId=14931342,https://d18rn0p25nwr6d.cloudfront.net/CIK-0000004962/8b26306d-83b9-4ddc-85fc-642a5e93dc48.pdf,https://d18rn0p25nwr6d.cloudfront.net/CIK-0000004962/1330c0dd-b3b1-4cb7-aa00-c119e18bc135.xls
"May 04, 2021",Form 4,Statement of Changes in Beneficial Ownership,https://ir.americanexpress.com/financials/earnings-and-sec-filings/sec-filings-details/default.aspx?FilingId=14924595,https://d18rn0p25nwr6d.cloudfront.net/CIK-0000004962/04e2ea84-932c-424e-aa79-df0094ee78d0.pdf,https://d18rn0p25nwr6d.cloudfront.net/CIK-0000004962/bd31735a-a40f-4bf6-b206-73b16edabdf0.xls
"May 04, 2021",Form 4,Statement of Changes in Beneficial Ownership,https://ir.americanexpress.com/financials/earnings-and-sec-filings/sec-filings-details/default.aspx?FilingId=14924660,https://d18rn0p25nwr6d.cloudfront.net/CIK-0000004962/12ee9e60-7862-480f-bd36-7b5e0eb9e5a6.pdf,https://d18rn0p25nwr6d.cloudfront.net/CIK-0000004962/2cd0d406-ce6c-493e-9e72-88fd548e90f6.xls
"May 04, 2021",Form 4,Statement of Changes in Beneficial Ownership,https://ir.americanexpress.com/financials/earnings-and-sec-filings/sec-filings-details/default.aspx?FilingId=14924491,https://d18rn0p25nwr6d.cloudfront.net/CIK-0000004962/de8e2858-ed13-4770-9444-e08eff255b1c.pdf,https://d18rn0p25nwr6d.cloudfront.net/CIK-0000004962/1bf20cbf-3e41-4c77-93bc-cd12a3eaaef1.xls
"May 04, 2021",Form 4,Statement of Changes in Beneficial Ownership,https://ir.americanexpress.com/financials/earnings-and-sec-filings/sec-filings-details/default.aspx?FilingId=14924434,https://d18rn0p25nwr6d.cloudfront.net/CIK-0000004962/4a32d448-9dca-4c57-88d5-78a4336951be.pdf,https://d18rn0p25nwr6d.cloudfront.net/CIK-0000004962/6aca41ae-b773-453f-bb9e-69f9af54c9c4.xls
"May 04, 2021",Form 4,Statement of Changes in Beneficial Ownership,https://ir.americanexpress.com/financials/earnings-and-sec-filings/sec-filings-details/default.aspx?FilingId=14924377,https://d18rn0p25nwr6d.cloudfront.net/CIK-0000004962/d0c26767-c58d-4170-a37d-a899636fd5a6.pdf,https://d18rn0p25nwr6d.cloudfront.net/CIK-0000004962/93b0283a-1d94-4c89-ad5c-e66c06b0a58a.xls
"May 04, 2021",Form 4,Statement of Changes in Beneficial Ownership,https://ir.americanexpress.com/financials/earnings-and-sec-filings/sec-filings-details/default.aspx?FilingId=14924326,https://d18rn0p25nwr6d.cloudfront.net/CIK-0000004962/188e82b2-c86c-4cf3-a4a1-c0cea185b201.pdf,https://d18rn0p25nwr6d.cloudfront.net/CIK-0000004962/87765ec9-8f2d-4ff7-93b3-6a90f0d8ae9b.xls
"May 04, 2021",Form 4,Statement of Changes in Beneficial Ownership,https://ir.americanexpress.com/financials/earnings-and-sec-filings/sec-filings-details/default.aspx?FilingId=14924256,https://d18rn0p25nwr6d.cloudfront.net/CIK-0000004962/0fb293e8-4476-42de-b8bf-317fad69c0ec.pdf,https://d18rn0p25nwr6d.cloudfront.net/CIK-0000004962/2658813c-d4ea-444b-aeeb-4ce06f16bde8.xls
"May 04, 2021",Form 4,Statement of Changes in Beneficial Ownership,https://ir.americanexpress.com/financials/earnings-and-sec-filings/sec-filings-details/default.aspx?FilingId=14924278,https://d18rn0p25nwr6d.cloudfront.net/CIK-0000004962/0c965bea-992f-4391-a89b-0e12008c9129.pdf,https://d18rn0p25nwr6d.cloudfront.net/CIK-0000004962/a3ed7de2-2f15-43e7-b5f4-b3c8bb34c9e6.xls
"May 04, 2021",Form 4,Statement of Changes in Beneficial Ownership,https://ir.americanexpress.com/financials/earnings-and-sec-filings/sec-filings-details/default.aspx?FilingId=14924224,https://d18rn0p25nwr6d.cloudfront.net/CIK-0000004962/8e1d5171-75b0-45ee-838b-bca09281376d.pdf,https://d18rn0p25nwr6d.cloudfront.net/CIK-0000004962/5c156797-a4c0-427b-85cb-2bed4958d138.xls
"Apr 02, 2021",Form 4,Statement of Changes in Beneficial Ownership,https://ir.americanexpress.com/financials/earnings-and-sec-filings/sec-filings-details/default.aspx?FilingId=14850998,https://d18rn0p25nwr6d.cloudfront.net/CIK-0000004962/3dc096db-0cb5-48c3-8dfc-04c79182d0a5.pdf,https://d18rn0p25nwr6d.cloudfront.net/CIK-0000004962/0afcc5cd-2961-46c2-991e-eff9e721a80c.xls
"Apr 02, 2021",Form 4,Statement of Changes in Beneficial Ownership,https://ir.americanexpress.com/financials/earnings-and-sec-filings/sec-filings-details/default.aspx?FilingId=14850914,https://d18rn0p25nwr6d.cloudfront.net/CIK-0000004962/1ace3ea2-83c3-4f36-8143-9f9080aea9c2.pdf,https://d18rn0p25nwr6d.cloudfront.net/CIK-0000004962/54e13f8f-dd5d-48ca-a20b-90652d13c85d.xls
"Apr 02, 2021",Form 4,Statement of Changes in Beneficial Ownership,https://ir.americanexpress.com/financials/earnings-and-sec-filings/sec-filings-details/default.aspx?FilingId=14850937,https://d18rn0p25nwr6d.cloudfront.net/CIK-0000004962/2f83316d-95c7-4ac8-ae67-63a3d216c3bc.pdf,https://d18rn0p25nwr6d.cloudfront.net/CIK-0000004962/6ee217b8-981b-411e-9a82-3bc3cd7daf95.xls
"Apr 02, 2021",Form 4,Statement of Changes in Beneficial Ownership,https://ir.americanexpress.com/financials/earnings-and-sec-filings/sec-filings-details/default.aspx?FilingId=14850862,https://d18rn0p25nwr6d.cloudfront.net/CIK-0000004962/23fa25ca-6606-4f62-a54a-b9debd5d4d3d.pdf,https://d18rn0p25nwr6d.cloudfront.net/CIK-0000004962/b560d7f3-e82f-4437-a093-d12ce249cc35.xls
"Apr 02, 2021",Form 4,Statement of Changes in Beneficial Ownership,https://ir.americanexpress.com/financials/earnings-and-sec-filings/sec-filings-details/default.aspx?FilingId=14850883,https://d18rn0p25nwr6d.cloudfront.net/CIK-0000004962/ebda7e00-931c-494f-a2f3-ac609055187a.pdf,https://d18rn0p25nwr6d.cloudfront.net/CIK-0000004962/044a9e79-c2c1-4fa4-b565-6e48f15eacb2.xls
"Apr 02, 2021",Form 4,Statement of Changes in Beneficial Ownership,https://ir.americanexpress.com/financials/earnings-and-sec-filings/sec-filings-details/default.aspx?FilingId=14850894,https://d18rn0p25nwr6d.cloudfront.net/CIK-0000004962/037e3e88-84cd-4e0b-a250-ce17f8477a1f.pdf,https://d18rn0p25nwr6d.cloudfront.net/CIK-0000004962/e85dff9e-ccb0-4b52-8ec0-ddc7905d9329.xls
"Apr 02, 2021",Form 4,Statement of Changes in Beneficial Ownership,https://ir.americanexpress.com/financials/earnings-and-sec-filings/sec-filings-details/default.aspx?FilingId=14850801,https://d18rn0p25nwr6d.cloudfront.net/CIK-0000004962/36c21120-3514-4b78-bb7b-5153e4f4ad01.pdf,https://d18rn0p25nwr6d.cloudfront.net/CIK-0000004962/d5969c0d-048a-49f1-a4f9-1e510db07d4f.xls
"Apr 02, 2021",Form 4,Statement of Changes in Beneficial Ownership,https://ir.americanexpress.com/financials/earnings-and-sec-filings/sec-filings-details/default.aspx?FilingId=14850846,https://d18rn0p25nwr6d.cloudfront.net/CIK-0000004962/36b1ecf1-54ec-4ca3-86a0-8d53299a81d2.pdf,https://d18rn0p25nwr6d.cloudfront.net/CIK-0000004962/cde247ce-4d8b-4c7c-bd76-998fd17fe20c.xls
"Apr 02, 2021",Form 4,Statement of Changes in Beneficial Ownership,https://ir.americanexpress.com/financials/earnings-and-sec-filings/sec-filings-details/default.aspx?FilingId=14850781,https://d18rn0p25nwr6d.cloudfront.net/CIK-0000004962/fe78a3ba-e4ec-4268-b307-fe6a5d0da006.pdf,https://d18rn0p25nwr6d.cloudfront.net/CIK-0000004962/79d0b9be-3bdb-4279-a799-31b7117d5023.xls
"Mar 18, 2021",Form 3,Initial Statement of Beneficial Ownership,https://ir.americanexpress.com/financials/earnings-and-sec-filings/sec-filings-details/default.aspx?FilingId=14810040,https://d18rn0p25nwr6d.cloudfront.net/CIK-0000004962/b5f8c3a2-52b9-4c86-aa67-6b12d87e9d5b.pdf,https://d18rn0p25nwr6d.cloudfront.net/CIK-0000004962/3cbc7aea-faff-4d90-836f-57dbfef276eb.xls
"Mar 11, 2021",Form 4,Statement of Changes in Beneficial Ownership,https://ir.americanexpress.com/financials/earnings-and-sec-filings/sec-filings-details/default.aspx?FilingId=14792100,https://d18rn0p25nwr6d.cloudfront.net/CIK-0000004962/8e7cba07-8ff1-461e-afb8-67127c4c963d.pdf,https://d18rn0p25nwr6d.cloudfront.net/CIK-0000004962/58d0a259-4667-44fe-8591-265ed6164ac9.xls
"Mar 09, 2021",Form 4,Statement of Changes in Beneficial Ownership,https://ir.americanexpress.com/financials/earnings-and-sec-filings/sec-filings-details/default.aspx?FilingId=14786815,https://d18rn0p25nwr6d.cloudfront.net/CIK-0000004962/cd34499b-05de-4913-94fc-f225ef6358b1.pdf,https://d18rn0p25nwr6d.cloudfront.net/CIK-0000004962/37ad4433-28cb-4af5-80ee-89ddeb115faa.xls
"Mar 02, 2021",Form 4,Statement of Changes in Beneficial Ownership,https://ir.americanexpress.com/financials/earnings-and-sec-filings/sec-filings-details/default.aspx?FilingId=14764979,https://d18rn0p25nwr6d.cloudfront.net/CIK-0000004962/324d04b3-5059-403e-bf36-f45503e39a22.pdf,https://d18rn0p25nwr6d.cloudfront.net/CIK-0000004962/69113c3b-9da0-4db1-b6a0-5aeddef3d75f.xls
"Feb 09, 2021",Form 4,Statement of Changes in Beneficial Ownership,https://ir.americanexpress.com/financials/earnings-and-sec-filings/sec-filings-details/default.aspx?FilingId=14684032,https://d18rn0p25nwr6d.cloudfront.net/CIK-0000004962/10ab0445-4684-493d-a55e-4a0fccd714cd.pdf,https://d18rn0p25nwr6d.cloudfront.net/CIK-0000004962/0d90a9eb-53f1-4c01-9c19-225bf5689806.xls
"Feb 05, 2021",Form 3,Initial Statement of Beneficial Ownership,https://ir.americanexpress.com/financials/earnings-and-sec-filings/sec-filings-details/default.aspx?FilingId=14674860,https://d18rn0p25nwr6d.cloudfront.net/CIK-0000004962/4dac0f5a-05fc-4c1a-8ca6-6cedea2510e5.pdf,https://d18rn0p25nwr6d.cloudfront.net/CIK-0000004962/399fa120-cd87-438a-91fc-e28498eb5f36.xls
"Feb 04, 2021",Form 4,Statement of Changes in Beneficial Ownership,https://ir.americanexpress.com/financials/earnings-and-sec-filings/sec-filings-details/default.aspx?FilingId=14672011,https://d18rn0p25nwr6d.cloudfront.net/CIK-0000004962/72f1917c-53c2-4f17-a633-a1a54a9ebaee.pdf,https://d18rn0p25nwr6d.cloudfront.net/CIK-0000004962/84da671d-c51f-4b39-8056-894bbc0ec793.xls
"Jan 28, 2021",Form 4,Statement of Changes in Beneficial Ownership,https://ir.americanexpress.com/financials/earnings-and-sec-filings/sec-filings-details/default.aspx?FilingId=14650183,https://d18rn0p25nwr6d.cloudfront.net/CIK-0000004962/197e729b-6bfe-446a-8474-4a8be0b3c38a.pdf,https://d18rn0p25nwr6d.cloudfront.net/CIK-0000004962/09a92361-bfa8-4caa-9141-89d9148ea4a6.xls
"Jan 28, 2021",Form 4,Statement of Changes in Beneficial Ownership,https://ir.americanexpress.com/financials/earnings-and-sec-filings/sec-filings-details/default.aspx?FilingId=14650175,https://d18rn0p25nwr6d.cloudfront.net/CIK-0000004962/e471e207-1c4f-4a26-875d-5f75ce7cec41.pdf,https://d18rn0p25nwr6d.cloudfront.net/CIK-0000004962/66e6a009-2ddf-4eba-89c2-821e9230eea3.xls
"Jan 28, 2021",Form 4,Statement of Changes in Beneficial Ownership,https://ir.americanexpress.com/financials/earnings-and-sec-filings/sec-filings-details/default.aspx?FilingId=14650166,https://d18rn0p25nwr6d.cloudfront.net/CIK-0000004962/854e1aa0-378e-482c-9b61-c4528a10b706.pdf,https://d18rn0p25nwr6d.cloudfront.net/CIK-0000004962/fd54b470-ec27-4dbc-b10d-e1804b86c2fa.xls
"Jan 28, 2021",Form 4,Statement of Changes in Beneficial Ownership,https://ir.americanexpress.com/financials/earnings-and-sec-filings/sec-filings-details/default.aspx?FilingId=14650139,https://d18rn0p25nwr6d.cloudfront.net/CIK-0000004962/ea012479-bec3-4541-ad9c-d057a55913e1.pdf,https://d18rn0p25nwr6d.cloudfront.net/CIK-0000004962/8d6845bb-d4e5-4595-8f8a-1f4b0d156ff6.xls
"Jan 28, 2021",Form 4,Statement of Changes in Beneficial Ownership,https://ir.americanexpress.com/financials/earnings-and-sec-filings/sec-filings-details/default.aspx?FilingId=14650148,https://d18rn0p25nwr6d.cloudfront.net/CIK-0000004962/a2c93040-7384-4ffe-89d2-5898551990e4.pdf,https://d18rn0p25nwr6d.cloudfront.net/CIK-0000004962/45f1214f-2d52-4f3e-9e80-28fbef0ce146.xls
"Jan 28, 2021",Form 4,Statement of Changes in Beneficial Ownership,https://ir.americanexpress.com/financials/earnings-and-sec-filings/sec-filings-details/default.aspx?FilingId=14650133,https://d18rn0p25nwr6d.cloudfront.net/CIK-0000004962/3ad15323-e798-4478-b975-2530cf6876f5.pdf,https://d18rn0p25nwr6d.cloudfront.net/CIK-0000004962/5b78ecfb-2ca5-4959-a771-b61b0afb4af3.xls
"Jan 28, 2021",Form 4,Statement of Changes in Beneficial Ownership,https://ir.americanexpress.com/financials/earnings-and-sec-filings/sec-filings-details/default.aspx?FilingId=14650098,https://d18rn0p25nwr6d.cloudfront.net/CIK-0000004962/e8d1b3c4-04dd-46c2-a9fa-c4661efb68f3.pdf,https://d18rn0p25nwr6d.cloudfront.net/CIK-0000004962/54bf06af-e877-4a98-bd82-df6f77ae5ea9.xls
"Jan 28, 2021",Form 4,Statement of Changes in Beneficial Ownership,https://ir.americanexpress.com/financials/earnings-and-sec-filings/sec-filings-details/default.aspx?FilingId=14650056,https://d18rn0p25nwr6d.cloudfront.net/CIK-0000004962/50de46bc-e62b-4a18-9338-65571449aa77.pdf,https://d18rn0p25nwr6d.cloudfront.net/CIK-0000004962/4e6e7611-f7c9-41eb-bb16-571873d971cc.xls
"Jan 28, 2021",Form 4,Statement of Changes in Beneficial Ownership,https://ir.americanexpress.com/financials/earnings-and-sec-filings/sec-filings-details/default.aspx?FilingId=14650004,https://d18rn0p25nwr6d.cloudfront.net/CIK-0000004962/74d55301-2005-4526-a1bd-e49a43a64c69.pdf,https://d18rn0p25nwr6d.cloudfront.net/CIK-0000004962/87767b99-9e7d-4ee3-b36a-c699205371b7.xls
"Jan 28, 2021",Form 4,Statement of Changes in Beneficial Ownership,https://ir.americanexpress.com/financials/earnings-and-sec-filings/sec-filings-details/default.aspx?FilingId=14649935,https://d18rn0p25nwr6d.cloudfront.net/CIK-0000004962/a15c8301-eb86-4a23-b97a-1309fd5ad3bf.pdf,https://d18rn0p25nwr6d.cloudfront.net/CIK-0000004962/a5c124e1-cf7d-4488-9036-3f5527fa7cbe.xls
"Jan 05, 2021",Form 4,Statement of Changes in Beneficial Ownership,https://ir.americanexpress.com/financials/earnings-and-sec-filings/sec-filings-details/default.aspx?FilingId=14600934,https://d18rn0p25nwr6d.cloudfront.net/CIK-0000004962/4bebe866-21ca-45bc-b129-7a758bd74182.pdf,https://d18rn0p25nwr6d.cloudfront.net/CIK-0000004962/94088119-da99-41cd-8db8-6173f504bce4.xls
"Jan 05, 2021",Form 4,Statement of Changes in Beneficial Ownership,https://ir.americanexpress.com/financials/earnings-and-sec-filings/sec-filings-details/default.aspx?FilingId=14600911,https://d18rn0p25nwr6d.cloudfront.net/CIK-0000004962/d5beaa47-985c-4d6e-9fc6-412dd57401d3.pdf,https://d18rn0p25nwr6d.cloudfront.net/CIK-0000004962/579c4148-3c8f-42ab-90d0-80297c8fc8e1.xls
"Jan 05, 2021",Form 4,Statement of Changes in Beneficial Ownership,https://ir.americanexpress.com/financials/earnings-and-sec-filings/sec-filings-details/default.aspx?FilingId=14600896,https://d18rn0p25nwr6d.cloudfront.net/CIK-0000004962/87d45ca4-9dc8-49c6-8faf-c35b46d80e9b.pdf,https://d18rn0p25nwr6d.cloudfront.net/CIK-0000004962/2b54d89f-b68d-4ae0-91ce-80c1747a230a.xls
"Jan 05, 2021",Form 4,Statement of Changes in Beneficial Ownership,https://ir.americanexpress.com/financials/earnings-and-sec-filings/sec-filings-details/default.aspx?FilingId=14600871,https://d18rn0p25nwr6d.cloudfront.net/CIK-0000004962/981f09d1-b026-4002-b644-c978690d0e91.pdf,https://d18rn0p25nwr6d.cloudfront.net/CIK-0000004962/a1bc7480-c9b6-4276-9905-681839dbf58a.xls
"Jan 05, 2021",Form 4,Statement of Changes in Beneficial Ownership,https://ir.americanexpress.com/financials/earnings-and-sec-filings/sec-filings-details/default.aspx?FilingId=14600821,https://d18rn0p25nwr6d.cloudfront.net/CIK-0000004962/48a41cef-e2ed-4c96-90a7-96db2a36c588.pdf,https://d18rn0p25nwr6d.cloudfront.net/CIK-0000004962/990f944c-f2b3-4baf-abcd-cc2d45c59d49.xls
"Jan 05, 2021",Form 4,Statement of Changes in Beneficial Ownership,https://ir.americanexpress.com/financials/earnings-and-sec-filings/sec-filings-details/default.aspx?FilingId=14600842,https://d18rn0p25nwr6d.cloudfront.net/CIK-0000004962/a96e17c6-1daf-4a9b-998c-3facd96ae49b.pdf,https://d18rn0p25nwr6d.cloudfront.net/CIK-0000004962/54708a52-db9c-4390-a367-fdf5f86ec65b.xls
"Jan 05, 2021",Form 4,Statement of Changes in Beneficial Ownership,https://ir.americanexpress.com/financials/earnings-and-sec-filings/sec-filings-details/default.aspx?FilingId=14600777,https://d18rn0p25nwr6d.cloudfront.net/CIK-0000004962/7c21e4b6-c207-48d3-9192-f652044acda4.pdf,https://d18rn0p25nwr6d.cloudfront.net/CIK-0000004962/f0b748a3-b728-4a98-ab13-8130b2513be5.xls
"Jan 05, 2021",Form 4,Statement of Changes in Beneficial Ownership,https://ir.americanexpress.com/financials/earnings-and-sec-filings/sec-filings-details/default.aspx?FilingId=14600733,https://d18rn0p25nwr6d.cloudfront.net/CIK-0000004962/12e06933-bcee-4da5-b3de-ffe981ef11b2.pdf,https://d18rn0p25nwr6d.cloudfront.net/CIK-0000004962/d8a0558c-702d-41f2-803a-a1c1e7e94a22.xls
"Dec 11, 2020",Form 3,Initial Statement of Beneficial Ownership,https://ir.americanexpress.com/financials/earnings-and-sec-filings/sec-filings-details/default.aspx?FilingId=14557229,https://d18rn0p25nwr6d.cloudfront.net/CIK-0000004962/c0819581-1bea-4165-9234-44452ccce3b8.pdf,https://d18rn0p25nwr6d.cloudfront.net/CIK-0000004962/54299101-939d-4409-9aa6-42d16c9a7999.xls
"Nov 12, 2020",Form 4,Statement of Changes in Beneficial Ownership,https://ir.americanexpress.com/financials/earnings-and-sec-filings/sec-filings-details/default.aspx?FilingId=14496726,https://d18rn0p25nwr6d.cloudfront.net/CIK-0000004962/0441fe19-b8e6-4537-8b37-6e662cf2b18c.pdf,https://d18rn0p25nwr6d.cloudfront.net/CIK-0000004962/db828d1b-ab64-43ce-8a16-de3f44038df9.xls
"Nov 10, 2020",Form 4,Statement of Changes in Beneficial Ownership,https://ir.americanexpress.com/financials/earnings-and-sec-filings/sec-filings-details/default.aspx?FilingId=14492707,https://d18rn0p25nwr6d.cloudfront.net/CIK-0000004962/0b78f997-a20d-45c3-8e18-8e2702a8440f.pdf,https://d18rn0p25nwr6d.cloudfront.net/CIK-0000004962/4e5ab655-f90a-4074-a07f-a6aad9eae095.xls
"Nov 03, 2020",Form 4,Statement of Changes in Beneficial Ownership,https://ir.americanexpress.com/financials/earnings-and-sec-filings/sec-filings-details/default.aspx?FilingId=14476701,https://d18rn0p25nwr6d.cloudfront.net/CIK-0000004962/ceda14d5-7830-4563-ad93-293531af8092.pdf,https://d18rn0p25nwr6d.cloudfront.net/CIK-0000004962/ec734571-a0f7-4a51-b1f1-9dbee67a0dc3.xls
"Nov 03, 2020",Form 4,Statement of Changes in Beneficial Ownership,https://ir.americanexpress.com/financials/earnings-and-sec-filings/sec-filings-details/default.aspx?FilingId=14476696,https://d18rn0p25nwr6d.cloudfront.net/CIK-0000004962/e938d171-d04c-47ec-ab12-9d0cf60308f6.pdf,https://d18rn0p25nwr6d.cloudfront.net/CIK-0000004962/e141e33a-70b2-42ce-b632-d712a54ab541.xls
"Nov 03, 2020",Form 4,Statement of Changes in Beneficial Ownership,https://ir.americanexpress.com/financials/earnings-and-sec-filings/sec-filings-details/default.aspx?FilingId=14476685,https://d18rn0p25nwr6d.cloudfront.net/CIK-0000004962/d5d6faa5-a821-48e3-8fea-0ff836395c9a.pdf,https://d18rn0p25nwr6d.cloudfront.net/CIK-0000004962/9f990721-6b9e-46a0-b026-8922ee7dd61c.xls
"Nov 03, 2020",Form 4,Statement of Changes in Beneficial Ownership,https://ir.americanexpress.com/financials/earnings-and-sec-filings/sec-filings-details/default.aspx?FilingId=14476669,https://d18rn0p25nwr6d.cloudfront.net/CIK-0000004962/e088c2c0-2abb-4798-aa34-a388f320d6f4.pdf,https://d18rn0p25nwr6d.cloudfront.net/CIK-0000004962/cd7aafea-6857-4449-bad7-03f080be1f20.xls
"Nov 03, 2020",Form 4,Statement of Changes in Beneficial Ownership,https://ir.americanexpress.com/financials/earnings-and-sec-filings/sec-filings-details/default.aspx?FilingId=14476677,https://d18rn0p25nwr6d.cloudfront.net/CIK-0000004962/e816dd7c-38d1-4721-bf62-ceedeb1b4f57.pdf,https://d18rn0p25nwr6d.cloudfront.net/CIK-0000004962/80b3adbb-05a4-491b-a700-b37a4d2c4982.xls
"Oct 02, 2020",Form 4,Statement of Changes in Beneficial Ownership,https://ir.americanexpress.com/financials/earnings-and-sec-filings/sec-filings-details/default.aspx?FilingId=14425217,https://d18rn0p25nwr6d.cloudfront.net/CIK-0000004962/f9b1ff23-b8d8-448a-97e7-f416f10fd22c.pdf,https://d18rn0p25nwr6d.cloudfront.net/CIK-0000004962/4a3fda90-5fd7-4eaa-98c6-f1664df1d7ab.xls
"Oct 02, 2020",Form 4,Statement of Changes in Beneficial Ownership,https://ir.americanexpress.com/financials/earnings-and-sec-filings/sec-filings-details/default.aspx?FilingId=14425177,https://d18rn0p25nwr6d.cloudfront.net/CIK-0000004962/37645fc4-a51d-441d-b09b-31f421148c52.pdf,https://d18rn0p25nwr6d.cloudfront.net/CIK-0000004962/313d3e62-0b05-40b6-a84a-9846effabb85.xls
"Oct 02, 2020",Form 4,Statement of Changes in Beneficial Ownership,https://ir.americanexpress.com/financials/earnings-and-sec-filings/sec-filings-details/default.aspx?FilingId=14425185,https://d18rn0p25nwr6d.cloudfront.net/CIK-0000004962/b41e8063-8c12-49f7-a5d3-ce30a847e1a7.pdf,https://d18rn0p25nwr6d.cloudfront.net/CIK-0000004962/12e34b5d-75de-4a60-8402-17b66d4b9493.xls
"Oct 02, 2020",Form 4,Statement of Changes in Beneficial Ownership,https://ir.americanexpress.com/financials/earnings-and-sec-filings/sec-filings-details/default.aspx?FilingId=14425144,https://d18rn0p25nwr6d.cloudfront.net/CIK-0000004962/ccbdd98e-78f3-47e6-bd4c-58c25acc1f15.pdf,https://d18rn0p25nwr6d.cloudfront.net/CIK-0000004962/55e6cf4a-94e1-4f95-91e5-ac24416c6de6.xls
"Oct 02, 2020",Form 4,Statement of Changes in Beneficial Ownership,https://ir.americanexpress.com/financials/earnings-and-sec-filings/sec-filings-details/default.aspx?FilingId=14425155,https://d18rn0p25nwr6d.cloudfront.net/CIK-0000004962/25f238bd-11d0-40b2-baf9-25a767b5439f.pdf,https://d18rn0p25nwr6d.cloudfront.net/CIK-0000004962/ab06796b-eb9c-46fd-8929-f2c9ab0e6e60.xls
"Oct 02, 2020",Form 4,Statement of Changes in Beneficial Ownership,https://ir.americanexpress.com/financials/earnings-and-sec-filings/sec-filings-details/default.aspx?FilingId=14425167,https://d18rn0p25nwr6d.cloudfront.net/CIK-0000004962/09671c7a-711e-4d11-89bf-537cb26ac620.pdf,https://d18rn0p25nwr6d.cloudfront.net/CIK-0000004962/afd803ce-e4ab-49cf-9e44-fe3df69321f8.xls
"Oct 02, 2020",Form 4,Statement of Changes in Beneficial Ownership,https://ir.americanexpress.com/financials/earnings-and-sec-filings/sec-filings-details/default.aspx?FilingId=14425118,https://d18rn0p25nwr6d.cloudfront.net/CIK-0000004962/78655e69-7bf1-49de-9d94-1e1afa7fc54a.pdf,https://d18rn0p25nwr6d.cloudfront.net/CIK-0000004962/b77696d6-0571-4c98-b29f-6fb457ddd90b.xls
"Aug 20, 2020",Form 4,Statement of Changes in Beneficial Ownership,https://ir.americanexpress.com/financials/earnings-and-sec-filings/sec-filings-details/default.aspx?FilingId=14347451,https://d18rn0p25nwr6d.cloudfront.net/CIK-0000004962/c2389266-d08b-41d5-af72-5ad3ed3447a0.pdf,https://d18rn0p25nwr6d.cloudfront.net/CIK-0000004962/c5195040-c1b9-4015-bea0-d2cc020bc9d9.xls
"Jul 02, 2020",Form 4,Statement of Changes in Beneficial Ownership,https://ir.americanexpress.com/financials/earnings-and-sec-filings/sec-filings-details/default.aspx?FilingId=14255017,https://d18rn0p25nwr6d.cloudfront.net/CIK-0000004962/26c7bac4-98fd-4e59-864a-20a75b64784c.pdf,https://d18rn0p25nwr6d.cloudfront.net/CIK-0000004962/7b4388a8-0f5b-47df-a0af-51f7a95aa76e.xls
"Jul 02, 2020",Form 4,Statement of Changes in Beneficial Ownership,https://ir.americanexpress.com/financials/earnings-and-sec-filings/sec-filings-details/default.aspx?FilingId=14255097,https://d18rn0p25nwr6d.cloudfront.net/CIK-0000004962/89c1b2ce-8af9-4fb5-a35f-c64a03f47f88.pdf,https://d18rn0p25nwr6d.cloudfront.net/CIK-0000004962/26f4935f-cfe3-4b5d-ba0a-beb73bfdfb2f.xls
"Jul 02, 2020",Form 4,Statement of Changes in Beneficial Ownership,https://ir.americanexpress.com/financials/earnings-and-sec-filings/sec-filings-details/default.aspx?FilingId=14254903,https://d18rn0p25nwr6d.cloudfront.net/CIK-0000004962/05bd62cd-ab58-4b90-ad04-88a58d48cc55.pdf,https://d18rn0p25nwr6d.cloudfront.net/CIK-0000004962/4bd1a59a-f303-4623-992a-4f8d388eeb3b.xls
"Jul 02, 2020",Form 4,Statement of Changes in Beneficial Ownership,https://ir.americanexpress.com/financials/earnings-and-sec-filings/sec-filings-details/default.aspx?FilingId=14254797,https://d18rn0p25nwr6d.cloudfront.net/CIK-0000004962/01b3c10a-619b-475c-92b2-a17a6717ce9c.pdf,https://d18rn0p25nwr6d.cloudfront.net/CIK-0000004962/29179cbc-babf-4402-98e3-5483d602f851.xls
"Jul 02, 2020",Form 4,Statement of Changes in Beneficial Ownership,https://ir.americanexpress.com/financials/earnings-and-sec-filings/sec-filings-details/default.aspx?FilingId=14254579,https://d18rn0p25nwr6d.cloudfront.net/CIK-0000004962/05972f73-e7eb-48d2-8c39-77d65e11e40a.pdf,https://d18rn0p25nwr6d.cloudfront.net/CIK-0000004962/a0fdd333-9455-4bfa-b775-8d3a5b1157d8.xls
"Jul 02, 2020",Form 4,Statement of Changes in Beneficial Ownership,https://ir.americanexpress.com/financials/earnings-and-sec-filings/sec-filings-details/default.aspx?FilingId=14254705,https://d18rn0p25nwr6d.cloudfront.net/CIK-0000004962/d46b660c-eb7d-4be0-a468-f9b9fb123bfe.pdf,https://d18rn0p25nwr6d.cloudfront.net/CIK-0000004962/d439d259-b949-459a-ab47-1ca965ce441b.xls
"Jul 02, 2020",Form 4,Statement of Changes in Beneficial Ownership,https://ir.americanexpress.com/financials/earnings-and-sec-filings/sec-filings-details/default.aspx?FilingId=14254485,https://d18rn0p25nwr6d.cloudfront.net/CIK-0000004962/6f3d35ba-bb61-4a59-889f-7b444e5bb2ae.pdf,https://d18rn0p25nwr6d.cloudfront.net/CIK-0000004962/0099f715-1ff1-4240-b8e2-c503a4f9fc8e.xls
"May 07, 2020",Form 4,Statement of Changes in Beneficial Ownership,https://ir.americanexpress.com/financials/earnings-and-sec-filings/sec-filings-details/default.aspx?FilingId=14129284,https://d18rn0p25nwr6d.cloudfront.net/CIK-0000004962/0af22b06-d2de-4e88-89cd-ecbd0c6ebe94.pdf,https://d18rn0p25nwr6d.cloudfront.net/CIK-0000004962/f7a25c6c-6cd8-4ee1-9fa3-b95175792c21.xls
"May 07, 2020",Form 4,Statement of Changes in Beneficial Ownership,https://ir.americanexpress.com/financials/earnings-and-sec-filings/sec-filings-details/default.aspx?FilingId=14129254,https://d18rn0p25nwr6d.cloudfront.net/CIK-0000004962/8a28aecf-b123-4123-8e34-e7d43dd7ae98.pdf,https://d18rn0p25nwr6d.cloudfront.net/CIK-0000004962/1916e0a2-130a-4f34-8303-311bd32f4cda.xls
"May 07, 2020",Form 4,Statement of Changes in Beneficial Ownership,https://ir.americanexpress.com/financials/earnings-and-sec-filings/sec-filings-details/default.aspx?FilingId=14129239,https://d18rn0p25nwr6d.cloudfront.net/CIK-0000004962/3440849e-d6b5-4579-982f-f760fcdee8d9.pdf,https://d18rn0p25nwr6d.cloudfront.net/CIK-0000004962/2114a0c5-654a-46f1-b14b-c52fd373e69b.xls
"May 07, 2020",Form 4,Statement of Changes in Beneficial Ownership,https://ir.americanexpress.com/financials/earnings-and-sec-filings/sec-filings-details/default.aspx?FilingId=14129229,https://d18rn0p25nwr6d.cloudfront.net/CIK-0000004962/54368467-85cd-432a-9773-cc3ec6a9ea26.pdf,https://d18rn0p25nwr6d.cloudfront.net/CIK-0000004962/7f27d7cb-514e-48a7-ab2c-6dea6a7ca6e6.xls
"May 07, 2020",Form 4,Statement of Changes in Beneficial Ownership,https://ir.americanexpress.com/financials/earnings-and-sec-filings/sec-filings-details/default.aspx?FilingId=14129216,https://d18rn0p25nwr6d.cloudfront.net/CIK-0000004962/a0c79cbb-a28c-4764-ad03-364c47760eb1.pdf,https://d18rn0p25nwr6d.cloudfront.net/CIK-0000004962/b1c46b79-c937-4654-bf81-00457c31fe2c.xls
"May 07, 2020",Form 4,Statement of Changes in Beneficial Ownership,https://ir.americanexpress.com/financials/earnings-and-sec-filings/sec-filings-details/default.aspx?FilingId=14129197,https://d18rn0p25nwr6d.cloudfront.net/CIK-0000004962/77434162-54de-4122-bb81-fddf34df702b.pdf,https://d18rn0p25nwr6d.cloudfront.net/CIK-0000004962/1583fdf6-cc53-495c-be8b-f27e0cbaf813.xls
"May 07, 2020",Form 4,Statement of Changes in Beneficial Ownership,https://ir.americanexpress.com/financials/earnings-and-sec-filings/sec-filings-details/default.aspx?FilingId=14129202,https://d18rn0p25nwr6d.cloudfront.net/CIK-0000004962/1897d09a-089c-472b-b2d9-dcc759c788de.pdf,https://d18rn0p25nwr6d.cloudfront.net/CIK-0000004962/4a2be020-005f-4097-9df3-305fd39c5bb6.xls
"May 07, 2020",Form 4,Statement of Changes in Beneficial Ownership,https://ir.americanexpress.com/financials/earnings-and-sec-filings/sec-filings-details/default.aspx?FilingId=14129188,https://d18rn0p25nwr6d.cloudfront.net/CIK-0000004962/6492a44e-1228-4a42-ae45-650875491f6d.pdf,https://d18rn0p25nwr6d.cloudfront.net/CIK-0000004962/3e4153be-6837-41bb-ac01-15af6d6b02ef.xls
"May 07, 2020",Form 4,Statement of Changes in Beneficial Ownership,https://ir.americanexpress.com/financials/earnings-and-sec-filings/sec-filings-details/default.aspx?FilingId=14129175,https://d18rn0p25nwr6d.cloudfront.net/CIK-0000004962/125b8926-fff9-4ab1-8e9d-ae7c270e61a6.pdf,https://d18rn0p25nwr6d.cloudfront.net/CIK-0000004962/c6d57ba7-50ce-4171-8d30-690eb15b99c0.xls
"May 07, 2020",Form 4,Statement of Changes in Beneficial Ownership,https://ir.americanexpress.com/financials/earnings-and-sec-filings/sec-filings-details/default.aspx?FilingId=14129153,https://d18rn0p25nwr6d.cloudfront.net/CIK-0000004962/ebf2f558-03f7-433b-a075-db2fbbfd5c12.pdf,https://d18rn0p25nwr6d.cloudfront.net/CIK-0000004962/351d5e15-ae2e-424d-a5ee-60702c5adf7e.xls
"May 07, 2020",Form 4,Statement of Changes in Beneficial Ownership,https://ir.americanexpress.com/financials/earnings-and-sec-filings/sec-filings-details/default.aspx?FilingId=14129165,https://d18rn0p25nwr6d.cloudfront.net/CIK-0000004962/810ac9cf-1bf7-4af5-8bf9-0f636dadb406.pdf,https://d18rn0p25nwr6d.cloudfront.net/CIK-0000004962/6c99ff7d-9c98-424f-9a2c-d6d993969194.xls
"May 07, 2020",Form 4,Statement of Changes in Beneficial Ownership,https://ir.americanexpress.com/financials/earnings-and-sec-filings/sec-filings-details/default.aspx?FilingId=14129145,https://d18rn0p25nwr6d.cloudfront.net/CIK-0000004962/2fdb05e4-a889-436d-ab44-372750430f5a.pdf,https://d18rn0p25nwr6d.cloudfront.net/CIK-0000004962/b9629675-4925-4359-8f10-e105d53f4c13.xls
"May 01, 2020",Form 4,Statement of Changes in Beneficial Ownership,https://ir.americanexpress.com/financials/earnings-and-sec-filings/sec-filings-details/default.aspx?FilingId=14114571,https://d18rn0p25nwr6d.cloudfront.net/CIK-0000004962/26264f15-57ec-4df6-90b1-7fcc3e509061.pdf,https://d18rn0p25nwr6d.cloudfront.net/CIK-0000004962/121dbc89-6db8-4689-9934-002ea2d4aabd.xls
"May 01, 2020",Form 4,Statement of Changes in Beneficial Ownership,https://ir.americanexpress.com/financials/earnings-and-sec-filings/sec-filings-details/default.aspx?FilingId=14114597,https://d18rn0p25nwr6d.cloudfront.net/CIK-0000004962/4d46439e-6f2e-4bb1-a53e-cc27784a34dc.pdf,https://d18rn0p25nwr6d.cloudfront.net/CIK-0000004962/5aba37ca-5c9c-4163-a48f-c6ed8535b6e5.xls
"May 01, 2020",Form 4,Statement of Changes in Beneficial Ownership,https://ir.americanexpress.com/financials/earnings-and-sec-filings/sec-filings-details/default.aspx?FilingId=14114522,https://d18rn0p25nwr6d.cloudfront.net/CIK-0000004962/9f3c6584-676d-429a-84c2-407626fa3d45.pdf,https://d18rn0p25nwr6d.cloudfront.net/CIK-0000004962/8e1f41e4-f5b1-4188-9b8a-6984cb529b28.xls
"May 01, 2020",Form 4,Statement of Changes in Beneficial Ownership,https://ir.americanexpress.com/financials/earnings-and-sec-filings/sec-filings-details/default.aspx?FilingId=14114564,https://d18rn0p25nwr6d.cloudfront.net/CIK-0000004962/9af375b9-ec9b-4aba-aa4b-77fc9a600c79.pdf,https://d18rn0p25nwr6d.cloudfront.net/CIK-0000004962/58850c49-d293-48ef-8354-acea5a826399.xls
"May 01, 2020",Form 4,Statement of Changes in Beneficial Ownership,https://ir.americanexpress.com/financials/earnings-and-sec-filings/sec-filings-details/default.aspx?FilingId=14114511,https://d18rn0p25nwr6d.cloudfront.net/CIK-0000004962/dedb1b7e-46cb-4855-9c97-540279177115.pdf,https://d18rn0p25nwr6d.cloudfront.net/CIK-0000004962/857b5a9e-7715-425f-a7f1-ef16ae728eb5.xls
"Apr 02, 2020",Form 4,Statement of Changes in Beneficial Ownership,https://ir.americanexpress.com/financials/earnings-and-sec-filings/sec-filings-details/default.aspx?FilingId=14052246,https://d18rn0p25nwr6d.cloudfront.net/CIK-0000004962/b10399cc-e8d4-4e47-bbc9-7792103dcd68.pdf,https://d18rn0p25nwr6d.cloudfront.net/CIK-0000004962/3246dae4-eb94-4c70-8005-085c1f0b7a20.xls
"Apr 02, 2020",Form 4,Statement of Changes in Beneficial Ownership,https://ir.americanexpress.com/financials/earnings-and-sec-filings/sec-filings-details/default.aspx?FilingId=14052209,https://d18rn0p25nwr6d.cloudfront.net/CIK-0000004962/07515b56-7d98-4b51-8d8e-6df81cff8832.pdf,https://d18rn0p25nwr6d.cloudfront.net/CIK-0000004962/fe003f79-7fb1-48c6-91ab-bd02ef651195.xls
"Apr 02, 2020",Form 4,Statement of Changes in Beneficial Ownership,https://ir.americanexpress.com/financials/earnings-and-sec-filings/sec-filings-details/default.aspx?FilingId=14052176,https://d18rn0p25nwr6d.cloudfront.net/CIK-0000004962/ec4dad2c-4b22-49b9-89b4-b0f47dc04227.pdf,https://d18rn0p25nwr6d.cloudfront.net/CIK-0000004962/c1024d28-1bb7-42c4-bf8b-ec74bd066b82.xls
"Apr 02, 2020",Form 4,Statement of Changes in Beneficial Ownership,https://ir.americanexpress.com/financials/earnings-and-sec-filings/sec-filings-details/default.aspx?FilingId=14052187,https://d18rn0p25nwr6d.cloudfront.net/CIK-0000004962/7b727aa3-2c04-4b96-8436-666eda5db0dd.pdf,https://d18rn0p25nwr6d.cloudfront.net/CIK-0000004962/f463cda4-4860-4a2e-8e13-d20ea99564c3.xls
"Apr 02, 2020",Form 4,Statement of Changes in Beneficial Ownership,https://ir.americanexpress.com/financials/earnings-and-sec-filings/sec-filings-details/default.aspx?FilingId=14052168,https://d18rn0p25nwr6d.cloudfront.net/CIK-0000004962/27d74f65-5adc-4883-b46d-f8763cd8c0e8.pdf,https://d18rn0p25nwr6d.cloudfront.net/CIK-0000004962/8cb9a0ef-ff87-4324-938d-9f20a7ee0d56.xls
"Apr 02, 2020",Form 4,Statement of Changes in Beneficial Ownership,https://ir.americanexpress.com/financials/earnings-and-sec-filings/sec-filings-details/default.aspx?FilingId=14052155,https://d18rn0p25nwr6d.cloudfront.net/CIK-0000004962/9d976583-8d84-4e0a-b815-15e71ee0ffc4.pdf,https://d18rn0p25nwr6d.cloudfront.net/CIK-0000004962/72a98184-5327-4791-9e3f-e9ab1e023341.xls
"Apr 02, 2020",Form 4,Statement of Changes in Beneficial Ownership,https://ir.americanexpress.com/financials/earnings-and-sec-filings/sec-filings-details/default.aspx?FilingId=14052134,https://d18rn0p25nwr6d.cloudfront.net/CIK-0000004962/13e6f5cd-2be9-47fa-b5d4-593df3946829.pdf,https://d18rn0p25nwr6d.cloudfront.net/CIK-0000004962/6a327fc2-7949-43f3-b232-ce977c54c5db.xls
"Feb 24, 2020",Form 3,Initial Statement of Beneficial Ownership,https://ir.americanexpress.com/financials/earnings-and-sec-filings/sec-filings-details/default.aspx?FilingId=13946449,https://d18rn0p25nwr6d.cloudfront.net/CIK-0000004962/7caa52f1-efa8-4821-b3df-358009baab4f.pdf,https://d18rn0p25nwr6d.cloudfront.net/CIK-0000004962/dc02296f-26e9-4b74-b40a-273a7f383a39.xls
"Feb 14, 2020",Form 5,Annual Statement of Changes in Beneficial Ownership,https://ir.americanexpress.com/financials/earnings-and-sec-filings/sec-filings-details/default.aspx?FilingId=13924894,https://d18rn0p25nwr6d.cloudfront.net/CIK-0000004962/ba610b65-28df-40d3-b005-8be708dfb4a5.pdf,https://d18rn0p25nwr6d.cloudfront.net/CIK-0000004962/e0321829-d78c-4f71-bb9b-fb1f6c83fe73.xls
"Feb 13, 2020",Form 4,Statement of Changes in Beneficial Ownership,https://ir.americanexpress.com/financials/earnings-and-sec-filings/sec-filings-details/default.aspx?FilingId=13916788,https://d18rn0p25nwr6d.cloudfront.net/CIK-0000004962/43437e25-32dd-44bf-bbd2-7b216bb797c5.pdf,https://d18rn0p25nwr6d.cloudfront.net/CIK-0000004962/ceca59bb-2489-4a1d-b1f0-d51b9cedb901.xls
"Feb 10, 2020",Form 4,Statement of Changes in Beneficial Ownership,https://ir.americanexpress.com/financials/earnings-and-sec-filings/sec-filings-details/default.aspx?FilingId=13902056,https://d18rn0p25nwr6d.cloudfront.net/CIK-0000004962/4db5c380-0f7f-48b9-8c8e-46cc308b738e.pdf,https://d18rn0p25nwr6d.cloudfront.net/CIK-0000004962/cdc3d231-84ce-402c-b039-1d46b7352e20.xls
"Feb 07, 2020",Form 3,Initial Statement of Beneficial Ownership,https://ir.americanexpress.com/financials/earnings-and-sec-filings/sec-filings-details/default.aspx?FilingId=13898334,https://d18rn0p25nwr6d.cloudfront.net/CIK-0000004962/c9aa5782-1e21-4b38-bfd1-8d20f33a124e.pdf,https://d18rn0p25nwr6d.cloudfront.net/CIK-0000004962/3db1b494-b167-4450-b5ae-f4a15b756695.xls
"Feb 03, 2020",Form 4,Statement of Changes in Beneficial Ownership,https://ir.americanexpress.com/financials/earnings-and-sec-filings/sec-filings-details/default.aspx?FilingId=13881345,https://d18rn0p25nwr6d.cloudfront.net/CIK-0000004962/2e20df4a-d17b-4387-b8b8-d69cc198ae1c.pdf,https://d18rn0p25nwr6d.cloudfront.net/CIK-0000004962/79083a00-8d42-4f5a-b983-1286898e5dc9.xls
"Jan 30, 2020",Form 4,Statement of Changes in Beneficial Ownership,https://ir.americanexpress.com/financials/earnings-and-sec-filings/sec-filings-details/default.aspx?FilingId=13874699,https://d18rn0p25nwr6d.cloudfront.net/CIK-0000004962/52d96653-101e-4a51-b3d3-3259541a659f.pdf,https://d18rn0p25nwr6d.cloudfront.net/CIK-0000004962/2d95741a-d430-4f38-9884-9bfc6108b8bc.xls
"Jan 30, 2020",Form 4,Statement of Changes in Beneficial Ownership,https://ir.americanexpress.com/financials/earnings-and-sec-filings/sec-filings-details/default.aspx?FilingId=13874704,https://d18rn0p25nwr6d.cloudfront.net/CIK-0000004962/7da22f1a-040f-45a8-95af-cc42b5cbcc26.pdf,https://d18rn0p25nwr6d.cloudfront.net/CIK-0000004962/1ac06e0d-edeb-454a-ac24-5848de945e8a.xls
"Jan 30, 2020",Form 4,Statement of Changes in Beneficial Ownership,https://ir.americanexpress.com/financials/earnings-and-sec-filings/sec-filings-details/default.aspx?FilingId=13874710,https://d18rn0p25nwr6d.cloudfront.net/CIK-0000004962/abaddb64-1c54-4dcb-8101-c1e6dd15f741.pdf,https://d18rn0p25nwr6d.cloudfront.net/CIK-0000004962/31402602-e283-4439-affa-799317183dcc.xls
"Jan 30, 2020",Form 4,Statement of Changes in Beneficial Ownership,https://ir.americanexpress.com/financials/earnings-and-sec-filings/sec-filings-details/default.aspx?FilingId=13874715,https://d18rn0p25nwr6d.cloudfront.net/CIK-0000004962/527b8c8f-d018-4c04-92c5-b7b773db3876.pdf,https://d18rn0p25nwr6d.cloudfront.net/CIK-0000004962/2290a352-8fd9-4cf8-9801-6ef76d764617.xls
"Jan 30, 2020",Form 4,Statement of Changes in Beneficial Ownership,https://ir.americanexpress.com/financials/earnings-and-sec-filings/sec-filings-details/default.aspx?FilingId=13874719,https://d18rn0p25nwr6d.cloudfront.net/CIK-0000004962/455bb916-5282-4fa5-8ad7-d35496fb1681.pdf,https://d18rn0p25nwr6d.cloudfront.net/CIK-0000004962/da8d001f-cd0d-4801-be66-0f8829f94398.xls
"Jan 30, 2020",Form 4,Statement of Changes in Beneficial Ownership,https://ir.americanexpress.com/financials/earnings-and-sec-filings/sec-filings-details/default.aspx?FilingId=13874723,https://d18rn0p25nwr6d.cloudfront.net/CIK-0000004962/f916c5a1-a3aa-45c5-bc87-afc69eb02336.pdf,https://d18rn0p25nwr6d.cloudfront.net/CIK-0000004962/d5915fd5-a4f5-42e6-b4ef-630925f10ab4.xls
"Jan 30, 2020",Form 4,Statement of Changes in Beneficial Ownership,https://ir.americanexpress.com/financials/earnings-and-sec-filings/sec-filings-details/default.aspx?FilingId=13874727,https://d18rn0p25nwr6d.cloudfront.net/CIK-0000004962/2205f9c0-04d2-4910-94f9-974939a48f4b.pdf,https://d18rn0p25nwr6d.cloudfront.net/CIK-0000004962/2ed99fde-52f8-4cce-88af-2e036b9e155b.xls
"Jan 30, 2020",Form 4,Statement of Changes in Beneficial Ownership,https://ir.americanexpress.com/financials/earnings-and-sec-filings/sec-filings-details/default.aspx?FilingId=13874729,https://d18rn0p25nwr6d.cloudfront.net/CIK-0000004962/5eba8479-39d1-483f-b5b9-f4bc97317ad1.pdf,https://d18rn0p25nwr6d.cloudfront.net/CIK-0000004962/3a780d29-4abc-48b3-9c6f-188036585d48.xls
"Jan 30, 2020",Form 4,Statement of Changes in Beneficial Ownership,https://ir.americanexpress.com/financials/earnings-and-sec-filings/sec-filings-details/default.aspx?FilingId=13874731,https://d18rn0p25nwr6d.cloudfront.net/CIK-0000004962/524fbd3d-9675-4cc0-9c42-8e45294d4a4c.pdf,https://d18rn0p25nwr6d.cloudfront.net/CIK-0000004962/a95a7266-2d51-4bb3-a76b-9c4866135567.xls
"Jan 30, 2020",Form 4,Statement of Changes in Beneficial Ownership,https://ir.americanexpress.com/financials/earnings-and-sec-filings/sec-filings-details/default.aspx?FilingId=13874734,https://d18rn0p25nwr6d.cloudfront.net/CIK-0000004962/8b21c020-8310-4429-ab44-b634382ad2e4.pdf,https://d18rn0p25nwr6d.cloudfront.net/CIK-0000004962/ae11b894-db66-4b79-b369-8627ea1ca0e5.xls
"Jan 29, 2020",Form 4,Statement of Changes in Beneficial Ownership,https://ir.americanexpress.com/financials/earnings-and-sec-filings/sec-filings-details/default.aspx?FilingId=13871657,https://d18rn0p25nwr6d.cloudfront.net/CIK-0000004962/68352fca-46d0-4a90-bdb2-835acceceeb1.pdf,https://d18rn0p25nwr6d.cloudfront.net/CIK-0000004962/9157874e-fb3a-4f28-b1ee-0400c91c3aa6.xls
"Jan 28, 2020",Form 4,Statement of Changes in Beneficial Ownership,https://ir.americanexpress.com/financials/earnings-and-sec-filings/sec-filings-details/default.aspx?FilingId=13868877,https://d18rn0p25nwr6d.cloudfront.net/CIK-0000004962/d6ddfbae-09ad-47f2-afe2-338799d5b8c9.pdf,https://d18rn0p25nwr6d.cloudfront.net/CIK-0000004962/f46ecbfd-91a3-4615-bc03-a3ce8f835581.xls
"Jan 13, 2020",Form 3,Initial Statement of Beneficial Ownership,https://ir.americanexpress.com/financials/earnings-and-sec-filings/sec-filings-details/default.aspx?FilingId=13843600,https://d18rn0p25nwr6d.cloudfront.net/CIK-0000004962/8d6ef098-615c-42c2-a096-748c97f162f7.pdf,https://d18rn0p25nwr6d.cloudfront.net/CIK-0000004962/d850ae83-0044-46e6-a2ad-5c37210e4ca8.xls
"Jan 03, 2020",Form 4,Statement of Changes in Beneficial Ownership,https://ir.americanexpress.com/financials/earnings-and-sec-filings/sec-filings-details/default.aspx?FilingId=13827802,https://d18rn0p25nwr6d.cloudfront.net/CIK-0000004962/b262e0e1-a2c1-4f8e-a0d0-bc58646e4a40.pdf,https://d18rn0p25nwr6d.cloudfront.net/CIK-0000004962/35b50ba3-096a-4d4e-b2d1-9f4bd0448294.xls
"Jan 03, 2020",Form 4,Statement of Changes in Beneficial Ownership,https://ir.americanexpress.com/financials/earnings-and-sec-filings/sec-filings-details/default.aspx?FilingId=13827933,https://d18rn0p25nwr6d.cloudfront.net/CIK-0000004962/5860f228-3884-4ff1-b9dd-ffb8b0c7dcad.pdf,https://d18rn0p25nwr6d.cloudfront.net/CIK-0000004962/eca2dd77-aca0-4a06-b5cd-167dec30d6ad.xls
"Jan 03, 2020",Form 4,Statement of Changes in Beneficial Ownership,https://ir.americanexpress.com/financials/earnings-and-sec-filings/sec-filings-details/default.aspx?FilingId=13827978,https://d18rn0p25nwr6d.cloudfront.net/CIK-0000004962/1a543202-1072-4629-88c7-35eef9f23234.pdf,https://d18rn0p25nwr6d.cloudfront.net/CIK-0000004962/39d6c893-9c1b-4f77-91ae-2f4b5c382f98.xls
"Jan 03, 2020",Form 4,Statement of Changes in Beneficial Ownership,https://ir.americanexpress.com/financials/earnings-and-sec-filings/sec-filings-details/default.aspx?FilingId=13828059,https://d18rn0p25nwr6d.cloudfront.net/CIK-0000004962/95145a1e-6f1a-4cf7-9a94-495ad7af6c7d.pdf,https://d18rn0p25nwr6d.cloudfront.net/CIK-0000004962/9fd2ef27-9711-479c-80e6-ae2322a72220.xls
"Jan 03, 2020",Form 4,Statement of Changes in Beneficial Ownership,https://ir.americanexpress.com/financials/earnings-and-sec-filings/sec-filings-details/default.aspx?FilingId=13828127,https://d18rn0p25nwr6d.cloudfront.net/CIK-0000004962/da4585cb-44ed-4f43-bf9d-ae103f1a5166.pdf,https://d18rn0p25nwr6d.cloudfront.net/CIK-0000004962/65ebe8c4-e668-4f30-a33e-b731cf95fe72.xls
"Jan 03, 2020",Form 4,Statement of Changes in Beneficial Ownership,https://ir.americanexpress.com/financials/earnings-and-sec-filings/sec-filings-details/default.aspx?FilingId=13828153,https://d18rn0p25nwr6d.cloudfront.net/CIK-0000004962/674dd710-0148-4e12-ae7d-95683d9183c2.pdf,https://d18rn0p25nwr6d.cloudfront.net/CIK-0000004962/14e80923-bd88-4ac2-96be-c2364f93919a.xls
"Dec 04, 2019",Form 4,Statement of Changes in Beneficial Ownership,https://ir.americanexpress.com/financials/earnings-and-sec-filings/sec-filings-details/default.aspx?FilingId=13780600,https://d18rn0p25nwr6d.cloudfront.net/CIK-0000004962/ca0d9034-2515-4e91-9c09-c18c8af89563.pdf,https://d18rn0p25nwr6d.cloudfront.net/CIK-0000004962/aab71356-2e9a-4467-af8b-24059be8436d.xls
"Nov 14, 2019",Form 3,Initial Statement of Beneficial Ownership,https://ir.americanexpress.com/financials/earnings-and-sec-filings/sec-filings-details/default.aspx?FilingId=13741785,https://d18rn0p25nwr6d.cloudfront.net/CIK-0000004962/a4bc8726-9c45-4620-8969-0324774b7579.pdf,https://d18rn0p25nwr6d.cloudfront.net/CIK-0000004962/7a546e22-11ad-4b95-a86c-46f03300defc.xls
"Oct 29, 2019",Form 4,Statement of Changes in Beneficial Ownership,https://ir.americanexpress.com/financials/earnings-and-sec-filings/sec-filings-details/default.aspx?FilingId=13704536,https://d18rn0p25nwr6d.cloudfront.net/CIK-0000004962/adbf6090-e4b2-4aad-948f-c67049bad972.pdf,https://d18rn0p25nwr6d.cloudfront.net/CIK-0000004962/91e9431c-18a6-4a3b-9e42-c5b191b93374.xls
"Oct 25, 2019",Form 4,Statement of Changes in Beneficial Ownership,https://ir.americanexpress.com/financials/earnings-and-sec-filings/sec-filings-details/default.aspx?FilingId=13700368,https://d18rn0p25nwr6d.cloudfront.net/CIK-0000004962/1120bb9e-836e-43ee-9672-736280adfb2b.pdf,https://d18rn0p25nwr6d.cloudfront.net/CIK-0000004962/f5892d50-1059-4656-ac06-8e9431bbc182.xls
"Oct 02, 2019",Form 4,Statement of Changes in Beneficial Ownership,https://ir.americanexpress.com/financials/earnings-and-sec-filings/sec-filings-details/default.aspx?FilingId=13670316,https://d18rn0p25nwr6d.cloudfront.net/CIK-0000004962/f8dd0db7-735f-4ab3-b35e-cddcc4707009.pdf,https://d18rn0p25nwr6d.cloudfront.net/CIK-0000004962/211322fb-63da-4df1-9e83-25400ce3ae61.xls
"Oct 02, 2019",Form 4,Statement of Changes in Beneficial Ownership,https://ir.americanexpress.com/financials/earnings-and-sec-filings/sec-filings-details/default.aspx?FilingId=13670323,https://d18rn0p25nwr6d.cloudfront.net/CIK-0000004962/1b803596-6a4a-417d-b07f-b779bc3b3c77.pdf,https://d18rn0p25nwr6d.cloudfront.net/CIK-0000004962/6106bacd-155e-4d7c-b5fb-670796f5142b.xls
"Oct 02, 2019",Form 4,Statement of Changes in Beneficial Ownership,https://ir.americanexpress.com/financials/earnings-and-sec-filings/sec-filings-details/default.aspx?FilingId=13670326,https://d18rn0p25nwr6d.cloudfront.net/CIK-0000004962/095cf9f0-70bf-42ee-bf63-9a131d38bece.pdf,https://d18rn0p25nwr6d.cloudfront.net/CIK-0000004962/7f736f22-e0f9-4afd-98e2-7a97e2ee21ee.xls
"Oct 02, 2019",Form 4,Statement of Changes in Beneficial Ownership,https://ir.americanexpress.com/financials/earnings-and-sec-filings/sec-filings-details/default.aspx?FilingId=13670333,https://d18rn0p25nwr6d.cloudfront.net/CIK-0000004962/a881919c-fda8-44c2-9a5f-55920f5f38d6.pdf,https://d18rn0p25nwr6d.cloudfront.net/CIK-0000004962/3759c698-f204-4571-9dc4-70125f455759.xls
"Oct 02, 2019",Form 4,Statement of Changes in Beneficial Ownership,https://ir.americanexpress.com/financials/earnings-and-sec-filings/sec-filings-details/default.aspx?FilingId=13670340,https://d18rn0p25nwr6d.cloudfront.net/CIK-0000004962/bf8d3aab-b04d-484f-b626-e2d02d5d2448.pdf,https://d18rn0p25nwr6d.cloudfront.net/CIK-0000004962/22963399-7f69-4a0e-a714-5d3cf2716e75.xls
"Oct 02, 2019",Form 4,Statement of Changes in Beneficial Ownership,https://ir.americanexpress.com/financials/earnings-and-sec-filings/sec-filings-details/default.aspx?FilingId=13670341,https://d18rn0p25nwr6d.cloudfront.net/CIK-0000004962/eeacdbc8-4313-469e-8a7e-f7a4265770a6.pdf,https://d18rn0p25nwr6d.cloudfront.net/CIK-0000004962/c7e52610-25f8-4e16-b31c-9675b663d512.xls
"Sep 16, 2019",Form 3,Initial Statement of Beneficial Ownership,https://ir.americanexpress.com/financials/earnings-and-sec-filings/sec-filings-details/default.aspx?FilingId=13643991,https://d18rn0p25nwr6d.cloudfront.net/CIK-0000004962/b4965380-5b33-4151-b2d3-34594192c914.pdf,https://d18rn0p25nwr6d.cloudfront.net/CIK-0000004962/0d007d22-bba2-489f-8480-df17324bdb92.xls
"Sep 05, 2019",Form 4,Statement of Changes in Beneficial Ownership,https://ir.americanexpress.com/financials/earnings-and-sec-filings/sec-filings-details/default.aspx?FilingId=13629530,https://d18rn0p25nwr6d.cloudfront.net/CIK-0000004962/46623022-70bd-4ffa-b58f-a24371132a91.pdf,https://d18rn0p25nwr6d.cloudfront.net/CIK-0000004962/a8d65cfa-c555-4451-b439-e8b6da6fd705.xls
"Aug 02, 2019",Form 4,Statement of Changes in Beneficial Ownership,https://ir.americanexpress.com/financials/earnings-and-sec-filings/sec-filings-details/default.aspx?FilingId=13568761,https://d18rn0p25nwr6d.cloudfront.net/CIK-0000004962/9ad3386b-bf1d-4298-bbfa-f9815f17f973.pdf,https://d18rn0p25nwr6d.cloudfront.net/CIK-0000004962/aaf1144e-2a2e-45a8-9940-013a264ee2e1.xls
"Jul 26, 2019",Form 4,Statement of Changes in Beneficial Ownership,https://ir.americanexpress.com/financials/earnings-and-sec-filings/sec-filings-details/default.aspx?FilingId=13553530,https://d18rn0p25nwr6d.cloudfront.net/CIK-0000004962/f5343c32-1ac4-49b5-8a26-9dbc73f3dda4.pdf,https://d18rn0p25nwr6d.cloudfront.net/CIK-0000004962/0207fa51-add0-44fc-aaf9-09ddce334294.xls
"Jul 02, 2019",Form 4,Statement of Changes in Beneficial Ownership,https://ir.americanexpress.com/financials/earnings-and-sec-filings/sec-filings-details/default.aspx?FilingId=13524076,https://d18rn0p25nwr6d.cloudfront.net/CIK-0000004962/d02e3063-37fb-408e-99d6-d5935810e863.pdf,https://d18rn0p25nwr6d.cloudfront.net/CIK-0000004962/6fbfd493-b9b7-4263-8622-2596f8250e3e.xls
"Jul 02, 2019",Form 4,Statement of Changes in Beneficial Ownership,https://ir.americanexpress.com/financials/earnings-and-sec-filings/sec-filings-details/default.aspx?FilingId=13524112,https://d18rn0p25nwr6d.cloudfront.net/CIK-0000004962/279144ee-8945-43af-a625-4392a15044cc.pdf,https://d18rn0p25nwr6d.cloudfront.net/CIK-0000004962/04885371-454c-486d-9d95-73a3edd0dde7.xls
"Jul 02, 2019",Form 4,Statement of Changes in Beneficial Ownership,https://ir.americanexpress.com/financials/earnings-and-sec-filings/sec-filings-details/default.aspx?FilingId=13524214,https://d18rn0p25nwr6d.cloudfront.net/CIK-0000004962/af7bed80-5c0b-40aa-9d80-b55b05431afc.pdf,https://d18rn0p25nwr6d.cloudfront.net/CIK-0000004962/9120bdf3-b22b-49fa-86ed-ffd2bd7d5bce.xls
"Jul 02, 2019",Form 4,Statement of Changes in Beneficial Ownership,https://ir.americanexpress.com/financials/earnings-and-sec-filings/sec-filings-details/default.aspx?FilingId=13524270,https://d18rn0p25nwr6d.cloudfront.net/CIK-0000004962/f265476c-fdf3-482b-8da0-de9f9a7ea3d3.pdf,https://d18rn0p25nwr6d.cloudfront.net/CIK-0000004962/5733176e-1775-4b6b-bb7f-4436201a6b92.xls
"Jul 02, 2019",Form 4,Statement of Changes in Beneficial Ownership,https://ir.americanexpress.com/financials/earnings-and-sec-filings/sec-filings-details/default.aspx?FilingId=13524302,https://d18rn0p25nwr6d.cloudfront.net/CIK-0000004962/0a7ed3db-5730-4682-a8c4-94f173f08ce7.pdf,https://d18rn0p25nwr6d.cloudfront.net/CIK-0000004962/bc989c72-329d-411a-88b1-cbe8592573bc.xls
"Jul 02, 2019",Form 4,Statement of Changes in Beneficial Ownership,https://ir.americanexpress.com/financials/earnings-and-sec-filings/sec-filings-details/default.aspx?FilingId=13524318,https://d18rn0p25nwr6d.cloudfront.net/CIK-0000004962/b561ff88-c72b-41ce-a0c4-a2dfa2b695b1.pdf,https://d18rn0p25nwr6d.cloudfront.net/CIK-0000004962/563224a2-0323-487c-bb7b-5cb9a7c4dd4a.xls
"Jun 12, 2019",Form 4,Statement of Changes in Beneficial Ownership,https://ir.americanexpress.com/financials/earnings-and-sec-filings/sec-filings-details/default.aspx?FilingId=13487600,https://d18rn0p25nwr6d.cloudfront.net/CIK-0000004962/67698aea-ce77-4875-a4e9-823d8404aff5.pdf,https://d18rn0p25nwr6d.cloudfront.net/CIK-0000004962/fc271acb-0e66-4d79-b4bb-d8216195c111.xls
"Jun 05, 2019",Form 4,Statement of Changes in Beneficial Ownership,https://ir.americanexpress.com/financials/earnings-and-sec-filings/sec-filings-details/default.aspx?FilingId=13476213,https://d18rn0p25nwr6d.cloudfront.net/CIK-0000004962/09d5cce9-7b4b-49ba-bfca-dbdb12586983.pdf,https://d18rn0p25nwr6d.cloudfront.net/CIK-0000004962/fa33f6c2-0afb-4ad8-92b8-3f553f8dc659.xls
"May 30, 2019",Form 4,Statement of Changes in Beneficial Ownership,https://ir.americanexpress.com/financials/earnings-and-sec-filings/sec-filings-details/default.aspx?FilingId=13464060,https://d18rn0p25nwr6d.cloudfront.net/CIK-0000004962/80676711-e266-4484-a1e3-ffd9747acd53.pdf,https://d18rn0p25nwr6d.cloudfront.net/CIK-0000004962/54d921b1-9649-49f4-9540-927d66724e0a.xls
"May 21, 2019",Form 4,Statement of Changes in Beneficial Ownership,https://ir.americanexpress.com/financials/earnings-and-sec-filings/sec-filings-details/default.aspx?FilingId=13445416,https://d18rn0p25nwr6d.cloudfront.net/CIK-0000004962/d1b67922-b130-4fb7-aaed-ad4904d02933.pdf,https://d18rn0p25nwr6d.cloudfront.net/CIK-0000004962/4c49fc3a-922f-477a-abfe-bfd2aeb18d5d.xls
"May 09, 2019",Form 4,Statement of Changes in Beneficial Ownership,https://ir.americanexpress.com/financials/earnings-and-sec-filings/sec-filings-details/default.aspx?FilingId=13416916,https://d18rn0p25nwr6d.cloudfront.net/CIK-0000004962/7f363419-966b-4d08-b240-83ddf89bd3d5.pdf,https://d18rn0p25nwr6d.cloudfront.net/CIK-0000004962/ce898e15-b746-4880-8f2f-e6b7279776a8.xls
"May 09, 2019",Form 4,Statement of Changes in Beneficial Ownership,https://ir.americanexpress.com/financials/earnings-and-sec-filings/sec-filings-details/default.aspx?FilingId=13416926,https://d18rn0p25nwr6d.cloudfront.net/CIK-0000004962/83740292-7490-4bad-9607-e049b5883ecc.pdf,https://d18rn0p25nwr6d.cloudfront.net/CIK-0000004962/647d0d55-06e5-4418-985e-483ec57ad191.xls
"May 09, 2019",Form 4,Statement of Changes in Beneficial Ownership,https://ir.americanexpress.com/financials/earnings-and-sec-filings/sec-filings-details/default.aspx?FilingId=13416930,https://d18rn0p25nwr6d.cloudfront.net/CIK-0000004962/2efdbaca-1e70-44cf-9fcc-e53f7a373309.pdf,https://d18rn0p25nwr6d.cloudfront.net/CIK-0000004962/9deb4545-7290-457a-a430-e817b70b5ee2.xls
"May 09, 2019",Form 4,Statement of Changes in Beneficial Ownership,https://ir.americanexpress.com/financials/earnings-and-sec-filings/sec-filings-details/default.aspx?FilingId=13416942,https://d18rn0p25nwr6d.cloudfront.net/CIK-0000004962/4c3eab45-df9c-4a79-bd4b-79e2efe3ec50.pdf,https://d18rn0p25nwr6d.cloudfront.net/CIK-0000004962/8138d198-cd76-441f-b3b6-26ba08a8f090.xls
"May 09, 2019",Form 4,Statement of Changes in Beneficial Ownership,https://ir.americanexpress.com/financials/earnings-and-sec-filings/sec-filings-details/default.aspx?FilingId=13416944,https://d18rn0p25nwr6d.cloudfront.net/CIK-0000004962/ff343bd7-d68e-468e-aaba-3d993c373c9f.pdf,https://d18rn0p25nwr6d.cloudfront.net/CIK-0000004962/566ed865-b9dd-4808-becc-eba3fb80ca35.xls
"May 09, 2019",Form 4,Statement of Changes in Beneficial Ownership,https://ir.americanexpress.com/financials/earnings-and-sec-filings/sec-filings-details/default.aspx?FilingId=13416957,https://d18rn0p25nwr6d.cloudfront.net/CIK-0000004962/aa0f846a-c8db-4c28-846d-6a5e5752ad06.pdf,https://d18rn0p25nwr6d.cloudfront.net/CIK-0000004962/2c74aa72-8ebf-4e3a-8694-a66e02017017.xls
"May 09, 2019",Form 4,Statement of Changes in Beneficial Ownership,https://ir.americanexpress.com/financials/earnings-and-sec-filings/sec-filings-details/default.aspx?FilingId=13416959,https://d18rn0p25nwr6d.cloudfront.net/CIK-0000004962/f1ad74eb-c2dc-4d3e-87a4-188084c97408.pdf,https://d18rn0p25nwr6d.cloudfront.net/CIK-0000004962/eb1e40fa-82a7-491f-a31a-dfd5fed13e28.xls
"May 09, 2019",Form 4,Statement of Changes in Beneficial Ownership,https://ir.americanexpress.com/financials/earnings-and-sec-filings/sec-filings-details/default.aspx?FilingId=13416976,https://d18rn0p25nwr6d.cloudfront.net/CIK-0000004962/6907ff62-1a3f-432b-988f-8543a615a3d5.pdf,https://d18rn0p25nwr6d.cloudfront.net/CIK-0000004962/6f2d1a46-d03e-400f-9ac8-3185083dbdf9.xls
"May 09, 2019",Form 4,Statement of Changes in Beneficial Ownership,https://ir.americanexpress.com/financials/earnings-and-sec-filings/sec-filings-details/default.aspx?FilingId=13416983,https://d18rn0p25nwr6d.cloudfront.net/CIK-0000004962/c5287341-575f-466c-8212-eeb12809bca0.pdf,https://d18rn0p25nwr6d.cloudfront.net/CIK-0000004962/ecae15aa-1571-4206-be6d-4b7fb700befd.xls
"May 09, 2019",Form 4,Statement of Changes in Beneficial Ownership,https://ir.americanexpress.com/financials/earnings-and-sec-filings/sec-filings-details/default.aspx?FilingId=13416990,https://d18rn0p25nwr6d.cloudfront.net/CIK-0000004962/6388c24b-4935-4b85-b2d2-4918c9b27598.pdf,https://d18rn0p25nwr6d.cloudfront.net/CIK-0000004962/4427341a-b7e8-4adb-b9e6-babb6e3bc443.xls
"May 01, 2019",Form 4,Statement of Changes in Beneficial Ownership,https://ir.americanexpress.com/financials/earnings-and-sec-filings/sec-filings-details/default.aspx?FilingId=13396409,https://d18rn0p25nwr6d.cloudfront.net/CIK-0000004962/76cce1f4-67a1-4ef2-8840-53a0c8d52553.pdf,https://d18rn0p25nwr6d.cloudfront.net/CIK-0000004962/3e0a44b1-64b1-4f77-b4e9-03ad4bd38297.xls
"May 01, 2019",Form 4,Statement of Changes in Beneficial Ownership,https://ir.americanexpress.com/financials/earnings-and-sec-filings/sec-filings-details/default.aspx?FilingId=13396444,https://d18rn0p25nwr6d.cloudfront.net/CIK-0000004962/59df742c-0618-4e2c-8f59-c497c94cc1d4.pdf,https://d18rn0p25nwr6d.cloudfront.net/CIK-0000004962/01a8d23f-5e17-4843-947b-b41db097de42.xls
"May 01, 2019",Form 4,Statement of Changes in Beneficial Ownership,https://ir.americanexpress.com/financials/earnings-and-sec-filings/sec-filings-details/default.aspx?FilingId=13396530,https://d18rn0p25nwr6d.cloudfront.net/CIK-0000004962/3be4d7e9-948d-4d49-9316-135e4c599e2b.pdf,https://d18rn0p25nwr6d.cloudfront.net/CIK-0000004962/27f59c62-edc4-4ed9-bbb1-8709c627fa27.xls
"Apr 29, 2019",Form 4,Statement of Changes in Beneficial Ownership,https://ir.americanexpress.com/financials/earnings-and-sec-filings/sec-filings-details/default.aspx?FilingId=13385891,https://d18rn0p25nwr6d.cloudfront.net/CIK-0000004962/c60f7738-199c-4f8f-bed6-c6a8d00cb537.pdf,https://d18rn0p25nwr6d.cloudfront.net/CIK-0000004962/28422572-8c60-4d8f-80dd-bd8852355896.xls
"Apr 26, 2019",Form 4,Statement of Changes in Beneficial Ownership,https://ir.americanexpress.com/financials/earnings-and-sec-filings/sec-filings-details/default.aspx?FilingId=13382066,https://d18rn0p25nwr6d.cloudfront.net/CIK-0000004962/c8b64846-db06-448a-880e-3be2bfb3ae5c.pdf,https://d18rn0p25nwr6d.cloudfront.net/CIK-0000004962/7b6b0821-449c-4e5d-aae5-15f77e1b1404.xls
"Apr 25, 2019",Form 4,Statement of Changes in Beneficial Ownership,https://ir.americanexpress.com/financials/earnings-and-sec-filings/sec-filings-details/default.aspx?FilingId=13377848,https://d18rn0p25nwr6d.cloudfront.net/CIK-0000004962/e5598d63-47b1-4330-84af-3120cacf31d2.pdf,https://d18rn0p25nwr6d.cloudfront.net/CIK-0000004962/e8cee6db-3517-4ca5-ba63-6a072d0f13eb.xls
"Apr 11, 2019",Form 3,Initial Statement of Beneficial Ownership,https://ir.americanexpress.com/financials/earnings-and-sec-filings/sec-filings-details/default.aspx?FilingId=13355545,https://d18rn0p25nwr6d.cloudfront.net/CIK-0000004962/1a148377-c5f3-4c54-905b-c8c30df542b5.pdf,https://d18rn0p25nwr6d.cloudfront.net/CIK-0000004962/b9fb6978-e6ba-4e07-bd6f-5dacd518f938.xls
"Apr 02, 2019",Form 4,Statement of Changes in Beneficial Ownership,https://ir.americanexpress.com/financials/earnings-and-sec-filings/sec-filings-details/default.aspx?FilingId=13338449,https://d18rn0p25nwr6d.cloudfront.net/CIK-0000004962/b9a87cef-1140-4e08-9f27-a9a5fe5a1255.pdf,https://d18rn0p25nwr6d.cloudfront.net/CIK-0000004962/dfda9e1e-6935-48b5-8518-f8ab92d9a97d.xls
"Apr 02, 2019",Form 4,Statement of Changes in Beneficial Ownership,https://ir.americanexpress.com/financials/earnings-and-sec-filings/sec-filings-details/default.aspx?FilingId=13338460,https://d18rn0p25nwr6d.cloudfront.net/CIK-0000004962/6d0fef3d-dda9-4c0f-b0d0-62f4295e427d.pdf,https://d18rn0p25nwr6d.cloudfront.net/CIK-0000004962/e5f9d0dd-aab4-4943-981b-667f3fa927f9.xls
"Apr 02, 2019",Form 4,Statement of Changes in Beneficial Ownership,https://ir.americanexpress.com/financials/earnings-and-sec-filings/sec-filings-details/default.aspx?FilingId=13338469,https://d18rn0p25nwr6d.cloudfront.net/CIK-0000004962/f968bfd6-4917-4ad3-af6a-53852a5f3e4f.pdf,https://d18rn0p25nwr6d.cloudfront.net/CIK-0000004962/f6095f23-af2f-4c91-b0ff-a56b5f34ea25.xls
"Apr 02, 2019",Form 4,Statement of Changes in Beneficial Ownership,https://ir.americanexpress.com/financials/earnings-and-sec-filings/sec-filings-details/default.aspx?FilingId=13338478,https://d18rn0p25nwr6d.cloudfront.net/CIK-0000004962/a7b3123e-9d35-4f7f-acfa-754869e4dcc0.pdf,https://d18rn0p25nwr6d.cloudfront.net/CIK-0000004962/194c784c-ed38-4668-86d5-093a19d0d582.xls
"Apr 02, 2019",Form 4,Statement of Changes in Beneficial Ownership,https://ir.americanexpress.com/financials/earnings-and-sec-filings/sec-filings-details/default.aspx?FilingId=13338503,https://d18rn0p25nwr6d.cloudfront.net/CIK-0000004962/133cb4ec-0622-43f6-b9b0-f53533795af8.pdf,https://d18rn0p25nwr6d.cloudfront.net/CIK-0000004962/fa7ea7f7-5e91-4b13-adeb-34716c7a00f0.xls
"Apr 02, 2019",Form 4,Statement of Changes in Beneficial Ownership,https://ir.americanexpress.com/financials/earnings-and-sec-filings/sec-filings-details/default.aspx?FilingId=13338512,https://d18rn0p25nwr6d.cloudfront.net/CIK-0000004962/d56237c9-e1df-49cb-8397-94be35da7483.pdf,https://d18rn0p25nwr6d.cloudfront.net/CIK-0000004962/45cc413d-6534-4450-ba63-0cd1ba19b3ff.xls
"Feb 19, 2019",Form 4,Statement of Changes in Beneficial Ownership,https://ir.americanexpress.com/financials/earnings-and-sec-filings/sec-filings-details/default.aspx?FilingId=13237457,https://d18rn0p25nwr6d.cloudfront.net/CIK-0000004962/de2bee12-ccc7-4cff-ab01-21354f7ab87f.pdf,https://d18rn0p25nwr6d.cloudfront.net/CIK-0000004962/d6e39c29-bce2-4793-9b4e-b293266333ae.xls
"Feb 05, 2019",Form 4,Statement of Changes in Beneficial Ownership,https://ir.americanexpress.com/financials/earnings-and-sec-filings/sec-filings-details/default.aspx?FilingId=13193386,https://d18rn0p25nwr6d.cloudfront.net/CIK-0000004962/21e4e1ab-0e82-41ba-acc8-5ed33ff54e78.pdf,https://d18rn0p25nwr6d.cloudfront.net/CIK-0000004962/2bd78c08-87ef-444e-adad-4742aff48977.xls
"Jan 29, 2019",Form 4,Statement of Changes in Beneficial Ownership,https://ir.americanexpress.com/financials/earnings-and-sec-filings/sec-filings-details/default.aspx?FilingId=13177233,https://d18rn0p25nwr6d.cloudfront.net/CIK-0000004962/d6d6e665-be72-4234-86fa-f0335cd425ca.pdf,https://d18rn0p25nwr6d.cloudfront.net/CIK-0000004962/e2d7252c-e0af-422a-873e-ef74a638eaf3.xls
"Jan 29, 2019",Form 4,Statement of Changes in Beneficial Ownership,https://ir.americanexpress.com/financials/earnings-and-sec-filings/sec-filings-details/default.aspx?FilingId=13177238,https://d18rn0p25nwr6d.cloudfront.net/CIK-0000004962/250159ff-37ba-4a8e-bb78-d32e0adeab73.pdf,https://d18rn0p25nwr6d.cloudfront.net/CIK-0000004962/eff8f28a-3323-477f-815d-b375662012cc.xls
"Jan 29, 2019",Form 4,Statement of Changes in Beneficial Ownership,https://ir.americanexpress.com/financials/earnings-and-sec-filings/sec-filings-details/default.aspx?FilingId=13177244,https://d18rn0p25nwr6d.cloudfront.net/CIK-0000004962/4da5e04c-ac7b-4959-be5d-b0c5383dd0ea.pdf,https://d18rn0p25nwr6d.cloudfront.net/CIK-0000004962/ba20f583-c30d-476c-bba8-0a226ec84172.xls
"Jan 29, 2019",Form 4,Statement of Changes in Beneficial Ownership,https://ir.americanexpress.com/financials/earnings-and-sec-filings/sec-filings-details/default.aspx?FilingId=13177249,https://d18rn0p25nwr6d.cloudfront.net/CIK-0000004962/0fe786e9-849e-4aba-817d-f0b496d8de38.pdf,https://d18rn0p25nwr6d.cloudfront.net/CIK-0000004962/ca99191b-d781-4d7d-a1e6-fca10021194c.xls
"Jan 29, 2019",Form 4,Statement of Changes in Beneficial Ownership,https://ir.americanexpress.com/financials/earnings-and-sec-filings/sec-filings-details/default.aspx?FilingId=13177252,https://d18rn0p25nwr6d.cloudfront.net/CIK-0000004962/ab08353a-1aa9-4178-827f-f805c6d1b9fc.pdf,https://d18rn0p25nwr6d.cloudfront.net/CIK-0000004962/1b73dba4-78dd-4d39-93a6-d67f8f54c5f7.xls
"Jan 29, 2019",Form 4,Statement of Changes in Beneficial Ownership,https://ir.americanexpress.com/financials/earnings-and-sec-filings/sec-filings-details/default.aspx?FilingId=13177256,https://d18rn0p25nwr6d.cloudfront.net/CIK-0000004962/6f83e6fd-ce73-498a-ad5a-af79ad2cb471.pdf,https://d18rn0p25nwr6d.cloudfront.net/CIK-0000004962/34ed1c69-c6df-48e9-aac0-c767475b31ac.xls
"Jan 29, 2019",Form 4,Statement of Changes in Beneficial Ownership,https://ir.americanexpress.com/financials/earnings-and-sec-filings/sec-filings-details/default.aspx?FilingId=13177255,https://d18rn0p25nwr6d.cloudfront.net/CIK-0000004962/b8b30036-b7e2-4c14-bce0-305e6342a2af.pdf,https://d18rn0p25nwr6d.cloudfront.net/CIK-0000004962/61167ad1-4bac-4ca5-a21d-2fa06bc2b80a.xls
"Jan 29, 2019",Form 4,Statement of Changes in Beneficial Ownership,https://ir.americanexpress.com/financials/earnings-and-sec-filings/sec-filings-details/default.aspx?FilingId=13177258,https://d18rn0p25nwr6d.cloudfront.net/CIK-0000004962/e316e779-8c0d-417f-829f-1750f99407c4.pdf,https://d18rn0p25nwr6d.cloudfront.net/CIK-0000004962/ab451448-3602-497d-ad39-bf84757d03af.xls
"Jan 29, 2019",Form 4,Statement of Changes in Beneficial Ownership,https://ir.americanexpress.com/financials/earnings-and-sec-filings/sec-filings-details/default.aspx?FilingId=13177260,https://d18rn0p25nwr6d.cloudfront.net/CIK-0000004962/6b03f6c3-e330-4da5-8424-e82ac41670c2.pdf,https://d18rn0p25nwr6d.cloudfront.net/CIK-0000004962/ba7588c4-4a57-48c9-9d80-836836aaf702.xls
"Jan 29, 2019",Form 4,Statement of Changes in Beneficial Ownership,https://ir.americanexpress.com/financials/earnings-and-sec-filings/sec-filings-details/default.aspx?FilingId=13177274,https://d18rn0p25nwr6d.cloudfront.net/CIK-0000004962/731448de-4f92-4bbf-b085-8708847d3799.pdf,https://d18rn0p25nwr6d.cloudfront.net/CIK-0000004962/9e7efc2f-4e0b-4c99-a4a2-aa73a21418bd.xls
"Jan 29, 2019",Form 4,Statement of Changes in Beneficial Ownership,https://ir.americanexpress.com/financials/earnings-and-sec-filings/sec-filings-details/default.aspx?FilingId=13177278,https://d18rn0p25nwr6d.cloudfront.net/CIK-0000004962/e5a0ca08-f972-439e-86e4-59b747852dcd.pdf,https://d18rn0p25nwr6d.cloudfront.net/CIK-0000004962/cf96fe2e-d912-4abd-8ffb-78dd0bce3e18.xls
"Jan 29, 2019",Form 4,Statement of Changes in Beneficial Ownership,https://ir.americanexpress.com/financials/earnings-and-sec-filings/sec-filings-details/default.aspx?FilingId=13177283,https://d18rn0p25nwr6d.cloudfront.net/CIK-0000004962/7452793d-31fd-4cee-adf0-bfd9c6870ebd.pdf,https://d18rn0p25nwr6d.cloudfront.net/CIK-0000004962/07c98b69-b4db-4746-91c2-8202d040f49c.xls
"Jan 03, 2019",Form 4,Statement of Changes in Beneficial Ownership,https://ir.americanexpress.com/financials/earnings-and-sec-filings/sec-filings-details/default.aspx?FilingId=13138798,https://d18rn0p25nwr6d.cloudfront.net/CIK-0000004962/9d4aef36-91f3-49a8-bc1e-ec1d5bf225c6.pdf,https://d18rn0p25nwr6d.cloudfront.net/CIK-0000004962/d5cc1a79-ac80-40c5-9177-9884eecbbd25.xls
"Jan 03, 2019",Form 4,Statement of Changes in Beneficial Ownership,https://ir.americanexpress.com/financials/earnings-and-sec-filings/sec-filings-details/default.aspx?FilingId=13138811,https://d18rn0p25nwr6d.cloudfront.net/CIK-0000004962/cfe8615a-1966-4ef7-8e91-8f37d66fe396.pdf,https://d18rn0p25nwr6d.cloudfront.net/CIK-0000004962/0151a38f-6a60-4fe5-918a-9cf6bd88cad6.xls
"Jan 03, 2019",Form 4,Statement of Changes in Beneficial Ownership,https://ir.americanexpress.com/financials/earnings-and-sec-filings/sec-filings-details/default.aspx?FilingId=13138834,https://d18rn0p25nwr6d.cloudfront.net/CIK-0000004962/55f2e0f3-29be-4a46-9395-a5f4a829dfb5.pdf,https://d18rn0p25nwr6d.cloudfront.net/CIK-0000004962/fea6af3d-eb6e-4df7-89b5-07c316523741.xls
"Jan 03, 2019",Form 4,Statement of Changes in Beneficial Ownership,https://ir.americanexpress.com/financials/earnings-and-sec-filings/sec-filings-details/default.aspx?FilingId=13138850,https://d18rn0p25nwr6d.cloudfront.net/CIK-0000004962/8ea1cd0c-782a-4068-9db6-91ab705776ac.pdf,https://d18rn0p25nwr6d.cloudfront.net/CIK-0000004962/b10be2bc-3c7a-4fe0-b6a8-55882ae67862.xls
"Jan 03, 2019",Form 4,Statement of Changes in Beneficial Ownership,https://ir.americanexpress.com/financials/earnings-and-sec-filings/sec-filings-details/default.aspx?FilingId=13138857,https://d18rn0p25nwr6d.cloudfront.net/CIK-0000004962/d3e696c7-0d87-410f-aad1-9bbeb9f3a5d1.pdf,https://d18rn0p25nwr6d.cloudfront.net/CIK-0000004962/7b443df9-2c82-46a3-804a-245dd2383cf9.xls
"Jan 03, 2019",Form 4,Statement of Changes in Beneficial Ownership,https://ir.americanexpress.com/financials/earnings-and-sec-filings/sec-filings-details/default.aspx?FilingId=13138879,https://d18rn0p25nwr6d.cloudfront.net/CIK-0000004962/a4e335bc-c25f-42d3-9a39-a5eb8c72bca5.pdf,https://d18rn0p25nwr6d.cloudfront.net/CIK-0000004962/b762765d-1c1d-4c74-a006-88b5b73271f4.xls
"Jan 03, 2019",Form 4,Statement of Changes in Beneficial Ownership,https://ir.americanexpress.com/financials/earnings-and-sec-filings/sec-filings-details/default.aspx?FilingId=13138888,https://d18rn0p25nwr6d.cloudfront.net/CIK-0000004962/50289975-f4bd-44ce-ab37-0ba0a7aac93d.pdf,https://d18rn0p25nwr6d.cloudfront.net/CIK-0000004962/b2c07b0a-3b0b-4638-9083-bce15c6c3028.xls
"Jan 03, 2019",Form 4,Statement of Changes in Beneficial Ownership,https://ir.americanexpress.com/financials/earnings-and-sec-filings/sec-filings-details/default.aspx?FilingId=13138904,https://d18rn0p25nwr6d.cloudfront.net/CIK-0000004962/c085cb57-f6bf-4595-b41d-1779585739cd.pdf,https://d18rn0p25nwr6d.cloudfront.net/CIK-0000004962/59d04f7d-b3a4-4318-b4fc-bfee60667454.xls
"Nov 05, 2018",Form 4,Statement of Changes in Beneficial Ownership,https://ir.americanexpress.com/financials/earnings-and-sec-filings/sec-filings-details/default.aspx?FilingId=13042652,https://d18rn0p25nwr6d.cloudfront.net/CIK-0000004962/2d692e12-2126-44a5-8dfb-29619fdeebb4.pdf,https://d18rn0p25nwr6d.cloudfront.net/CIK-0000004962/edfb73c8-6827-4b4a-994c-52dfdbdc15c1.xls
"Nov 01, 2018",Form 4,Statement of Changes in Beneficial Ownership,https://ir.americanexpress.com/financials/earnings-and-sec-filings/sec-filings-details/default.aspx?FilingId=13036833,https://d18rn0p25nwr6d.cloudfront.net/CIK-0000004962/ddeb4a75-a37d-45ca-bead-2c0c414aa84f.pdf,https://d18rn0p25nwr6d.cloudfront.net/CIK-0000004962/44f456d6-4dfa-4d35-a172-fc02c9c5cbd2.xls
"Oct 02, 2018",Form 4,Statement of Changes in Beneficial Ownership,https://ir.americanexpress.com/financials/earnings-and-sec-filings/sec-filings-details/default.aspx?FilingId=12991217,https://d18rn0p25nwr6d.cloudfront.net/CIK-0000004962/e001618a-23e9-439d-97df-26a7e65805c5.pdf,https://d18rn0p25nwr6d.cloudfront.net/CIK-0000004962/e52bf5d3-ddc5-454c-8c43-78671d85a18a.xls
"Oct 02, 2018",Form 4,Statement of Changes in Beneficial Ownership,https://ir.americanexpress.com/financials/earnings-and-sec-filings/sec-filings-details/default.aspx?FilingId=12991286,https://d18rn0p25nwr6d.cloudfront.net/CIK-0000004962/79e388ce-e7e3-4f5e-af08-60152230e46a.pdf,https://d18rn0p25nwr6d.cloudfront.net/CIK-0000004962/00efcbd6-0614-4b3a-b061-e493d23ac125.xls
"Oct 02, 2018",Form 4,Statement of Changes in Beneficial Ownership,https://ir.americanexpress.com/financials/earnings-and-sec-filings/sec-filings-details/default.aspx?FilingId=12991335,https://d18rn0p25nwr6d.cloudfront.net/CIK-0000004962/65fde6e4-f1a0-45e2-90bc-3a3534a157d1.pdf,https://d18rn0p25nwr6d.cloudfront.net/CIK-0000004962/bbc77f40-1964-45ba-804a-802d6ba1a09e.xls
"Oct 02, 2018",Form 4,Statement of Changes in Beneficial Ownership,https://ir.americanexpress.com/financials/earnings-and-sec-filings/sec-filings-details/default.aspx?FilingId=12991374,https://d18rn0p25nwr6d.cloudfront.net/CIK-0000004962/b2e7728f-3c3a-4b1c-9965-768b0d77c6c0.pdf,https://d18rn0p25nwr6d.cloudfront.net/CIK-0000004962/2e73412d-6b49-45de-b86e-c437fed73f82.xls
"Oct 02, 2018",Form 4,Statement of Changes in Beneficial Ownership,https://ir.americanexpress.com/financials/earnings-and-sec-filings/sec-filings-details/default.aspx?FilingId=12991442,https://d18rn0p25nwr6d.cloudfront.net/CIK-0000004962/7bc76cc9-8b54-4ba1-831c-bc4c8af2d267.pdf,https://d18rn0p25nwr6d.cloudfront.net/CIK-0000004962/11a5547e-cc9e-4f70-b4f3-d237521c1cef.xls
"Oct 02, 2018",Form 4,Statement of Changes in Beneficial Ownership,https://ir.americanexpress.com/financials/earnings-and-sec-filings/sec-filings-details/default.aspx?FilingId=12991486,https://d18rn0p25nwr6d.cloudfront.net/CIK-0000004962/9aa3675b-ef68-42b7-a035-ff9946f89514.pdf,https://d18rn0p25nwr6d.cloudfront.net/CIK-0000004962/9cdd6aa5-c9c4-4fad-adc9-e65543772a3d.xls
"Oct 02, 2018",Form 4,Statement of Changes in Beneficial Ownership,https://ir.americanexpress.com/financials/earnings-and-sec-filings/sec-filings-details/default.aspx?FilingId=12991516,https://d18rn0p25nwr6d.cloudfront.net/CIK-0000004962/91de8f23-e3cb-47ca-a185-3be116b05387.pdf,https://d18rn0p25nwr6d.cloudfront.net/CIK-0000004962/87b7a21b-3f2a-4a70-ad6e-28c8c7d0c20f.xls
"Oct 02, 2018",Form 4,Statement of Changes in Beneficial Ownership,https://ir.americanexpress.com/financials/earnings-and-sec-filings/sec-filings-details/default.aspx?FilingId=12991549,https://d18rn0p25nwr6d.cloudfront.net/CIK-0000004962/a49018e5-9b9f-4408-9c60-f47a223922f9.pdf,https://d18rn0p25nwr6d.cloudfront.net/CIK-0000004962/2eb088a4-006e-4810-9733-9a1aab1e82b8.xls
"Sep 20, 2018",Form 3,Initial Statement of Beneficial Ownership,https://ir.americanexpress.com/financials/earnings-and-sec-filings/sec-filings-details/default.aspx?FilingId=12971033,https://d18rn0p25nwr6d.cloudfront.net/CIK-0000004962/e023f347-9ef0-4480-a137-7f398f936365.pdf,https://d18rn0p25nwr6d.cloudfront.net/CIK-0000004962/5fae5a21-8d48-47ce-8c3f-d3d986531bd0.xls
"Sep 14, 2018",Form 4,Statement of Changes in Beneficial Ownership,https://ir.americanexpress.com/financials/earnings-and-sec-filings/sec-filings-details/default.aspx?FilingId=12964776,https://d18rn0p25nwr6d.cloudfront.net/CIK-0000004962/da3eff7a-fbe2-4197-b021-e586657fcc74.pdf,https://d18rn0p25nwr6d.cloudfront.net/CIK-0000004962/06a3b639-aaaa-4b3b-948c-fe5fa26f3f84.xls
"Sep 06, 2018",Form 4,Statement of Changes in Beneficial Ownership,https://ir.americanexpress.com/financials/earnings-and-sec-filings/sec-filings-details/default.aspx?FilingId=12952858,https://d18rn0p25nwr6d.cloudfront.net/CIK-0000004962/b53cdc8d-dce2-4129-aa30-e60e2bcf881e.pdf,https://d18rn0p25nwr6d.cloudfront.net/CIK-0000004962/11bb171a-1466-4b08-b7d6-4fbfdab02953.xls
"Aug 23, 2018",Form 4,Statement of Changes in Beneficial Ownership,https://ir.americanexpress.com/financials/earnings-and-sec-filings/sec-filings-details/default.aspx?FilingId=12932972,https://d18rn0p25nwr6d.cloudfront.net/CIK-0000004962/907e8865-9d1e-4c9f-8da6-429c65beb0a8.pdf,https://d18rn0p25nwr6d.cloudfront.net/CIK-0000004962/da830e05-8eed-4261-8023-4563b8587df2.xls
"Aug 23, 2018",Form 3,Initial Statement of Beneficial Ownership,https://ir.americanexpress.com/financials/earnings-and-sec-filings/sec-filings-details/default.aspx?FilingId=12932988,https://d18rn0p25nwr6d.cloudfront.net/CIK-0000004962/c224edc5-1694-4dff-ae91-6d0ea235b222.pdf,https://d18rn0p25nwr6d.cloudfront.net/CIK-0000004962/b28b3f5e-59ea-45ad-bb53-e2bfae8e1c0c.xls
"Aug 03, 2018",Form 4,Statement of Changes in Beneficial Ownership,https://ir.americanexpress.com/financials/earnings-and-sec-filings/sec-filings-details/default.aspx?FilingId=12893681,https://d18rn0p25nwr6d.cloudfront.net/CIK-0000004962/b517ab45-7eb2-465d-b85f-a9dfe71844d9.pdf,https://d18rn0p25nwr6d.cloudfront.net/CIK-0000004962/0d0d4fe4-126c-4ace-a7dd-64c726edabe6.xls
"Aug 01, 2018",Form 4,Statement of Changes in Beneficial Ownership,https://ir.americanexpress.com/financials/earnings-and-sec-filings/sec-filings-details/default.aspx?FilingId=12888752,https://d18rn0p25nwr6d.cloudfront.net/CIK-0000004962/61d404a7-b935-4a68-8b96-6f395b991c29.pdf,https://d18rn0p25nwr6d.cloudfront.net/CIK-0000004962/d2c6837c-e0d4-4d7a-b121-875c62a786b1.xls
"Jul 03, 2018",Form 4,Statement of Changes in Beneficial Ownership,https://ir.americanexpress.com/financials/earnings-and-sec-filings/sec-filings-details/default.aspx?FilingId=12848675,https://d18rn0p25nwr6d.cloudfront.net/CIK-0000004962/f8843470-be55-48b4-a590-d6442e93ebb9.pdf,https://d18rn0p25nwr6d.cloudfront.net/CIK-0000004962/36dc1b3e-d932-42d2-a0ad-03dddc1bf474.xls
"Jul 03, 2018",Form 4,Statement of Changes in Beneficial Ownership,https://ir.americanexpress.com/financials/earnings-and-sec-filings/sec-filings-details/default.aspx?FilingId=12848677,https://d18rn0p25nwr6d.cloudfront.net/CIK-0000004962/4ed8f988-8696-48ae-b30d-b359f047869a.pdf,https://d18rn0p25nwr6d.cloudfront.net/CIK-0000004962/2ce89da0-31f2-4683-a9b5-224f21cf83c1.xls
"Jul 03, 2018",Form 4,Statement of Changes in Beneficial Ownership,https://ir.americanexpress.com/financials/earnings-and-sec-filings/sec-filings-details/default.aspx?FilingId=12848679,https://d18rn0p25nwr6d.cloudfront.net/CIK-0000004962/3243d027-07c3-44b1-aeb7-d48e36b333f2.pdf,https://d18rn0p25nwr6d.cloudfront.net/CIK-0000004962/e13562b7-4d90-4640-9068-6481e0bfd4fb.xls
"Jul 03, 2018",Form 4,Statement of Changes in Beneficial Ownership,https://ir.americanexpress.com/financials/earnings-and-sec-filings/sec-filings-details/default.aspx?FilingId=12848681,https://d18rn0p25nwr6d.cloudfront.net/CIK-0000004962/ddc56647-c908-4d52-a188-f726c5482d76.pdf,https://d18rn0p25nwr6d.cloudfront.net/CIK-0000004962/a6189228-591e-462f-be78-a33e9f532891.xls
"Jul 03, 2018",Form 4,Statement of Changes in Beneficial Ownership,https://ir.americanexpress.com/financials/earnings-and-sec-filings/sec-filings-details/default.aspx?FilingId=12848684,https://d18rn0p25nwr6d.cloudfront.net/CIK-0000004962/ffaf3cee-feec-4001-bdc7-0d00645225c8.pdf,https://d18rn0p25nwr6d.cloudfront.net/CIK-0000004962/d60bffb8-9503-4167-8212-88ce0ca8a9c4.xls
"Jul 03, 2018",Form 4,Statement of Changes in Beneficial Ownership,https://ir.americanexpress.com/financials/earnings-and-sec-filings/sec-filings-details/default.aspx?FilingId=12848694,https://d18rn0p25nwr6d.cloudfront.net/CIK-0000004962/f99da2a3-3de5-45dc-b721-ff5f4f539104.pdf,https://d18rn0p25nwr6d.cloudfront.net/CIK-0000004962/b9347f5f-a16e-4047-a476-62535061d247.xls
"Jul 03, 2018",Form 4,Statement of Changes in Beneficial Ownership,https://ir.americanexpress.com/financials/earnings-and-sec-filings/sec-filings-details/default.aspx?FilingId=12848706,https://d18rn0p25nwr6d.cloudfront.net/CIK-0000004962/07b51425-24aa-4e01-bf40-25d798b799f5.pdf,https://d18rn0p25nwr6d.cloudfront.net/CIK-0000004962/325378e3-e9b0-4cf6-b14c-bb2b64f2eee8.xls
"Jul 03, 2018",Form 4,Statement of Changes in Beneficial Ownership,https://ir.americanexpress.com/financials/earnings-and-sec-filings/sec-filings-details/default.aspx?FilingId=12848711,https://d18rn0p25nwr6d.cloudfront.net/CIK-0000004962/8e00dc95-76e2-4822-9283-5f84acbe2fe1.pdf,https://d18rn0p25nwr6d.cloudfront.net/CIK-0000004962/037ca920-a58b-48bb-8680-bd2abf443fc6.xls
"Jun 15, 2018",Form 3,Initial Statement of Beneficial Ownership,https://ir.americanexpress.com/financials/earnings-and-sec-filings/sec-filings-details/default.aspx?FilingId=12815941,https://d18rn0p25nwr6d.cloudfront.net/CIK-0000004962/96255846-b044-417c-8cc7-5dc5ec515860.pdf,https://d18rn0p25nwr6d.cloudfront.net/CIK-0000004962/ee488677-c262-4622-a570-20c03c20fe8d.xls
"Jun 05, 2018",Form 4,Statement of Changes in Beneficial Ownership,https://ir.americanexpress.com/financials/earnings-and-sec-filings/sec-filings-details/default.aspx?FilingId=12797238,https://d18rn0p25nwr6d.cloudfront.net/CIK-0000004962/ee8af370-7a59-466a-89cf-b929dc61219e.pdf,https://d18rn0p25nwr6d.cloudfront.net/CIK-0000004962/2ee900c0-f71b-495b-9ef5-d6fcfafb5ba0.xls
"Jun 01, 2018",Form 4,Statement of Changes in Beneficial Ownership,https://ir.americanexpress.com/financials/earnings-and-sec-filings/sec-filings-details/default.aspx?FilingId=12791577,https://d18rn0p25nwr6d.cloudfront.net/CIK-0000004962/697f5d2e-1aee-4563-949a-e58d050aa662.pdf,https://d18rn0p25nwr6d.cloudfront.net/CIK-0000004962/e770c1aa-27ad-4d26-b94f-3fe7cc00cd6e.xls
"May 24, 2018",Form 4,Statement of Changes in Beneficial Ownership,https://ir.americanexpress.com/financials/earnings-and-sec-filings/sec-filings-details/default.aspx?FilingId=12777049,https://d18rn0p25nwr6d.cloudfront.net/CIK-0000004962/1b3dc1a8-0f0d-42ba-b3f6-d1b7a59eb2ac.pdf,https://d18rn0p25nwr6d.cloudfront.net/CIK-0000004962/60743424-21c1-410f-ae34-408e8795d881.xls
"May 09, 2018",Form 4,Statement of Changes in Beneficial Ownership,https://ir.americanexpress.com/financials/earnings-and-sec-filings/sec-filings-details/default.aspx?FilingId=12742360,https://d18rn0p25nwr6d.cloudfront.net/CIK-0000004962/24661cdc-5227-4bea-ab44-e536e51b0e95.pdf,https://d18rn0p25nwr6d.cloudfront.net/CIK-0000004962/84227aa8-2312-49e2-b1c1-cb7b0e111613.xls
"May 09, 2018",Form 4,Statement of Changes in Beneficial Ownership,https://ir.americanexpress.com/financials/earnings-and-sec-filings/sec-filings-details/default.aspx?FilingId=12742367,https://d18rn0p25nwr6d.cloudfront.net/CIK-0000004962/ef5c3201-6fd2-47ee-b7ba-4164062f6ee8.pdf,https://d18rn0p25nwr6d.cloudfront.net/CIK-0000004962/32aa10b1-0064-402e-9d2e-134cacbfc9db.xls
"May 09, 2018",Form 4,Statement of Changes in Beneficial Ownership,https://ir.americanexpress.com/financials/earnings-and-sec-filings/sec-filings-details/default.aspx?FilingId=12742371,https://d18rn0p25nwr6d.cloudfront.net/CIK-0000004962/247227e7-8b61-429a-9ae0-673f5fa37c90.pdf,https://d18rn0p25nwr6d.cloudfront.net/CIK-0000004962/3a278057-885a-42d2-9b82-f3833e0220b9.xls
"May 09, 2018",Form 4,Statement of Changes in Beneficial Ownership,https://ir.americanexpress.com/financials/earnings-and-sec-filings/sec-filings-details/default.aspx?FilingId=12742376,https://d18rn0p25nwr6d.cloudfront.net/CIK-0000004962/28f9cdb2-b1cc-4742-9476-af81602933c8.pdf,https://d18rn0p25nwr6d.cloudfront.net/CIK-0000004962/499f8ad2-8d25-4558-b3da-d5db7e2ea6ba.xls
"May 09, 2018",Form 4,Statement of Changes in Beneficial Ownership,https://ir.americanexpress.com/financials/earnings-and-sec-filings/sec-filings-details/default.aspx?FilingId=12742380,https://d18rn0p25nwr6d.cloudfront.net/CIK-0000004962/f8082446-46e2-49b2-b338-f53abf39cdad.pdf,https://d18rn0p25nwr6d.cloudfront.net/CIK-0000004962/a2d7251f-f36d-4bf8-8277-18fe302e4b94.xls
"May 09, 2018",Form 4,Statement of Changes in Beneficial Ownership,https://ir.americanexpress.com/financials/earnings-and-sec-filings/sec-filings-details/default.aspx?FilingId=12742384,https://d18rn0p25nwr6d.cloudfront.net/CIK-0000004962/95af570b-9de1-43a0-9452-eab246c87666.pdf,https://d18rn0p25nwr6d.cloudfront.net/CIK-0000004962/cb1b114f-e555-464d-9735-04732eca4aaa.xls
"May 09, 2018",Form 4,Statement of Changes in Beneficial Ownership,https://ir.americanexpress.com/financials/earnings-and-sec-filings/sec-filings-details/default.aspx?FilingId=12742388,https://d18rn0p25nwr6d.cloudfront.net/CIK-0000004962/5c12949b-28db-4094-bfa4-438edb469aed.pdf,https://d18rn0p25nwr6d.cloudfront.net/CIK-0000004962/03d9a41e-3f1e-42ce-a706-7a48c30459d3.xls
"May 09, 2018",Form 4,Statement of Changes in Beneficial Ownership,https://ir.americanexpress.com/financials/earnings-and-sec-filings/sec-filings-details/default.aspx?FilingId=12742392,https://d18rn0p25nwr6d.cloudfront.net/CIK-0000004962/bcbf68ce-cd29-4199-9f2a-b13632376e0d.pdf,https://d18rn0p25nwr6d.cloudfront.net/CIK-0000004962/c8bee2fe-0502-422c-ad68-e39793419595.xls
"May 09, 2018",Form 4,Statement of Changes in Beneficial Ownership,https://ir.americanexpress.com/financials/earnings-and-sec-filings/sec-filings-details/default.aspx?FilingId=12742395,https://d18rn0p25nwr6d.cloudfront.net/CIK-0000004962/a0328864-a24f-4782-9744-bc2c23411456.pdf,https://d18rn0p25nwr6d.cloudfront.net/CIK-0000004962/14328e25-8df4-4448-a9fa-9171bfa25854.xls
"May 09, 2018",Form 4,Statement of Changes in Beneficial Ownership,https://ir.americanexpress.com/financials/earnings-and-sec-filings/sec-filings-details/default.aspx?FilingId=12742401,https://d18rn0p25nwr6d.cloudfront.net/CIK-0000004962/dac362b1-b0c5-48cd-867e-75dd11912ed3.pdf,https://d18rn0p25nwr6d.cloudfront.net/CIK-0000004962/8cfcf435-ce61-4d9a-84b3-34d30516d096.xls
"May 09, 2018",Form 4,Statement of Changes in Beneficial Ownership,https://ir.americanexpress.com/financials/earnings-and-sec-filings/sec-filings-details/default.aspx?FilingId=12742407,https://d18rn0p25nwr6d.cloudfront.net/CIK-0000004962/b9f0422e-753e-44ba-ac0c-6704d344f98c.pdf,https://d18rn0p25nwr6d.cloudfront.net/CIK-0000004962/93ad39cf-f2cc-4a9b-87f1-ecc9032ee440.xls
"May 09, 2018",Form 4,Statement of Changes in Beneficial Ownership,https://ir.americanexpress.com/financials/earnings-and-sec-filings/sec-filings-details/default.aspx?FilingId=12742560,https://d18rn0p25nwr6d.cloudfront.net/CIK-0000004962/a17e015d-43f2-4512-9d79-2cad76d46c6f.pdf,https://d18rn0p25nwr6d.cloudfront.net/CIK-0000004962/8f6cf546-eaf4-4540-84e7-ada30a835ede.xls
"May 03, 2018",Form 4,Statement of Changes in Beneficial Ownership,https://ir.americanexpress.com/financials/earnings-and-sec-filings/sec-filings-details/default.aspx?FilingId=12726390,https://d18rn0p25nwr6d.cloudfront.net/CIK-0000004962/29a3fca4-8509-4a66-9516-b9f34f135fe8.pdf,https://d18rn0p25nwr6d.cloudfront.net/CIK-0000004962/86331423-00d1-4ff0-b55c-fd425c07499c.xls
"May 03, 2018",Form 4,Statement of Changes in Beneficial Ownership,https://ir.americanexpress.com/financials/earnings-and-sec-filings/sec-filings-details/default.aspx?FilingId=12726404,https://d18rn0p25nwr6d.cloudfront.net/CIK-0000004962/2a0aff1e-c4df-4dab-9316-2ac09c4d1d52.pdf,https://d18rn0p25nwr6d.cloudfront.net/CIK-0000004962/32aaac80-651c-41ea-9a7a-6505f16aa759.xls
"May 02, 2018",Form 4,Statement of Changes in Beneficial Ownership,https://ir.americanexpress.com/financials/earnings-and-sec-filings/sec-filings-details/default.aspx?FilingId=12723725,https://d18rn0p25nwr6d.cloudfront.net/CIK-0000004962/555e9b9a-0e3c-4ec4-92d0-fb6a97550a45.pdf,https://d18rn0p25nwr6d.cloudfront.net/CIK-0000004962/fda053b8-0be2-4a67-8932-9ac81b084e54.xls
"May 01, 2018",Form 4,Statement of Changes in Beneficial Ownership,https://ir.americanexpress.com/financials/earnings-and-sec-filings/sec-filings-details/default.aspx?FilingId=12721418,https://d18rn0p25nwr6d.cloudfront.net/CIK-0000004962/f42cb4c0-534a-4bfe-b330-867df4194aa3.pdf,https://d18rn0p25nwr6d.cloudfront.net/CIK-0000004962/cc143d18-60ed-4fee-bcfe-d38217ea7570.xls
"May 01, 2018",Form 4,Statement of Changes in Beneficial Ownership,https://ir.americanexpress.com/financials/earnings-and-sec-filings/sec-filings-details/default.aspx?FilingId=12721427,https://d18rn0p25nwr6d.cloudfront.net/CIK-0000004962/ae4db9e0-100d-44c6-b08d-33b16b101092.pdf,https://d18rn0p25nwr6d.cloudfront.net/CIK-0000004962/6ae03261-c8e8-4d25-ac43-ed9b175b8ddf.xls
"May 01, 2018",Form 4,Statement of Changes in Beneficial Ownership,https://ir.americanexpress.com/financials/earnings-and-sec-filings/sec-filings-details/default.aspx?FilingId=12721437,https://d18rn0p25nwr6d.cloudfront.net/CIK-0000004962/62c9f5c5-b7a4-4e80-85bb-2bdc8fa7224f.pdf,https://d18rn0p25nwr6d.cloudfront.net/CIK-0000004962/dc6b0503-4c9c-4fba-9040-c661c2cd827c.xls
"Apr 23, 2018",Form 4,Statement of Changes in Beneficial Ownership,https://ir.americanexpress.com/financials/earnings-and-sec-filings/sec-filings-details/default.aspx?FilingId=12697331,https://d18rn0p25nwr6d.cloudfront.net/CIK-0000004962/93276388-317e-4f10-9003-eb94e38bc9a9.pdf,https://d18rn0p25nwr6d.cloudfront.net/CIK-0000004962/297a8db8-d5cb-4084-be0a-452eb19d2df8.xls
"Apr 09, 2018",Form 3,Initial Statement of Beneficial Ownership,https://ir.americanexpress.com/financials/earnings-and-sec-filings/sec-filings-details/default.aspx?FilingId=12677386,https://d18rn0p25nwr6d.cloudfront.net/CIK-0000004962/08f86855-5afd-434b-8003-ccaecc46723b.pdf,https://d18rn0p25nwr6d.cloudfront.net/CIK-0000004962/80ab27cc-372b-4fc5-b1cc-aafc20fdc997.xls
"Apr 03, 2018",Form 4,Statement of Changes in Beneficial Ownership,https://ir.americanexpress.com/financials/earnings-and-sec-filings/sec-filings-details/default.aspx?FilingId=12666565,https://d18rn0p25nwr6d.cloudfront.net/CIK-0000004962/ffba4730-c897-452c-96e9-14d48e7ca03a.pdf,https://d18rn0p25nwr6d.cloudfront.net/CIK-0000004962/bb080241-e7cc-4fda-96fc-95732167de55.xls
"Apr 03, 2018",Form 4,Statement of Changes in Beneficial Ownership,https://ir.americanexpress.com/financials/earnings-and-sec-filings/sec-filings-details/default.aspx?FilingId=12666667,https://d18rn0p25nwr6d.cloudfront.net/CIK-0000004962/52517d08-490d-41a2-8b55-7dd3e3c2c3bb.pdf,https://d18rn0p25nwr6d.cloudfront.net/CIK-0000004962/17fceba8-bfbc-4b20-8025-009e893ce815.xls
"Apr 03, 2018",Form 4,Statement of Changes in Beneficial Ownership,https://ir.americanexpress.com/financials/earnings-and-sec-filings/sec-filings-details/default.aspx?FilingId=12666699,https://d18rn0p25nwr6d.cloudfront.net/CIK-0000004962/5324dea4-a729-4b98-b8b5-53e7de0f172d.pdf,https://d18rn0p25nwr6d.cloudfront.net/CIK-0000004962/13975ceb-72fa-4319-a9ed-a2b6e10de827.xls
"Apr 03, 2018",Form 4,Statement of Changes in Beneficial Ownership,https://ir.americanexpress.com/financials/earnings-and-sec-filings/sec-filings-details/default.aspx?FilingId=12666733,https://d18rn0p25nwr6d.cloudfront.net/CIK-0000004962/dd694b86-8d1b-4c6d-ade6-14032d12c57e.pdf,https://d18rn0p25nwr6d.cloudfront.net/CIK-0000004962/00251704-2072-4218-ba9c-53f7752fe449.xls
"Apr 03, 2018",Form 4,Statement of Changes in Beneficial Ownership,https://ir.americanexpress.com/financials/earnings-and-sec-filings/sec-filings-details/default.aspx?FilingId=12666782,https://d18rn0p25nwr6d.cloudfront.net/CIK-0000004962/11780215-c67c-4adf-8486-2ba17965302a.pdf,https://d18rn0p25nwr6d.cloudfront.net/CIK-0000004962/92fac3ec-24e2-47b5-af15-a218df362c32.xls
"Apr 03, 2018",Form 4,Statement of Changes in Beneficial Ownership,https://ir.americanexpress.com/financials/earnings-and-sec-filings/sec-filings-details/default.aspx?FilingId=12666840,https://d18rn0p25nwr6d.cloudfront.net/CIK-0000004962/18811036-0391-4051-b196-761c208811b8.pdf,https://d18rn0p25nwr6d.cloudfront.net/CIK-0000004962/750fe2dc-2759-47d4-929c-57a603124da9.xls
"Apr 03, 2018",Form 4,Statement of Changes in Beneficial Ownership,https://ir.americanexpress.com/financials/earnings-and-sec-filings/sec-filings-details/default.aspx?FilingId=12666871,https://d18rn0p25nwr6d.cloudfront.net/CIK-0000004962/dadb69cf-8ea0-42a4-8cc4-7bd84cc62497.pdf,https://d18rn0p25nwr6d.cloudfront.net/CIK-0000004962/3e5a0e09-4c5e-4b14-99fd-e3591902c8e3.xls
"Apr 03, 2018",Form 4,Statement of Changes in Beneficial Ownership,https://ir.americanexpress.com/financials/earnings-and-sec-filings/sec-filings-details/default.aspx?FilingId=12666939,https://d18rn0p25nwr6d.cloudfront.net/CIK-0000004962/eb67ea8f-a3cd-46bf-b44e-9f42989f2994.pdf,https://d18rn0p25nwr6d.cloudfront.net/CIK-0000004962/190d0bba-b5e1-4534-965c-b7d7bed96bc8.xls
"Mar 22, 2018",Form 3,Initial Statement of Beneficial Ownership,https://ir.americanexpress.com/financials/earnings-and-sec-filings/sec-filings-details/default.aspx?FilingId=12641909,https://d18rn0p25nwr6d.cloudfront.net/CIK-0000004962/a703019d-4e58-4409-9003-bbe6716793e2.pdf,https://d18rn0p25nwr6d.cloudfront.net/CIK-0000004962/01811779-150b-48ee-98c3-65a359ee61e6.xls
"Feb 05, 2018",Form 4,Statement of Changes in Beneficial Ownership,https://ir.americanexpress.com/financials/earnings-and-sec-filings/sec-filings-details/default.aspx?FilingId=12519004,https://d18rn0p25nwr6d.cloudfront.net/CIK-0000004962/5df8e3c9-c062-4e28-b074-3a7642ff50b7.pdf,https://d18rn0p25nwr6d.cloudfront.net/CIK-0000004962/f1b2da56-c474-4693-a681-a233461cad2a.xls
"Feb 02, 2018",Form 3,Initial Statement of Beneficial Ownership,https://ir.americanexpress.com/financials/earnings-and-sec-filings/sec-filings-details/default.aspx?FilingId=12515748,https://d18rn0p25nwr6d.cloudfront.net/CIK-0000004962/be04b751-452c-4f69-a5c6-b29f28f8f73c.pdf,https://d18rn0p25nwr6d.cloudfront.net/CIK-0000004962/e16b4faf-e375-47ec-bc84-5a35feaea455.xls
"Feb 02, 2018",Form 3,Initial Statement of Beneficial Ownership,https://ir.americanexpress.com/financials/earnings-and-sec-filings/sec-filings-details/default.aspx?FilingId=12515784,https://d18rn0p25nwr6d.cloudfront.net/CIK-0000004962/2b0e2969-7bfa-4fd5-93b4-0c6e6988c4ac.pdf,https://d18rn0p25nwr6d.cloudfront.net/CIK-0000004962/c70be98c-b48e-426d-9252-1d8c9795b0bc.xls
"Jan 30, 2018",Form 4,Statement of Changes in Beneficial Ownership,https://ir.americanexpress.com/financials/earnings-and-sec-filings/sec-filings-details/default.aspx?FilingId=12505350,https://d18rn0p25nwr6d.cloudfront.net/CIK-0000004962/454d643c-021b-44e3-b11a-f9f460296b47.pdf,https://d18rn0p25nwr6d.cloudfront.net/CIK-0000004962/ada4c4d4-4253-4116-912b-186677c50cff.xls
"Jan 30, 2018",Form 4,Statement of Changes in Beneficial Ownership,https://ir.americanexpress.com/financials/earnings-and-sec-filings/sec-filings-details/default.aspx?FilingId=12505363,https://d18rn0p25nwr6d.cloudfront.net/CIK-0000004962/687753bc-da84-4b8f-b1bf-c6dc807683c8.pdf,https://d18rn0p25nwr6d.cloudfront.net/CIK-0000004962/e06c6bbc-3b0a-4adf-ada1-699dd80b6c61.xls
"Jan 30, 2018",Form 4,Statement of Changes in Beneficial Ownership,https://ir.americanexpress.com/financials/earnings-and-sec-filings/sec-filings-details/default.aspx?FilingId=12505395,https://d18rn0p25nwr6d.cloudfront.net/CIK-0000004962/33ec83a7-b2b4-4585-99ac-e3cabbed436d.pdf,https://d18rn0p25nwr6d.cloudfront.net/CIK-0000004962/a4fc1ecb-6cac-4bd0-8142-9712bb23e597.xls
"Jan 30, 2018",Form 4,Statement of Changes in Beneficial Ownership,https://ir.americanexpress.com/financials/earnings-and-sec-filings/sec-filings-details/default.aspx?FilingId=12505412,https://d18rn0p25nwr6d.cloudfront.net/CIK-0000004962/63e14d93-dbfd-4311-b301-477e8cc06dbb.pdf,https://d18rn0p25nwr6d.cloudfront.net/CIK-0000004962/62e40a1a-5a2d-4978-b530-4a215c64d116.xls
"Jan 30, 2018",Form 4,Statement of Changes in Beneficial Ownership,https://ir.americanexpress.com/financials/earnings-and-sec-filings/sec-filings-details/default.aspx?FilingId=12505430,https://d18rn0p25nwr6d.cloudfront.net/CIK-0000004962/543149c0-78d6-4834-8526-0525c7cfd81b.pdf,https://d18rn0p25nwr6d.cloudfront.net/CIK-0000004962/66c8d752-3ab6-4fed-b600-d725128a71bb.xls
"Jan 30, 2018",Form 4,Statement of Changes in Beneficial Ownership,https://ir.americanexpress.com/financials/earnings-and-sec-filings/sec-filings-details/default.aspx?FilingId=12505440,https://d18rn0p25nwr6d.cloudfront.net/CIK-0000004962/5c701005-07f9-4891-8e9d-42d135f9470b.pdf,https://d18rn0p25nwr6d.cloudfront.net/CIK-0000004962/cb935e4e-8617-4484-b9da-3aa5840692b2.xls
"Jan 30, 2018",Form 4,Statement of Changes in Beneficial Ownership,https://ir.americanexpress.com/financials/earnings-and-sec-filings/sec-filings-details/default.aspx?FilingId=12505446,https://d18rn0p25nwr6d.cloudfront.net/CIK-0000004962/1916ab31-8126-4326-9132-75730804e35e.pdf,https://d18rn0p25nwr6d.cloudfront.net/CIK-0000004962/5d83fadd-4946-4be9-9789-7be48eb039ed.xls
"Jan 30, 2018",Form 4,Statement of Changes in Beneficial Ownership,https://ir.americanexpress.com/financials/earnings-and-sec-filings/sec-filings-details/default.aspx?FilingId=12505457,https://d18rn0p25nwr6d.cloudfront.net/CIK-0000004962/4fbf9c49-17c8-44e5-b78e-589130ad4b25.pdf,https://d18rn0p25nwr6d.cloudfront.net/CIK-0000004962/14264028-c6ca-4fa6-af9c-e95da138ff5a.xls
"Jan 30, 2018",Form 4,Statement of Changes in Beneficial Ownership,https://ir.americanexpress.com/financials/earnings-and-sec-filings/sec-filings-details/default.aspx?FilingId=12505462,https://d18rn0p25nwr6d.cloudfront.net/CIK-0000004962/9e2666e4-b210-444d-8839-c61e3afcdd52.pdf,https://d18rn0p25nwr6d.cloudfront.net/CIK-0000004962/0a8f5d85-4bbc-4e7a-8806-bf2923bea37b.xls
"Jan 30, 2018",Form 4,Statement of Changes in Beneficial Ownership,https://ir.americanexpress.com/financials/earnings-and-sec-filings/sec-filings-details/default.aspx?FilingId=12505476,https://d18rn0p25nwr6d.cloudfront.net/CIK-0000004962/9e080858-5496-4e34-9337-3a61343736a7.pdf,https://d18rn0p25nwr6d.cloudfront.net/CIK-0000004962/a27c326d-267a-4f28-b55c-ca597ee0a522.xls
"Jan 30, 2018",Form 4,Statement of Changes in Beneficial Ownership,https://ir.americanexpress.com/financials/earnings-and-sec-filings/sec-filings-details/default.aspx?FilingId=12505482,https://d18rn0p25nwr6d.cloudfront.net/CIK-0000004962/c27523ae-e1bb-4cbc-9bc6-4f88739e349c.pdf,https://d18rn0p25nwr6d.cloudfront.net/CIK-0000004962/d8198d1a-36a4-41a2-bffa-76f4fbe44e9a.xls
"Jan 30, 2018",Form 4,Statement of Changes in Beneficial Ownership,https://ir.americanexpress.com/financials/earnings-and-sec-filings/sec-filings-details/default.aspx?FilingId=12505491,https://d18rn0p25nwr6d.cloudfront.net/CIK-0000004962/db951cef-759a-4c7c-86ff-6695186446a8.pdf,https://d18rn0p25nwr6d.cloudfront.net/CIK-0000004962/3d968c8c-ee28-400f-b017-f521569e11fd.xls
"Jan 30, 2018",Form 4,Statement of Changes in Beneficial Ownership,https://ir.americanexpress.com/financials/earnings-and-sec-filings/sec-filings-details/default.aspx?FilingId=12505496,https://d18rn0p25nwr6d.cloudfront.net/CIK-0000004962/beb5915b-0c09-4e11-8f09-113d1896a1ce.pdf,https://d18rn0p25nwr6d.cloudfront.net/CIK-0000004962/7e9d7e29-37af-4602-bb5e-63cf7a1265d5.xls
"Jan 30, 2018",Form 4,Statement of Changes in Beneficial Ownership,https://ir.americanexpress.com/financials/earnings-and-sec-filings/sec-filings-details/default.aspx?FilingId=12505500,https://d18rn0p25nwr6d.cloudfront.net/CIK-0000004962/b3e44e86-5e0f-4150-9e0c-391891ced76a.pdf,https://d18rn0p25nwr6d.cloudfront.net/CIK-0000004962/b5a79df5-48c8-4a32-9003-cdcc06942556.xls
"Jan 26, 2018",Form 4,Statement of Changes in Beneficial Ownership,https://ir.americanexpress.com/financials/earnings-and-sec-filings/sec-filings-details/default.aspx?FilingId=12499051,https://d18rn0p25nwr6d.cloudfront.net/CIK-0000004962/59ece192-da5a-4532-88f8-88360fb95264.pdf,https://d18rn0p25nwr6d.cloudfront.net/CIK-0000004962/2bbdfc2d-afb6-4eea-8b08-cd3f20a26258.xls
"Jan 04, 2018",Form 4,Statement of Changes in Beneficial Ownership,https://ir.americanexpress.com/financials/earnings-and-sec-filings/sec-filings-details/default.aspx?FilingId=12462709,https://d18rn0p25nwr6d.cloudfront.net/CIK-0000004962/2d4f9021-d392-464b-8af1-12b1235d7d62.pdf,https://d18rn0p25nwr6d.cloudfront.net/CIK-0000004962/91015be1-6416-4ce5-85ff-b15cdd1a8989.xls
"Jan 03, 2018",Form 4,Statement of Changes in Beneficial Ownership,https://ir.americanexpress.com/financials/earnings-and-sec-filings/sec-filings-details/default.aspx?FilingId=12458812,https://d18rn0p25nwr6d.cloudfront.net/CIK-0000004962/a9c2d582-3273-43c2-a52c-b39db7953c80.pdf,https://d18rn0p25nwr6d.cloudfront.net/CIK-0000004962/984a2c6f-83d7-474b-8a4b-bba519f48f97.xls
"Jan 03, 2018",Form 4,Statement of Changes in Beneficial Ownership,https://ir.americanexpress.com/financials/earnings-and-sec-filings/sec-filings-details/default.aspx?FilingId=12458869,https://d18rn0p25nwr6d.cloudfront.net/CIK-0000004962/4e707545-a587-4102-9942-370767e96e5a.pdf,https://d18rn0p25nwr6d.cloudfront.net/CIK-0000004962/7727e1d4-ab71-4d32-858b-f5245b33e542.xls
"Jan 03, 2018",Form 4,Statement of Changes in Beneficial Ownership,https://ir.americanexpress.com/financials/earnings-and-sec-filings/sec-filings-details/default.aspx?FilingId=12458943,https://d18rn0p25nwr6d.cloudfront.net/CIK-0000004962/e90d7a15-6183-404b-af58-649fe7b3abab.pdf,https://d18rn0p25nwr6d.cloudfront.net/CIK-0000004962/4ca4745b-fa62-4a1b-ba30-97ea18388eff.xls
"Jan 03, 2018",Form 4,Statement of Changes in Beneficial Ownership,https://ir.americanexpress.com/financials/earnings-and-sec-filings/sec-filings-details/default.aspx?FilingId=12458987,https://d18rn0p25nwr6d.cloudfront.net/CIK-0000004962/78e17ad1-323e-494c-9cdc-aee93c7f289d.pdf,https://d18rn0p25nwr6d.cloudfront.net/CIK-0000004962/57dd7168-a207-41ac-afb8-5a9087e72916.xls
"Jan 03, 2018",Form 4,Statement of Changes in Beneficial Ownership,https://ir.americanexpress.com/financials/earnings-and-sec-filings/sec-filings-details/default.aspx?FilingId=12459023,https://d18rn0p25nwr6d.cloudfront.net/CIK-0000004962/502993d2-78f4-4e89-8936-508d5a7805bc.pdf,https://d18rn0p25nwr6d.cloudfront.net/CIK-0000004962/b355c67e-3cf2-4ec2-aedb-441b4d89f2d5.xls
"Jan 03, 2018",Form 4,Statement of Changes in Beneficial Ownership,https://ir.americanexpress.com/financials/earnings-and-sec-filings/sec-filings-details/default.aspx?FilingId=12459063,https://d18rn0p25nwr6d.cloudfront.net/CIK-0000004962/9b46cecb-ec7e-4d39-b260-d6760e8b8e31.pdf,https://d18rn0p25nwr6d.cloudfront.net/CIK-0000004962/fc196325-0028-49fb-9c15-ca80f6d850a3.xls
"Jan 03, 2018",Form 4,Statement of Changes in Beneficial Ownership,https://ir.americanexpress.com/financials/earnings-and-sec-filings/sec-filings-details/default.aspx?FilingId=12459108,https://d18rn0p25nwr6d.cloudfront.net/CIK-0000004962/3dd15d8e-a3a7-4bb6-bbc4-b302221aa9a7.pdf,https://d18rn0p25nwr6d.cloudfront.net/CIK-0000004962/296eb8b9-391e-4b14-8ca6-2ed192624553.xls
"Jan 03, 2018",Form 4,Statement of Changes in Beneficial Ownership,https://ir.americanexpress.com/financials/earnings-and-sec-filings/sec-filings-details/default.aspx?FilingId=12459209,https://d18rn0p25nwr6d.cloudfront.net/CIK-0000004962/5bd9fb56-3791-462e-9d70-1c7a7e42dd44.pdf,https://d18rn0p25nwr6d.cloudfront.net/CIK-0000004962/1145e562-9321-4a40-9d0f-587c07223f35.xls
"Dec 18, 2017",Form 4,Statement of Changes in Beneficial Ownership,https://ir.americanexpress.com/financials/earnings-and-sec-filings/sec-filings-details/default.aspx?FilingId=12434209,https://d18rn0p25nwr6d.cloudfront.net/CIK-0000004962/862d5b85-f86a-44a3-a4b1-f2e94e14f5ee.pdf,https://d18rn0p25nwr6d.cloudfront.net/CIK-0000004962/53d7380d-3e78-4afe-ab54-7b0feea05687.xls
"Dec 14, 2017",Form 4,Statement of Changes in Beneficial Ownership,https://ir.americanexpress.com/financials/earnings-and-sec-filings/sec-filings-details/default.aspx?FilingId=12429189,https://d18rn0p25nwr6d.cloudfront.net/CIK-0000004962/16d138f6-a5c1-4fa3-8658-4639be91ef15.pdf,https://d18rn0p25nwr6d.cloudfront.net/CIK-0000004962/0c723bc9-d0f3-42fd-bde0-9bffed22e8e3.xls
"Dec 13, 2017",Form 4,Statement of Changes in Beneficial Ownership,https://ir.americanexpress.com/financials/earnings-and-sec-filings/sec-filings-details/default.aspx?FilingId=12428763,https://d18rn0p25nwr6d.cloudfront.net/CIK-0000004962/914e479f-44f4-4e38-87e2-8709f68456bf.pdf,https://d18rn0p25nwr6d.cloudfront.net/CIK-0000004962/c45a9418-8925-4e3c-b5d5-7e780d4e5383.xls
"Dec 13, 2017",Form 4,Statement of Changes in Beneficial Ownership,https://ir.americanexpress.com/financials/earnings-and-sec-filings/sec-filings-details/default.aspx?FilingId=12428764,https://d18rn0p25nwr6d.cloudfront.net/CIK-0000004962/ae93b89c-c8f3-4d54-874c-d0217bd0e1f1.pdf,https://d18rn0p25nwr6d.cloudfront.net/CIK-0000004962/2f89ef27-0bae-423f-8fb8-02ae584e6b6f.xls
"Dec 04, 2017",Form 4,Statement of Changes in Beneficial Ownership,https://ir.americanexpress.com/financials/earnings-and-sec-filings/sec-filings-details/default.aspx?FilingId=12414171,https://d18rn0p25nwr6d.cloudfront.net/CIK-0000004962/59b669fe-2f63-426f-85c9-d3c97a8cbf5e.pdf,https://d18rn0p25nwr6d.cloudfront.net/CIK-0000004962/8c92f42f-061d-4957-b888-dba121332482.xls
"Nov 30, 2017",Form 4,Statement of Changes in Beneficial Ownership,https://ir.americanexpress.com/financials/earnings-and-sec-filings/sec-filings-details/default.aspx?FilingId=12408105,https://d18rn0p25nwr6d.cloudfront.net/CIK-0000004962/9a1cf883-140c-4e12-bb3c-9fe4db154ea5.pdf,https://d18rn0p25nwr6d.cloudfront.net/CIK-0000004962/80d9bc2d-de2a-4985-8a07-3e11a21e97fe.xls
"Nov 13, 2017",Form 4,Statement of Changes in Beneficial Ownership,https://ir.americanexpress.com/financials/earnings-and-sec-filings/sec-filings-details/default.aspx?FilingId=12374634,https://d18rn0p25nwr6d.cloudfront.net/CIK-0000004962/eae00818-b715-4a94-983e-eec46b4461a9.pdf,https://d18rn0p25nwr6d.cloudfront.net/CIK-0000004962/e3c95fdf-ec2f-4c86-b9e2-2046f28bfea1.xls
"Nov 03, 2017",Form 4,Statement of Changes in Beneficial Ownership,https://ir.americanexpress.com/financials/earnings-and-sec-filings/sec-filings-details/default.aspx?FilingId=12358671,https://d18rn0p25nwr6d.cloudfront.net/CIK-0000004962/da0499c2-b09a-470a-853f-22029cafa828.pdf,https://d18rn0p25nwr6d.cloudfront.net/CIK-0000004962/5779642c-0e9e-4185-a4f4-5cf5256bc3e2.xls
"Nov 01, 2017",Form 4,Statement of Changes in Beneficial Ownership,https://ir.americanexpress.com/financials/earnings-and-sec-filings/sec-filings-details/default.aspx?FilingId=12353198,https://d18rn0p25nwr6d.cloudfront.net/CIK-0000004962/99b9de96-4d1c-4d61-b594-fa7672cfd503.pdf,https://d18rn0p25nwr6d.cloudfront.net/CIK-0000004962/2af358e8-7acd-4614-9cab-e9a866cc9c0b.xls
"Oct 31, 2017",Form 4,Statement of Changes in Beneficial Ownership,https://ir.americanexpress.com/financials/earnings-and-sec-filings/sec-filings-details/default.aspx?FilingId=12349565,https://d18rn0p25nwr6d.cloudfront.net/CIK-0000004962/62fa1c4b-9101-4ab8-9680-f73476359509.pdf,https://d18rn0p25nwr6d.cloudfront.net/CIK-0000004962/1798f878-942a-4e0a-9e2a-5f991db963e1.xls
"Oct 30, 2017",Form 4,Statement of Changes in Beneficial Ownership,https://ir.americanexpress.com/financials/earnings-and-sec-filings/sec-filings-details/default.aspx?FilingId=12347679,https://d18rn0p25nwr6d.cloudfront.net/CIK-0000004962/c3cb5bff-458d-412c-b926-f7e4a1074cf1.pdf,https://d18rn0p25nwr6d.cloudfront.net/CIK-0000004962/88c594ca-3367-46b5-91ce-883abe01cdf4.xls
"Oct 27, 2017",Form 4,Statement of Changes in Beneficial Ownership,https://ir.americanexpress.com/financials/earnings-and-sec-filings/sec-filings-details/default.aspx?FilingId=12343397,https://d18rn0p25nwr6d.cloudfront.net/CIK-0000004962/f186f47e-5cae-4f5a-9325-9916fe9a2b05.pdf,https://d18rn0p25nwr6d.cloudfront.net/CIK-0000004962/4d7fb757-a6d5-44e4-b785-36152ace9622.xls
"Oct 04, 2017",Form 4,Statement of Changes in Beneficial Ownership,https://ir.americanexpress.com/financials/earnings-and-sec-filings/sec-filings-details/default.aspx?FilingId=12313308,https://d18rn0p25nwr6d.cloudfront.net/CIK-0000004962/266035a8-5f77-4614-8dc0-43ada4ccb00d.pdf,https://d18rn0p25nwr6d.cloudfront.net/CIK-0000004962/8030fa01-d6b5-4e95-be3e-c9d1f9238c99.xls
"Oct 03, 2017",Form 4,Statement of Changes in Beneficial Ownership,https://ir.americanexpress.com/financials/earnings-and-sec-filings/sec-filings-details/default.aspx?FilingId=12310327,https://d18rn0p25nwr6d.cloudfront.net/CIK-0000004962/4a537acb-23db-43f3-888b-a5a9eba0831d.pdf,https://d18rn0p25nwr6d.cloudfront.net/CIK-0000004962/61784ffc-4606-4f5e-9621-6f37a2a5162f.xls
"Oct 03, 2017",Form 4,Statement of Changes in Beneficial Ownership,https://ir.americanexpress.com/financials/earnings-and-sec-filings/sec-filings-details/default.aspx?FilingId=12310340,https://d18rn0p25nwr6d.cloudfront.net/CIK-0000004962/d82f3a87-8af2-4da6-a2f6-8634569bee28.pdf,https://d18rn0p25nwr6d.cloudfront.net/CIK-0000004962/bf291a36-2fff-4941-800d-2c196590c7da.xls
"Oct 03, 2017",Form 4,Statement of Changes in Beneficial Ownership,https://ir.americanexpress.com/financials/earnings-and-sec-filings/sec-filings-details/default.aspx?FilingId=12310352,https://d18rn0p25nwr6d.cloudfront.net/CIK-0000004962/4d6de169-3b56-4410-8868-769220f109b9.pdf,https://d18rn0p25nwr6d.cloudfront.net/CIK-0000004962/adda92fe-c05c-45f4-9464-53f0ef27cc27.xls
"Oct 03, 2017",Form 4,Statement of Changes in Beneficial Ownership,https://ir.americanexpress.com/financials/earnings-and-sec-filings/sec-filings-details/default.aspx?FilingId=12310367,https://d18rn0p25nwr6d.cloudfront.net/CIK-0000004962/c3dae071-f02b-4ab8-a650-224a20e6259d.pdf,https://d18rn0p25nwr6d.cloudfront.net/CIK-0000004962/34872bc9-930e-47da-b138-f2f43c46140a.xls
"Oct 03, 2017",Form 4,Statement of Changes in Beneficial Ownership,https://ir.americanexpress.com/financials/earnings-and-sec-filings/sec-filings-details/default.aspx?FilingId=12310381,https://d18rn0p25nwr6d.cloudfront.net/CIK-0000004962/1694f789-4920-4231-8c8c-5841378f5280.pdf,https://d18rn0p25nwr6d.cloudfront.net/CIK-0000004962/68858056-2cde-4e06-b216-0ac8b42c998d.xls
"Oct 03, 2017",Form 4,Statement of Changes in Beneficial Ownership,https://ir.americanexpress.com/financials/earnings-and-sec-filings/sec-filings-details/default.aspx?FilingId=12310404,https://d18rn0p25nwr6d.cloudfront.net/CIK-0000004962/82b4127d-b778-480d-bbfb-b4ae6051d79c.pdf,https://d18rn0p25nwr6d.cloudfront.net/CIK-0000004962/13753f9b-776e-4dbc-93ec-3b90cd1ac5dc.xls
"Oct 03, 2017",Form 4,Statement of Changes in Beneficial Ownership,https://ir.americanexpress.com/financials/earnings-and-sec-filings/sec-filings-details/default.aspx?FilingId=12310418,https://d18rn0p25nwr6d.cloudfront.net/CIK-0000004962/20fab645-9f42-41b8-b020-925d4aef1074.pdf,https://d18rn0p25nwr6d.cloudfront.net/CIK-0000004962/b8fa25b1-2a89-4bcd-9cab-15db2e410392.xls
"Oct 03, 2017",Form 4,Statement of Changes in Beneficial Ownership,https://ir.americanexpress.com/financials/earnings-and-sec-filings/sec-filings-details/default.aspx?FilingId=12310426,https://d18rn0p25nwr6d.cloudfront.net/CIK-0000004962/1ff55aad-7b1c-418b-af8a-f8516e3d596f.pdf,https://d18rn0p25nwr6d.cloudfront.net/CIK-0000004962/1f462eb6-3bef-42be-8d68-d7c40007deae.xls
"Sep 11, 2017",Form 4,Statement of Changes in Beneficial Ownership,https://ir.americanexpress.com/financials/earnings-and-sec-filings/sec-filings-details/default.aspx?FilingId=12275655,https://d18rn0p25nwr6d.cloudfront.net/CIK-0000004962/b7bb7d14-0ae9-4313-995c-0e66981fe4de.pdf,https://d18rn0p25nwr6d.cloudfront.net/CIK-0000004962/97f83418-4ff3-4d97-aff8-272d8adc332a.xls
"Aug 02, 2017",Form 4,Statement of Changes in Beneficial Ownership,https://ir.americanexpress.com/financials/earnings-and-sec-filings/sec-filings-details/default.aspx?FilingId=12206655,https://d18rn0p25nwr6d.cloudfront.net/CIK-0000004962/0c802871-b60f-444c-a85f-8340219a0b84.pdf,https://d18rn0p25nwr6d.cloudfront.net/CIK-0000004962/95c68914-3817-429e-8a6a-fb64c6ed3775.xls
"Aug 01, 2017",Form 4,Statement of Changes in Beneficial Ownership,https://ir.americanexpress.com/financials/earnings-and-sec-filings/sec-filings-details/default.aspx?FilingId=12203480,https://d18rn0p25nwr6d.cloudfront.net/CIK-0000004962/385ac5cf-a26f-4da5-bbaa-915a4c37f75c.pdf,https://d18rn0p25nwr6d.cloudfront.net/CIK-0000004962/9ea92a44-fc1a-4410-bf39-cec641c31d4f.xls
"Jul 27, 2017",Form 4,Statement of Changes in Beneficial Ownership,https://ir.americanexpress.com/financials/earnings-and-sec-filings/sec-filings-details/default.aspx?FilingId=12193781,https://d18rn0p25nwr6d.cloudfront.net/CIK-0000004962/aa4047e5-c471-4bc4-a135-79cf7673c2f0.pdf,https://d18rn0p25nwr6d.cloudfront.net/CIK-0000004962/d9a6410d-66f1-4f04-acc5-86a6df020d62.xls
"Jul 25, 2017",Form 4,Statement of Changes in Beneficial Ownership,https://ir.americanexpress.com/financials/earnings-and-sec-filings/sec-filings-details/default.aspx?FilingId=12188523,https://d18rn0p25nwr6d.cloudfront.net/CIK-0000004962/86776c1b-711d-4d7e-9f9e-5cf005a6eb88.pdf,https://d18rn0p25nwr6d.cloudfront.net/CIK-0000004962/8703475e-0f43-4290-9034-2ad2dc828b34.xls
"Jul 21, 2017",Form 4,Statement of Changes in Beneficial Ownership,https://ir.americanexpress.com/financials/earnings-and-sec-filings/sec-filings-details/default.aspx?FilingId=12184614,https://d18rn0p25nwr6d.cloudfront.net/CIK-0000004962/00bc25ba-000c-4ba9-9296-aa05a37a2360.pdf,https://d18rn0p25nwr6d.cloudfront.net/CIK-0000004962/ba0148b6-89b6-4014-8931-f3126cd8b53a.xls
"Jul 05, 2017",Form 4,Statement of Changes in Beneficial Ownership,https://ir.americanexpress.com/financials/earnings-and-sec-filings/sec-filings-details/default.aspx?FilingId=12161169,https://d18rn0p25nwr6d.cloudfront.net/CIK-0000004962/e0963b71-4382-439d-8a0d-28d7370943e7.pdf,https://d18rn0p25nwr6d.cloudfront.net/CIK-0000004962/5bfa9102-92bc-496d-8d4f-db471d171d4b.xls
"Jul 05, 2017",Form 4,Statement of Changes in Beneficial Ownership,https://ir.americanexpress.com/financials/earnings-and-sec-filings/sec-filings-details/default.aspx?FilingId=12161263,https://d18rn0p25nwr6d.cloudfront.net/CIK-0000004962/21c13be0-e3de-43ed-8009-e7c42d2fa8c1.pdf,https://d18rn0p25nwr6d.cloudfront.net/CIK-0000004962/bf718bd6-27a9-41de-b0ad-d266bd94c44d.xls
"Jul 05, 2017",Form 4,Statement of Changes in Beneficial Ownership,https://ir.americanexpress.com/financials/earnings-and-sec-filings/sec-filings-details/default.aspx?FilingId=12161377,https://d18rn0p25nwr6d.cloudfront.net/CIK-0000004962/d2f8dfa4-e8ad-4ca7-b687-6e4888b0bbcb.pdf,https://d18rn0p25nwr6d.cloudfront.net/CIK-0000004962/c91b66ca-404a-4b14-b930-e992aee57cc8.xls
"Jul 05, 2017",Form 4,Statement of Changes in Beneficial Ownership,https://ir.americanexpress.com/financials/earnings-and-sec-filings/sec-filings-details/default.aspx?FilingId=12161435,https://d18rn0p25nwr6d.cloudfront.net/CIK-0000004962/b0885f1c-da7a-4b9d-8c35-860b16b96d25.pdf,https://d18rn0p25nwr6d.cloudfront.net/CIK-0000004962/acca23f3-49db-4416-9253-8cc645d1582b.xls
"Jul 05, 2017",Form 4,Statement of Changes in Beneficial Ownership,https://ir.americanexpress.com/financials/earnings-and-sec-filings/sec-filings-details/default.aspx?FilingId=12161497,https://d18rn0p25nwr6d.cloudfront.net/CIK-0000004962/a71c6361-6df8-4b61-a846-0f5e2f71454e.pdf,https://d18rn0p25nwr6d.cloudfront.net/CIK-0000004962/07330c93-e20b-4cdf-a401-029426c60aab.xls
"Jul 05, 2017",Form 4,Statement of Changes in Beneficial Ownership,https://ir.americanexpress.com/financials/earnings-and-sec-filings/sec-filings-details/default.aspx?FilingId=12161539,https://d18rn0p25nwr6d.cloudfront.net/CIK-0000004962/49480b94-82af-4d30-a82c-dafe1abadc30.pdf,https://d18rn0p25nwr6d.cloudfront.net/CIK-0000004962/ac6c7142-81a5-4f5c-9994-3517cc6a02f8.xls
"Jul 05, 2017",Form 4,Statement of Changes in Beneficial Ownership,https://ir.americanexpress.com/financials/earnings-and-sec-filings/sec-filings-details/default.aspx?FilingId=12161687,https://d18rn0p25nwr6d.cloudfront.net/CIK-0000004962/ea0a27a8-929b-40b2-8939-99b4fd838acb.pdf,https://d18rn0p25nwr6d.cloudfront.net/CIK-0000004962/8a0e6a1f-1c3e-49ff-8cfb-f900bc0a1cf6.xls
"Jul 05, 2017",Form 4,Statement of Changes in Beneficial Ownership,https://ir.americanexpress.com/financials/earnings-and-sec-filings/sec-filings-details/default.aspx?FilingId=12161786,https://d18rn0p25nwr6d.cloudfront.net/CIK-0000004962/1008af9c-f1f1-4a89-b9d8-0ccffcea30a7.pdf,https://d18rn0p25nwr6d.cloudfront.net/CIK-0000004962/743b50d5-18da-4534-a659-26a96fb908e9.xls
"May 25, 2017",Form 4,Statement of Changes in Beneficial Ownership,https://ir.americanexpress.com/financials/earnings-and-sec-filings/sec-filings-details/default.aspx?FilingId=12092492,https://d18rn0p25nwr6d.cloudfront.net/CIK-0000004962/71077c60-8aae-46cd-8a10-93bbb8d99299.pdf,https://d18rn0p25nwr6d.cloudfront.net/CIK-0000004962/0759d242-af5f-4738-8303-f26fa9194aa3.xls
"May 03, 2017",Form 4,Statement of Changes in Beneficial Ownership,https://ir.americanexpress.com/financials/earnings-and-sec-filings/sec-filings-details/default.aspx?FilingId=12036579,https://d18rn0p25nwr6d.cloudfront.net/CIK-0000004962/3f544662-d172-4493-990f-07281c5a3c32.pdf,https://d18rn0p25nwr6d.cloudfront.net/CIK-0000004962/3554c572-ca16-4f34-9d54-2aa2d42073dc.xls
"May 03, 2017",Form 4,Statement of Changes in Beneficial Ownership,https://ir.americanexpress.com/financials/earnings-and-sec-filings/sec-filings-details/default.aspx?FilingId=12036591,https://d18rn0p25nwr6d.cloudfront.net/CIK-0000004962/54e20b28-9653-4bb6-a59c-8eaf0e372f58.pdf,https://d18rn0p25nwr6d.cloudfront.net/CIK-0000004962/ba016a5f-492a-49ee-b2b8-aa26ecd059ae.xls
"May 03, 2017",Form 4,Statement of Changes in Beneficial Ownership,https://ir.americanexpress.com/financials/earnings-and-sec-filings/sec-filings-details/default.aspx?FilingId=12036597,https://d18rn0p25nwr6d.cloudfront.net/CIK-0000004962/563a6e46-9b2d-4a4f-b65e-93ce752d0324.pdf,https://d18rn0p25nwr6d.cloudfront.net/CIK-0000004962/f4883cfc-6e3c-406e-b4c8-6f64dc7eb019.xls
"May 03, 2017",Form 4,Statement of Changes in Beneficial Ownership,https://ir.americanexpress.com/financials/earnings-and-sec-filings/sec-filings-details/default.aspx?FilingId=12036605,https://d18rn0p25nwr6d.cloudfront.net/CIK-0000004962/c85d94ba-390e-4449-9296-205fa2058fdb.pdf,https://d18rn0p25nwr6d.cloudfront.net/CIK-0000004962/030a4fad-f033-4fba-90ee-9133c856f5e2.xls
"May 03, 2017",Form 4,Statement of Changes in Beneficial Ownership,https://ir.americanexpress.com/financials/earnings-and-sec-filings/sec-filings-details/default.aspx?FilingId=12036614,https://d18rn0p25nwr6d.cloudfront.net/CIK-0000004962/ab3ffc18-6184-4954-8896-07396ec2ab2e.pdf,https://d18rn0p25nwr6d.cloudfront.net/CIK-0000004962/8d15df19-7709-451e-a1bc-5ffadbb191ad.xls
"May 03, 2017",Form 4,Statement of Changes in Beneficial Ownership,https://ir.americanexpress.com/financials/earnings-and-sec-filings/sec-filings-details/default.aspx?FilingId=12036631,https://d18rn0p25nwr6d.cloudfront.net/CIK-0000004962/25706fa8-0d5b-4497-b7f9-459209c7a9fb.pdf,https://d18rn0p25nwr6d.cloudfront.net/CIK-0000004962/2fd75f36-71b7-486e-a428-795cd9c3ea80.xls
"May 03, 2017",Form 4,Statement of Changes in Beneficial Ownership,https://ir.americanexpress.com/financials/earnings-and-sec-filings/sec-filings-details/default.aspx?FilingId=12036664,https://d18rn0p25nwr6d.cloudfront.net/CIK-0000004962/e1f765a2-4098-4685-8fb8-d89d74fd76b5.pdf,https://d18rn0p25nwr6d.cloudfront.net/CIK-0000004962/95b535d1-0f69-45ed-9ba2-eea1fedf0ddd.xls
"May 03, 2017",Form 4,Statement of Changes in Beneficial Ownership,https://ir.americanexpress.com/financials/earnings-and-sec-filings/sec-filings-details/default.aspx?FilingId=12036672,https://d18rn0p25nwr6d.cloudfront.net/CIK-0000004962/6ffa0648-d1c2-429e-84b5-955b0e2f04d6.pdf,https://d18rn0p25nwr6d.cloudfront.net/CIK-0000004962/b0d76d64-4a62-4c59-b851-24020b74afd1.xls
"May 03, 2017",Form 4,Statement of Changes in Beneficial Ownership,https://ir.americanexpress.com/financials/earnings-and-sec-filings/sec-filings-details/default.aspx?FilingId=12036685,https://d18rn0p25nwr6d.cloudfront.net/CIK-0000004962/14fe2321-0c0a-4575-bd1d-8c2b8024ba9c.pdf,https://d18rn0p25nwr6d.cloudfront.net/CIK-0000004962/32e44e85-3591-4827-9e87-4655d74cedb4.xls
"May 03, 2017",Form 4,Statement of Changes in Beneficial Ownership,https://ir.americanexpress.com/financials/earnings-and-sec-filings/sec-filings-details/default.aspx?FilingId=12036690,https://d18rn0p25nwr6d.cloudfront.net/CIK-0000004962/d4a4500e-69a9-4706-846f-159490db82b4.pdf,https://d18rn0p25nwr6d.cloudfront.net/CIK-0000004962/4cf9c8f6-273d-4a48-8614-8f09e156d541.xls
"May 03, 2017",Form 4,Statement of Changes in Beneficial Ownership,https://ir.americanexpress.com/financials/earnings-and-sec-filings/sec-filings-details/default.aspx?FilingId=12036699,https://d18rn0p25nwr6d.cloudfront.net/CIK-0000004962/e43dd66b-7a62-4da8-97a4-0aa5f88a3ec5.pdf,https://d18rn0p25nwr6d.cloudfront.net/CIK-0000004962/61d86e1f-0c32-4809-9e5e-33e7dbedf332.xls
"May 03, 2017",Form 4,Statement of Changes in Beneficial Ownership,https://ir.americanexpress.com/financials/earnings-and-sec-filings/sec-filings-details/default.aspx?FilingId=12036703,https://d18rn0p25nwr6d.cloudfront.net/CIK-0000004962/7715ea66-f23f-4676-a11b-1ccf6a53e97b.pdf,https://d18rn0p25nwr6d.cloudfront.net/CIK-0000004962/da6aef9e-ed9c-44d8-a8ff-deb0ac5e3fc5.xls
"May 03, 2017",Form 4,Statement of Changes in Beneficial Ownership,https://ir.americanexpress.com/financials/earnings-and-sec-filings/sec-filings-details/default.aspx?FilingId=12036755,https://d18rn0p25nwr6d.cloudfront.net/CIK-0000004962/aff7061f-86f9-4a61-9cb4-ccb6dc5ddf61.pdf,https://d18rn0p25nwr6d.cloudfront.net/CIK-0000004962/d80ec5fb-8f72-4fb3-8236-cc0a7cbd1c41.xls
"May 02, 2017",Form 4,Statement of Changes in Beneficial Ownership,https://ir.americanexpress.com/financials/earnings-and-sec-filings/sec-filings-details/default.aspx?FilingId=12033137,https://d18rn0p25nwr6d.cloudfront.net/CIK-0000004962/8c5ee51a-0bdd-42dd-8542-c66a05ea324f.pdf,https://d18rn0p25nwr6d.cloudfront.net/CIK-0000004962/acca60d5-3a2b-420c-9ebd-eca3073c3eff.xls
"Apr 27, 2017",Form 4,Statement of Changes in Beneficial Ownership,https://ir.americanexpress.com/financials/earnings-and-sec-filings/sec-filings-details/default.aspx?FilingId=12018890,https://d18rn0p25nwr6d.cloudfront.net/CIK-0000004962/e5bca682-baa4-4784-8c34-98caae539392.pdf,https://d18rn0p25nwr6d.cloudfront.net/CIK-0000004962/5f422517-cefe-46ec-be3b-27334c9f4c62.xls
"Apr 04, 2017",Form 4,Statement of Changes in Beneficial Ownership,https://ir.americanexpress.com/financials/earnings-and-sec-filings/sec-filings-details/default.aspx?FilingId=11977048,https://d18rn0p25nwr6d.cloudfront.net/CIK-0000004962/7f0b7a6d-643f-40d6-ab72-35e066701abb.pdf,https://d18rn0p25nwr6d.cloudfront.net/CIK-0000004962/f4efed9e-5c0b-4250-b328-bab431c96eea.xls
"Apr 04, 2017",Form 4,Statement of Changes in Beneficial Ownership,https://ir.americanexpress.com/financials/earnings-and-sec-filings/sec-filings-details/default.aspx?FilingId=11977133,https://d18rn0p25nwr6d.cloudfront.net/CIK-0000004962/71c03f0f-4713-4f1e-a41d-bfbe3717de82.pdf,https://d18rn0p25nwr6d.cloudfront.net/CIK-0000004962/1ce3c61d-2c21-4b10-81b8-e69b3de07f3b.xls
"Apr 04, 2017",Form 4,Statement of Changes in Beneficial Ownership,https://ir.americanexpress.com/financials/earnings-and-sec-filings/sec-filings-details/default.aspx?FilingId=11977211,https://d18rn0p25nwr6d.cloudfront.net/CIK-0000004962/1de66ed4-a22d-42c3-990a-93c5893fcddd.pdf,https://d18rn0p25nwr6d.cloudfront.net/CIK-0000004962/2e355609-f321-4a5c-a5f3-9442f27adbc8.xls
"Apr 04, 2017",Form 4,Statement of Changes in Beneficial Ownership,https://ir.americanexpress.com/financials/earnings-and-sec-filings/sec-filings-details/default.aspx?FilingId=11977258,https://d18rn0p25nwr6d.cloudfront.net/CIK-0000004962/e915dda6-9540-44d4-ac5d-58c5b9290967.pdf,https://d18rn0p25nwr6d.cloudfront.net/CIK-0000004962/86278641-971f-4636-afe0-39449bf77609.xls
"Apr 04, 2017",Form 4,Statement of Changes in Beneficial Ownership,https://ir.americanexpress.com/financials/earnings-and-sec-filings/sec-filings-details/default.aspx?FilingId=11977304,https://d18rn0p25nwr6d.cloudfront.net/CIK-0000004962/c396b365-28b4-4214-907f-251d152a942a.pdf,https://d18rn0p25nwr6d.cloudfront.net/CIK-0000004962/01cb2dd7-994a-48d9-ad0a-a39d658f8dde.xls
"Apr 04, 2017",Form 4,Statement of Changes in Beneficial Ownership,https://ir.americanexpress.com/financials/earnings-and-sec-filings/sec-filings-details/default.aspx?FilingId=11977363,https://d18rn0p25nwr6d.cloudfront.net/CIK-0000004962/827e546e-94a1-4a89-b669-6777ea3e6da1.pdf,https://d18rn0p25nwr6d.cloudfront.net/CIK-0000004962/846615db-cc30-42e4-84c7-624ed588ba1a.xls
"Apr 04, 2017",Form 4,Statement of Changes in Beneficial Ownership,https://ir.americanexpress.com/financials/earnings-and-sec-filings/sec-filings-details/default.aspx?FilingId=11977394,https://d18rn0p25nwr6d.cloudfront.net/CIK-0000004962/95deb8e5-deaa-4f2b-92ec-f738c1a35057.pdf,https://d18rn0p25nwr6d.cloudfront.net/CIK-0000004962/80bd82f0-0070-4c91-8e89-10db4bdca682.xls
"Apr 04, 2017",Form 4,Statement of Changes in Beneficial Ownership,https://ir.americanexpress.com/financials/earnings-and-sec-filings/sec-filings-details/default.aspx?FilingId=11977423,https://d18rn0p25nwr6d.cloudfront.net/CIK-0000004962/d23865a4-abba-4563-9241-42f4065503fd.pdf,https://d18rn0p25nwr6d.cloudfront.net/CIK-0000004962/980bdef7-6619-4b8c-b708-d09f1395376c.xls
"Feb 28, 2017",Form 4,Statement of Changes in Beneficial Ownership,https://ir.americanexpress.com/financials/earnings-and-sec-filings/sec-filings-details/default.aspx?FilingId=11891870,https://d18rn0p25nwr6d.cloudfront.net/CIK-0000004962/7060c893-fb34-4f97-8c46-ec90fdca33cb.pdf,https://d18rn0p25nwr6d.cloudfront.net/CIK-0000004962/32360220-d68a-482c-982e-7fd92a04e601.xls
"Feb 23, 2017",Form 4,Statement of Changes in Beneficial Ownership,https://ir.americanexpress.com/financials/earnings-and-sec-filings/sec-filings-details/default.aspx?FilingId=11878146,https://d18rn0p25nwr6d.cloudfront.net/CIK-0000004962/40c5075e-e7f6-4dcf-bd3e-ab78c313d5c8.pdf,https://d18rn0p25nwr6d.cloudfront.net/CIK-0000004962/c9b548c5-f405-495c-9079-fe2d1d5a4438.xls
"Feb 07, 2017",Form 4,Statement of Changes in Beneficial Ownership,https://ir.americanexpress.com/financials/earnings-and-sec-filings/sec-filings-details/default.aspx?FilingId=11830659,https://d18rn0p25nwr6d.cloudfront.net/CIK-0000004962/4e7ca1f1-395a-4e86-bdd7-a19923b626b6.pdf,https://d18rn0p25nwr6d.cloudfront.net/CIK-0000004962/a5a43025-60e4-4204-b5bd-5f3882f8a704.xls
"Jan 31, 2017",Form 4,Statement of Changes in Beneficial Ownership,https://ir.americanexpress.com/financials/earnings-and-sec-filings/sec-filings-details/default.aspx?FilingId=11813256,https://d18rn0p25nwr6d.cloudfront.net/CIK-0000004962/390931e8-6165-4842-91a5-762bf08ba130.pdf,https://d18rn0p25nwr6d.cloudfront.net/CIK-0000004962/357805d7-75c6-4465-b0d1-77e83c3816c9.xls
"Jan 31, 2017",Form 4,Statement of Changes in Beneficial Ownership,https://ir.americanexpress.com/financials/earnings-and-sec-filings/sec-filings-details/default.aspx?FilingId=11813266,https://d18rn0p25nwr6d.cloudfront.net/CIK-0000004962/e9e43306-8d0d-4f59-882f-128943170c1a.pdf,https://d18rn0p25nwr6d.cloudfront.net/CIK-0000004962/d4658a63-3a2d-4760-a2cb-07fc972e2dc7.xls
"Jan 31, 2017",Form 4,Statement of Changes in Beneficial Ownership,https://ir.americanexpress.com/financials/earnings-and-sec-filings/sec-filings-details/default.aspx?FilingId=11813281,https://d18rn0p25nwr6d.cloudfront.net/CIK-0000004962/eadc1237-c2f8-46c3-a22d-7546e8d50346.pdf,https://d18rn0p25nwr6d.cloudfront.net/CIK-0000004962/155646b0-51ec-4ec2-84ba-0bfb9b833d40.xls
"Jan 31, 2017",Form 4,Statement of Changes in Beneficial Ownership,https://ir.americanexpress.com/financials/earnings-and-sec-filings/sec-filings-details/default.aspx?FilingId=11813300,https://d18rn0p25nwr6d.cloudfront.net/CIK-0000004962/4cff9269-76f5-4952-8217-910ed09d7fb6.pdf,https://d18rn0p25nwr6d.cloudfront.net/CIK-0000004962/8e92186e-be89-4028-b17b-a0f9a7ea8c47.xls
"Jan 31, 2017",Form 4,Statement of Changes in Beneficial Ownership,https://ir.americanexpress.com/financials/earnings-and-sec-filings/sec-filings-details/default.aspx?FilingId=11813327,https://d18rn0p25nwr6d.cloudfront.net/CIK-0000004962/b07fb63c-c4af-4c4f-8e28-88fcb4a8d562.pdf,https://d18rn0p25nwr6d.cloudfront.net/CIK-0000004962/ca3dd54d-1364-46e4-91e6-062700e7d9e3.xls
"Jan 31, 2017",Form 4,Statement of Changes in Beneficial Ownership,https://ir.americanexpress.com/financials/earnings-and-sec-filings/sec-filings-details/default.aspx?FilingId=11813340,https://d18rn0p25nwr6d.cloudfront.net/CIK-0000004962/d0aa4a9d-7b60-4c26-bac4-1b58ee02d7d5.pdf,https://d18rn0p25nwr6d.cloudfront.net/CIK-0000004962/08724cd9-a1fe-47eb-aa0d-990f791d7e9e.xls
"Jan 31, 2017",Form 4,Statement of Changes in Beneficial Ownership,https://ir.americanexpress.com/financials/earnings-and-sec-filings/sec-filings-details/default.aspx?FilingId=11813351,https://d18rn0p25nwr6d.cloudfront.net/CIK-0000004962/5d307cdf-78ff-498f-8001-ffa5fd0198d0.pdf,https://d18rn0p25nwr6d.cloudfront.net/CIK-0000004962/743be730-cb36-474d-83ad-6ffb7a171fc0.xls
"Jan 31, 2017",Form 4,Statement of Changes in Beneficial Ownership,https://ir.americanexpress.com/financials/earnings-and-sec-filings/sec-filings-details/default.aspx?FilingId=11813365,https://d18rn0p25nwr6d.cloudfront.net/CIK-0000004962/f59f690e-7d6c-4f4a-acec-82edbda9bd07.pdf,https://d18rn0p25nwr6d.cloudfront.net/CIK-0000004962/cf7476be-50bc-40ce-b332-2d46c1f12d3b.xls
"Jan 31, 2017",Form 4,Statement of Changes in Beneficial Ownership,https://ir.americanexpress.com/financials/earnings-and-sec-filings/sec-filings-details/default.aspx?FilingId=11813376,https://d18rn0p25nwr6d.cloudfront.net/CIK-0000004962/f089f99c-7b17-42c0-ac29-05cf886e1991.pdf,https://d18rn0p25nwr6d.cloudfront.net/CIK-0000004962/cccb2094-117e-4257-bf18-a6a4b6d42052.xls
"Jan 31, 2017",Form 4,Statement of Changes in Beneficial Ownership,https://ir.americanexpress.com/financials/earnings-and-sec-filings/sec-filings-details/default.aspx?FilingId=11813389,https://d18rn0p25nwr6d.cloudfront.net/CIK-0000004962/c0566b6c-bce6-49e7-8370-f8fb4b4dc3ed.pdf,https://d18rn0p25nwr6d.cloudfront.net/CIK-0000004962/2be13e47-71f7-46d8-9353-e1c2e892259a.xls
"Jan 31, 2017",Form 4,Statement of Changes in Beneficial Ownership,https://ir.americanexpress.com/financials/earnings-and-sec-filings/sec-filings-details/default.aspx?FilingId=11813391,https://d18rn0p25nwr6d.cloudfront.net/CIK-0000004962/1d13b6e0-8336-45c2-94b5-db8cfad2fc11.pdf,https://d18rn0p25nwr6d.cloudfront.net/CIK-0000004962/10ccafa8-c389-4335-aa1d-dd89667880d5.xls
"Jan 31, 2017",Form 4,Statement of Changes in Beneficial Ownership,https://ir.americanexpress.com/financials/earnings-and-sec-filings/sec-filings-details/default.aspx?FilingId=11813396,https://d18rn0p25nwr6d.cloudfront.net/CIK-0000004962/88da1363-abaa-45c7-9531-7af04eb042a1.pdf,https://d18rn0p25nwr6d.cloudfront.net/CIK-0000004962/075816d5-918c-45e8-b6f0-49f20e4b3c8a.xls
"Jan 31, 2017",Form 4,Statement of Changes in Beneficial Ownership,https://ir.americanexpress.com/financials/earnings-and-sec-filings/sec-filings-details/default.aspx?FilingId=11813403,https://d18rn0p25nwr6d.cloudfront.net/CIK-0000004962/0854bd18-cd9d-477b-9f06-426d50e2df77.pdf,https://d18rn0p25nwr6d.cloudfront.net/CIK-0000004962/49508d97-5189-4ca2-a70a-46779b072dee.xls
"Jan 30, 2017",Form 4,Statement of Changes in Beneficial Ownership,https://ir.americanexpress.com/financials/earnings-and-sec-filings/sec-filings-details/default.aspx?FilingId=11809030,https://d18rn0p25nwr6d.cloudfront.net/CIK-0000004962/d7eb5b66-f1d8-4cd1-8e37-b00fc9ba8229.pdf,https://d18rn0p25nwr6d.cloudfront.net/CIK-0000004962/876471e9-d9a9-4464-8794-6244906accc4.xls
"Jan 30, 2017",Form 4,Statement of Changes in Beneficial Ownership,https://ir.americanexpress.com/financials/earnings-and-sec-filings/sec-filings-details/default.aspx?FilingId=11809064,https://d18rn0p25nwr6d.cloudfront.net/CIK-0000004962/796b3001-dde5-4eca-8931-3dab7feba49c.pdf,https://d18rn0p25nwr6d.cloudfront.net/CIK-0000004962/48b461f4-3e16-4d09-af13-b80f71f6530d.xls
"Jan 27, 2017",Form 4,Statement of Changes in Beneficial Ownership,https://ir.americanexpress.com/financials/earnings-and-sec-filings/sec-filings-details/default.aspx?FilingId=11805899,https://d18rn0p25nwr6d.cloudfront.net/CIK-0000004962/fa32df35-371d-49df-952b-996a94530d76.pdf,https://d18rn0p25nwr6d.cloudfront.net/CIK-0000004962/f24287ce-e615-470f-b84d-1745816fd499.xls
"Jan 24, 2017",Form 3,Initial Statement of Beneficial Ownership,https://ir.americanexpress.com/financials/earnings-and-sec-filings/sec-filings-details/default.aspx?FilingId=11797557,https://d18rn0p25nwr6d.cloudfront.net/CIK-0000004962/7add66c4-a816-4df0-bc94-615dd6427fd9.pdf,https://d18rn0p25nwr6d.cloudfront.net/CIK-0000004962/f2fb3ffd-24ba-4dc5-9d9a-07ba40290736.xls
"Jan 12, 2017",Form 4,Statement of Changes in Beneficial Ownership,https://ir.americanexpress.com/financials/earnings-and-sec-filings/sec-filings-details/default.aspx?FilingId=11781650,https://d18rn0p25nwr6d.cloudfront.net/CIK-0000004962/5a21504a-dbc1-4716-9fee-77cd9744052d.pdf,https://d18rn0p25nwr6d.cloudfront.net/CIK-0000004962/8b32f622-6ee7-454f-a806-1c5adf1dd886.xls
"Jan 04, 2017",Form 4,Statement of Changes in Beneficial Ownership,https://ir.americanexpress.com/financials/earnings-and-sec-filings/sec-filings-details/default.aspx?FilingId=11763674,https://d18rn0p25nwr6d.cloudfront.net/CIK-0000004962/1acd3bc9-d698-47e9-921b-db6383f40682.pdf,https://d18rn0p25nwr6d.cloudfront.net/CIK-0000004962/b3f4c8a4-0581-4f59-809f-5f1dd594aef9.xls
"Jan 04, 2017",Form 4,Statement of Changes in Beneficial Ownership,https://ir.americanexpress.com/financials/earnings-and-sec-filings/sec-filings-details/default.aspx?FilingId=11763694,https://d18rn0p25nwr6d.cloudfront.net/CIK-0000004962/42e7076c-52e5-4748-a8db-68b42578ccd0.pdf,https://d18rn0p25nwr6d.cloudfront.net/CIK-0000004962/8fe66b19-ff30-4421-883b-76573f18c9f1.xls
"Jan 04, 2017",Form 4,Statement of Changes in Beneficial Ownership,https://ir.americanexpress.com/financials/earnings-and-sec-filings/sec-filings-details/default.aspx?FilingId=11763742,https://d18rn0p25nwr6d.cloudfront.net/CIK-0000004962/55c9686a-e032-440f-bde0-889d8e6c661b.pdf,https://d18rn0p25nwr6d.cloudfront.net/CIK-0000004962/3a05efea-8020-42ec-8e66-541ac46d2ce0.xls
"Jan 04, 2017",Form 4,Statement of Changes in Beneficial Ownership,https://ir.americanexpress.com/financials/earnings-and-sec-filings/sec-filings-details/default.aspx?FilingId=11763739,https://d18rn0p25nwr6d.cloudfront.net/CIK-0000004962/9f30cfef-b460-4d93-8785-240079f85b4f.pdf,https://d18rn0p25nwr6d.cloudfront.net/CIK-0000004962/92b2f0be-6353-4072-9b70-bd1543e4ffa1.xls
"Jan 04, 2017",Form 4,Statement of Changes in Beneficial Ownership,https://ir.americanexpress.com/financials/earnings-and-sec-filings/sec-filings-details/default.aspx?FilingId=11763778,https://d18rn0p25nwr6d.cloudfront.net/CIK-0000004962/aac6b77d-30f7-4ec3-822e-25522b4e4013.pdf,https://d18rn0p25nwr6d.cloudfront.net/CIK-0000004962/4eb6d583-d580-452a-ac98-6d8d3f3d3a7b.xls
"Jan 04, 2017",Form 4,Statement of Changes in Beneficial Ownership,https://ir.americanexpress.com/financials/earnings-and-sec-filings/sec-filings-details/default.aspx?FilingId=11763804,https://d18rn0p25nwr6d.cloudfront.net/CIK-0000004962/fb8cf923-a523-4da6-9083-7673a015f4dc.pdf,https://d18rn0p25nwr6d.cloudfront.net/CIK-0000004962/7b2a328e-4dc1-46b2-b839-8bb8a5ada0d1.xls
"Dec 12, 2016",Form 4,Statement of Changes in Beneficial Ownership,https://ir.americanexpress.com/financials/earnings-and-sec-filings/sec-filings-details/default.aspx?FilingId=11732075,https://d18rn0p25nwr6d.cloudfront.net/CIK-0000004962/ff217f6f-515c-4ddc-bbf3-a5b86a8d0a4c.pdf,https://d18rn0p25nwr6d.cloudfront.net/CIK-0000004962/ead1a92e-67b1-4c98-a691-d4ac2bfc70de.xls
"Dec 09, 2016",Form 4,Statement of Changes in Beneficial Ownership,https://ir.americanexpress.com/financials/earnings-and-sec-filings/sec-filings-details/default.aspx?FilingId=11729704,https://d18rn0p25nwr6d.cloudfront.net/CIK-0000004962/c5b9e835-7843-4080-8e52-28da7bcdf0c0.pdf,https://d18rn0p25nwr6d.cloudfront.net/CIK-0000004962/600c9780-5167-4764-bdb6-de66b67222aa.xls
"Dec 09, 2016",Form 4,Statement of Changes in Beneficial Ownership,https://ir.americanexpress.com/financials/earnings-and-sec-filings/sec-filings-details/default.aspx?FilingId=11729728,https://d18rn0p25nwr6d.cloudfront.net/CIK-0000004962/3f621ce0-34dd-4974-adb7-97fa6a3f0b19.pdf,https://d18rn0p25nwr6d.cloudfront.net/CIK-0000004962/a9d793dd-18ca-4c88-a38d-b1612c4ac91e.xls
"Dec 02, 2016",Form 4,Statement of Changes in Beneficial Ownership,https://ir.americanexpress.com/financials/earnings-and-sec-filings/sec-filings-details/default.aspx?FilingId=11719735,https://d18rn0p25nwr6d.cloudfront.net/CIK-0000004962/ccdf2ac1-3f0b-46fc-ada9-89dc478263e8.pdf,https://d18rn0p25nwr6d.cloudfront.net/CIK-0000004962/0005c0ad-7392-420b-87c6-5c148eda22b1.xls
"Nov 15, 2016",Form 4,Statement of Changes in Beneficial Ownership,https://ir.americanexpress.com/financials/earnings-and-sec-filings/sec-filings-details/default.aspx?FilingId=11692610,https://d18rn0p25nwr6d.cloudfront.net/CIK-0000004962/54a13161-b819-47f7-a164-2a207cb7b81d.pdf,https://d18rn0p25nwr6d.cloudfront.net/CIK-0000004962/ee83cf80-da61-44aa-9261-cd1689aa6202.xls
"Nov 14, 2016",Form 4,Statement of Changes in Beneficial Ownership,https://ir.americanexpress.com/financials/earnings-and-sec-filings/sec-filings-details/default.aspx?FilingId=11688638,https://d18rn0p25nwr6d.cloudfront.net/CIK-0000004962/cdac7693-24fd-49f6-8d87-10e645df3dc9.pdf,https://d18rn0p25nwr6d.cloudfront.net/CIK-0000004962/653f58a6-e928-4618-823a-2f0bb1dd18a4.xls
"Oct 24, 2016",Form 4,Statement of Changes in Beneficial Ownership,https://ir.americanexpress.com/financials/earnings-and-sec-filings/sec-filings-details/default.aspx?FilingId=11646018,https://d18rn0p25nwr6d.cloudfront.net/CIK-0000004962/639f1331-a0c8-40df-9df6-244926dec963.pdf,https://d18rn0p25nwr6d.cloudfront.net/CIK-0000004962/cf4fee14-c35a-4cde-a071-35e9b04d2d2a.xls
"Oct 04, 2016",Form 4,Statement of Changes in Beneficial Ownership,https://ir.americanexpress.com/financials/earnings-and-sec-filings/sec-filings-details/default.aspx?FilingId=11621442,https://d18rn0p25nwr6d.cloudfront.net/CIK-0000004962/55645536-da77-4bfe-abf3-09265f4f691d.pdf,https://d18rn0p25nwr6d.cloudfront.net/CIK-0000004962/f1d242b2-a993-4913-9b3b-c910bc748dd3.xls
"Oct 04, 2016",Form 4,Statement of Changes in Beneficial Ownership,https://ir.americanexpress.com/financials/earnings-and-sec-filings/sec-filings-details/default.aspx?FilingId=11621496,https://d18rn0p25nwr6d.cloudfront.net/CIK-0000004962/d59dddf0-95f0-4ab6-a955-ac3a7b413ca2.pdf,https://d18rn0p25nwr6d.cloudfront.net/CIK-0000004962/61083af1-b929-41fa-86eb-1178079edfea.xls
"Oct 04, 2016",Form 4,Statement of Changes in Beneficial Ownership,https://ir.americanexpress.com/financials/earnings-and-sec-filings/sec-filings-details/default.aspx?FilingId=11621560,https://d18rn0p25nwr6d.cloudfront.net/CIK-0000004962/9c1993fb-5bda-4c1c-a56b-6baaa8d8702a.pdf,https://d18rn0p25nwr6d.cloudfront.net/CIK-0000004962/b5d626b7-c8d4-40b2-af9e-a978c87f0cb5.xls
"Oct 04, 2016",Form 4,Statement of Changes in Beneficial Ownership,https://ir.americanexpress.com/financials/earnings-and-sec-filings/sec-filings-details/default.aspx?FilingId=11621617,https://d18rn0p25nwr6d.cloudfront.net/CIK-0000004962/0726113f-5482-4521-9d03-de5440e991d8.pdf,https://d18rn0p25nwr6d.cloudfront.net/CIK-0000004962/4f7ed456-aa59-42ee-b88a-d9c1f004a152.xls
"Oct 04, 2016",Form 4,Statement of Changes in Beneficial Ownership,https://ir.americanexpress.com/financials/earnings-and-sec-filings/sec-filings-details/default.aspx?FilingId=11621692,https://d18rn0p25nwr6d.cloudfront.net/CIK-0000004962/b028fbcb-876c-4054-8195-5abee6d2d26e.pdf,https://d18rn0p25nwr6d.cloudfront.net/CIK-0000004962/2d2221f3-60d0-46f2-bd36-8cd96e1ef5a7.xls
"Oct 04, 2016",Form 4,Statement of Changes in Beneficial Ownership,https://ir.americanexpress.com/financials/earnings-and-sec-filings/sec-filings-details/default.aspx?FilingId=11621744,https://d18rn0p25nwr6d.cloudfront.net/CIK-0000004962/f5c31444-4ac7-4a78-ab24-9f8a9c3883af.pdf,https://d18rn0p25nwr6d.cloudfront.net/CIK-0000004962/aeb0c0c3-8fd7-4668-9f35-bda63da27af2.xls
"Aug 02, 2016",Form 4,Statement of Changes in Beneficial Ownership,https://ir.americanexpress.com/financials/earnings-and-sec-filings/sec-filings-details/default.aspx?FilingId=11519087,https://d18rn0p25nwr6d.cloudfront.net/CIK-0000004962/2f888d50-4140-480a-881c-243fb5e71bf8.pdf,https://d18rn0p25nwr6d.cloudfront.net/CIK-0000004962/f3d1cada-a0f4-4ccb-bbed-ca1928f243ab.xls
"Aug 02, 2016",Form 4,Statement of Changes in Beneficial Ownership,https://ir.americanexpress.com/financials/earnings-and-sec-filings/sec-filings-details/default.aspx?FilingId=11519110,https://d18rn0p25nwr6d.cloudfront.net/CIK-0000004962/d4c7b57b-6b62-4137-ae69-ae563631fe5c.pdf,https://d18rn0p25nwr6d.cloudfront.net/CIK-0000004962/78538022-84fc-40a7-b39a-83a5afafeaf7.xls
"Jul 05, 2016",Form 4,Statement of Changes in Beneficial Ownership,https://ir.americanexpress.com/financials/earnings-and-sec-filings/sec-filings-details/default.aspx?FilingId=11475727,https://d18rn0p25nwr6d.cloudfront.net/CIK-0000004962/4a12247c-c70d-47a1-9c84-f36b2eb683be.pdf,https://d18rn0p25nwr6d.cloudfront.net/CIK-0000004962/f4c621af-b66f-401d-bbca-3cc1a599d870.xls
"Jul 05, 2016",Form 4,Statement of Changes in Beneficial Ownership,https://ir.americanexpress.com/financials/earnings-and-sec-filings/sec-filings-details/default.aspx?FilingId=11475732,https://d18rn0p25nwr6d.cloudfront.net/CIK-0000004962/f6877413-99f6-4fb3-8d23-ceb038b3614e.pdf,https://d18rn0p25nwr6d.cloudfront.net/CIK-0000004962/2e28a301-72a9-4aff-b452-9cf96afb3023.xls
"Jul 05, 2016",Form 4,Statement of Changes in Beneficial Ownership,https://ir.americanexpress.com/financials/earnings-and-sec-filings/sec-filings-details/default.aspx?FilingId=11475739,https://d18rn0p25nwr6d.cloudfront.net/CIK-0000004962/47a5de47-c237-4279-8061-ccad4464cd04.pdf,https://d18rn0p25nwr6d.cloudfront.net/CIK-0000004962/1f6591d1-e620-42e4-8966-2031b1709607.xls
"Jul 05, 2016",Form 4,Statement of Changes in Beneficial Ownership,https://ir.americanexpress.com/financials/earnings-and-sec-filings/sec-filings-details/default.aspx?FilingId=11475755,https://d18rn0p25nwr6d.cloudfront.net/CIK-0000004962/fc0766ed-b293-4315-b1ab-7e33e804dada.pdf,https://d18rn0p25nwr6d.cloudfront.net/CIK-0000004962/08a6274c-8bc0-4b77-8f49-a7f0d635062b.xls
"Jul 05, 2016",Form 4,Statement of Changes in Beneficial Ownership,https://ir.americanexpress.com/financials/earnings-and-sec-filings/sec-filings-details/default.aspx?FilingId=11475807,https://d18rn0p25nwr6d.cloudfront.net/CIK-0000004962/4460b95e-3b1f-43f1-940e-1c2a1bb0e6b4.pdf,https://d18rn0p25nwr6d.cloudfront.net/CIK-0000004962/221806b9-72fe-4086-ab73-d5aaaa23ba8c.xls
"Jul 05, 2016",Form 4,Statement of Changes in Beneficial Ownership,https://ir.americanexpress.com/financials/earnings-and-sec-filings/sec-filings-details/default.aspx?FilingId=11475863,https://d18rn0p25nwr6d.cloudfront.net/CIK-0000004962/bc9db6dc-7fb9-4795-9da4-7ee811555fe0.pdf,https://d18rn0p25nwr6d.cloudfront.net/CIK-0000004962/087bedcf-cb79-4779-82f6-b97b0bf60824.xls
"May 27, 2016",Form 4,Statement of Changes in Beneficial Ownership,https://ir.americanexpress.com/financials/earnings-and-sec-filings/sec-filings-details/default.aspx?FilingId=11415138,https://d18rn0p25nwr6d.cloudfront.net/CIK-0000004962/f737c045-9aa3-4d56-a5f3-7ed7705f9f98.pdf,https://d18rn0p25nwr6d.cloudfront.net/CIK-0000004962/1ea19f06-38f5-4b4a-8eec-a13e529eaba9.xls
"May 25, 2016",Form 4,Statement of Changes in Beneficial Ownership,https://ir.americanexpress.com/financials/earnings-and-sec-filings/sec-filings-details/default.aspx?FilingId=11408899,https://d18rn0p25nwr6d.cloudfront.net/CIK-0000004962/1fa8d2d0-85ac-4c9e-88de-ae086e665f43.pdf,https://d18rn0p25nwr6d.cloudfront.net/CIK-0000004962/7b7071f7-168d-4102-bffd-9665c68fb8e5.xls
"May 20, 2016",Form 4,Statement of Changes in Beneficial Ownership,https://ir.americanexpress.com/financials/earnings-and-sec-filings/sec-filings-details/default.aspx?FilingId=11401626,https://d18rn0p25nwr6d.cloudfront.net/CIK-0000004962/c3afd29a-8218-4f2d-98f5-345a93d91e4b.pdf,https://d18rn0p25nwr6d.cloudfront.net/CIK-0000004962/0563fb4e-2204-4f07-9cbe-3795451a8140.xls
"May 04, 2016",Form 4,Statement of Changes in Beneficial Ownership,https://ir.americanexpress.com/financials/earnings-and-sec-filings/sec-filings-details/default.aspx?FilingId=11359588,https://d18rn0p25nwr6d.cloudfront.net/CIK-0000004962/2c380538-efcb-4c5d-8e9d-e8e0ce29e8f4.pdf,https://d18rn0p25nwr6d.cloudfront.net/CIK-0000004962/97f09851-5c1f-4882-948f-760a157c765f.xls
"May 04, 2016",Form 4,Statement of Changes in Beneficial Ownership,https://ir.americanexpress.com/financials/earnings-and-sec-filings/sec-filings-details/default.aspx?FilingId=11359599,https://d18rn0p25nwr6d.cloudfront.net/CIK-0000004962/cd5353f2-fde3-4ad0-bd9e-4bc06d5f8bc7.pdf,https://d18rn0p25nwr6d.cloudfront.net/CIK-0000004962/998398b5-8b21-4db0-8863-a516feded1a3.xls
"May 04, 2016",Form 4,Statement of Changes in Beneficial Ownership,https://ir.americanexpress.com/financials/earnings-and-sec-filings/sec-filings-details/default.aspx?FilingId=11359604,https://d18rn0p25nwr6d.cloudfront.net/CIK-0000004962/82ea636f-766a-4cf2-875e-e72b2a057513.pdf,https://d18rn0p25nwr6d.cloudfront.net/CIK-0000004962/e16fc282-266e-4236-8800-742fcaa655fd.xls
"May 04, 2016",Form 4,Statement of Changes in Beneficial Ownership,https://ir.americanexpress.com/financials/earnings-and-sec-filings/sec-filings-details/default.aspx?FilingId=11359615,https://d18rn0p25nwr6d.cloudfront.net/CIK-0000004962/54591f40-70be-4b24-9010-d5d824e39b7c.pdf,https://d18rn0p25nwr6d.cloudfront.net/CIK-0000004962/1472e974-754e-44ef-bf1c-ed5689b2c12f.xls
"May 04, 2016",Form 4,Statement of Changes in Beneficial Ownership,https://ir.americanexpress.com/financials/earnings-and-sec-filings/sec-filings-details/default.aspx?FilingId=11359622,https://d18rn0p25nwr6d.cloudfront.net/CIK-0000004962/3bb13e40-1ac0-4b20-8171-274f4468f4f7.pdf,https://d18rn0p25nwr6d.cloudfront.net/CIK-0000004962/f084c202-d251-40f0-9ae6-e32b8076053a.xls
"May 04, 2016",Form 4,Statement of Changes in Beneficial Ownership,https://ir.americanexpress.com/financials/earnings-and-sec-filings/sec-filings-details/default.aspx?FilingId=11359627,https://d18rn0p25nwr6d.cloudfront.net/CIK-0000004962/6ad5b1c3-028a-43c4-955c-15ad6e7ecc72.pdf,https://d18rn0p25nwr6d.cloudfront.net/CIK-0000004962/5b0631af-fb3c-4366-a44b-66d36644422f.xls
"May 04, 2016",Form 4,Statement of Changes in Beneficial Ownership,https://ir.americanexpress.com/financials/earnings-and-sec-filings/sec-filings-details/default.aspx?FilingId=11359634,https://d18rn0p25nwr6d.cloudfront.net/CIK-0000004962/61addde2-2237-4b3e-9bf2-99c360d36649.pdf,https://d18rn0p25nwr6d.cloudfront.net/CIK-0000004962/963899f5-a97c-4878-9f8c-29421f95fef8.xls
"May 04, 2016",Form 4,Statement of Changes in Beneficial Ownership,https://ir.americanexpress.com/financials/earnings-and-sec-filings/sec-filings-details/default.aspx?FilingId=11359639,https://d18rn0p25nwr6d.cloudfront.net/CIK-0000004962/2d2921da-7eb8-49cc-af9d-2279111d74be.pdf,https://d18rn0p25nwr6d.cloudfront.net/CIK-0000004962/0a21ee1b-2b7c-4a7d-96d4-6f1e503017bc.xls
"May 04, 2016",Form 4,Statement of Changes in Beneficial Ownership,https://ir.americanexpress.com/financials/earnings-and-sec-filings/sec-filings-details/default.aspx?FilingId=11359645,https://d18rn0p25nwr6d.cloudfront.net/CIK-0000004962/c4789d65-683d-4702-8dbe-14da58fcf5de.pdf,https://d18rn0p25nwr6d.cloudfront.net/CIK-0000004962/d082c677-7495-471e-8007-e2c4ee026dd1.xls
"May 04, 2016",Form 4,Statement of Changes in Beneficial Ownership,https://ir.americanexpress.com/financials/earnings-and-sec-filings/sec-filings-details/default.aspx?FilingId=11359656,https://d18rn0p25nwr6d.cloudfront.net/CIK-0000004962/f4e219d7-bc0e-40c0-97b2-9965cfe37332.pdf,https://d18rn0p25nwr6d.cloudfront.net/CIK-0000004962/4434192a-9af3-42a4-a0e9-f90c09326155.xls
"May 04, 2016",Form 3,Initial Statement of Beneficial Ownership,https://ir.americanexpress.com/financials/earnings-and-sec-filings/sec-filings-details/default.aspx?FilingId=11359666,https://d18rn0p25nwr6d.cloudfront.net/CIK-0000004962/c4019e25-614c-445d-a425-c48a6d6c0ffb.pdf,https://d18rn0p25nwr6d.cloudfront.net/CIK-0000004962/e94c70de-a02c-4018-ab9c-c533d7e44507.xls
"May 04, 2016",Form 4,Statement of Changes in Beneficial Ownership,https://ir.americanexpress.com/financials/earnings-and-sec-filings/sec-filings-details/default.aspx?FilingId=11359681,https://d18rn0p25nwr6d.cloudfront.net/CIK-0000004962/62b0f904-3944-44de-a260-19e2b876a44a.pdf,https://d18rn0p25nwr6d.cloudfront.net/CIK-0000004962/b268a51b-78a5-4cb6-9ae9-c60b1d40eaa2.xls
"May 04, 2016",Form 4,Statement of Changes in Beneficial Ownership,https://ir.americanexpress.com/financials/earnings-and-sec-filings/sec-filings-details/default.aspx?FilingId=11359720,https://d18rn0p25nwr6d.cloudfront.net/CIK-0000004962/5d2ef269-39ce-4d08-a5fb-0a757d2601f7.pdf,https://d18rn0p25nwr6d.cloudfront.net/CIK-0000004962/8d4b0967-9bc0-49ce-ad00-07038a10d62b.xls
"Apr 26, 2016",Form 4,Statement of Changes in Beneficial Ownership,https://ir.americanexpress.com/financials/earnings-and-sec-filings/sec-filings-details/default.aspx?FilingId=11334635,https://d18rn0p25nwr6d.cloudfront.net/CIK-0000004962/7b5334a1-09f7-4348-b1c4-ebabf121892d.pdf,https://d18rn0p25nwr6d.cloudfront.net/CIK-0000004962/16396047-6ff1-4a95-a9a1-ffb771c643ba.xls
"Apr 04, 2016",Form 4,Statement of Changes in Beneficial Ownership,https://ir.americanexpress.com/financials/earnings-and-sec-filings/sec-filings-details/default.aspx?FilingId=11299947,https://d18rn0p25nwr6d.cloudfront.net/CIK-0000004962/70c55763-4892-4d35-a447-b12ecbbb43a4.pdf,https://d18rn0p25nwr6d.cloudfront.net/CIK-0000004962/4de2e960-2699-43ee-ab30-90f7d21bbb83.xls
"Apr 04, 2016",Form 4,Statement of Changes in Beneficial Ownership,https://ir.americanexpress.com/financials/earnings-and-sec-filings/sec-filings-details/default.aspx?FilingId=11299955,https://d18rn0p25nwr6d.cloudfront.net/CIK-0000004962/5f132437-59db-461f-a74f-581cd68ca4ae.pdf,https://d18rn0p25nwr6d.cloudfront.net/CIK-0000004962/2ab7d16a-a7a3-49fc-97d5-78a77cc56c89.xls
"Apr 04, 2016",Form 4,Statement of Changes in Beneficial Ownership,https://ir.americanexpress.com/financials/earnings-and-sec-filings/sec-filings-details/default.aspx?FilingId=11299966,https://d18rn0p25nwr6d.cloudfront.net/CIK-0000004962/aa99697c-23d7-4eb5-83ea-d3f4bafe00bc.pdf,https://d18rn0p25nwr6d.cloudfront.net/CIK-0000004962/08c6d174-b380-4e77-b641-816cdea3d5e8.xls
"Apr 04, 2016",Form 4,Statement of Changes in Beneficial Ownership,https://ir.americanexpress.com/financials/earnings-and-sec-filings/sec-filings-details/default.aspx?FilingId=11299985,https://d18rn0p25nwr6d.cloudfront.net/CIK-0000004962/8fd50532-b9c3-4189-aff3-7e8df8b9a21a.pdf,https://d18rn0p25nwr6d.cloudfront.net/CIK-0000004962/af9ee353-2b7f-4beb-87d2-5c824dbc048d.xls
"Apr 04, 2016",Form 4,Statement of Changes in Beneficial Ownership,https://ir.americanexpress.com/financials/earnings-and-sec-filings/sec-filings-details/default.aspx?FilingId=11300022,https://d18rn0p25nwr6d.cloudfront.net/CIK-0000004962/6e89889d-7f68-479e-8a1a-7e969e15faa2.pdf,https://d18rn0p25nwr6d.cloudfront.net/CIK-0000004962/c30bf204-3b40-49eb-b90c-acf31ed4fe5d.xls
"Feb 11, 2016",Form 4,Statement of Changes in Beneficial Ownership,https://ir.americanexpress.com/financials/earnings-and-sec-filings/sec-filings-details/default.aspx?FilingId=11170326,https://d18rn0p25nwr6d.cloudfront.net/CIK-0000004962/18cbf1d1-7644-44c1-a7e5-49116e85ab3c.pdf,https://d18rn0p25nwr6d.cloudfront.net/CIK-0000004962/171f2ff1-ab35-44ba-9934-0edd2ee2ab4c.xls
"Feb 02, 2016",Form 4,Statement of Changes in Beneficial Ownership,https://ir.americanexpress.com/financials/earnings-and-sec-filings/sec-filings-details/default.aspx?FilingId=11142701,https://d18rn0p25nwr6d.cloudfront.net/CIK-0000004962/1a7ea297-7255-473b-b6a5-84566596f9e2.pdf,https://d18rn0p25nwr6d.cloudfront.net/CIK-0000004962/ba16fff4-2a05-4c9c-8236-5f02ecafde9e.xls
"Feb 02, 2016",Form 4,Statement of Changes in Beneficial Ownership,https://ir.americanexpress.com/financials/earnings-and-sec-filings/sec-filings-details/default.aspx?FilingId=11142714,https://d18rn0p25nwr6d.cloudfront.net/CIK-0000004962/0556b2a9-c754-4b0b-848e-f88744970e89.pdf,https://d18rn0p25nwr6d.cloudfront.net/CIK-0000004962/68f7a924-0d16-47d7-80d6-b7be3aedfabe.xls
"Feb 02, 2016",Form 4,Statement of Changes in Beneficial Ownership,https://ir.americanexpress.com/financials/earnings-and-sec-filings/sec-filings-details/default.aspx?FilingId=11142729,https://d18rn0p25nwr6d.cloudfront.net/CIK-0000004962/f421a050-5988-4b1c-b4c7-caf22671bf6c.pdf,https://d18rn0p25nwr6d.cloudfront.net/CIK-0000004962/a3213d94-960f-4118-af74-43b08b56e356.xls
"Feb 02, 2016",Form 4,Statement of Changes in Beneficial Ownership,https://ir.americanexpress.com/financials/earnings-and-sec-filings/sec-filings-details/default.aspx?FilingId=11142759,https://d18rn0p25nwr6d.cloudfront.net/CIK-0000004962/4bdd2305-a820-4107-b202-8f61f0cf2503.pdf,https://d18rn0p25nwr6d.cloudfront.net/CIK-0000004962/15193090-b574-40ca-8815-8798ca9d47c0.xls
"Feb 02, 2016",Form 4,Statement of Changes in Beneficial Ownership,https://ir.americanexpress.com/financials/earnings-and-sec-filings/sec-filings-details/default.aspx?FilingId=11142762,https://d18rn0p25nwr6d.cloudfront.net/CIK-0000004962/a86b914c-b88f-45b6-a7f0-59851c0d1364.pdf,https://d18rn0p25nwr6d.cloudfront.net/CIK-0000004962/87ba20a2-7070-4516-a1bf-3dba9522683e.xls
"Feb 02, 2016",Form 4,Statement of Changes in Beneficial Ownership,https://ir.americanexpress.com/financials/earnings-and-sec-filings/sec-filings-details/default.aspx?FilingId=11142773,https://d18rn0p25nwr6d.cloudfront.net/CIK-0000004962/ba0ef07c-3dcf-41f7-a95d-0abe7a0a3221.pdf,https://d18rn0p25nwr6d.cloudfront.net/CIK-0000004962/463790b6-c694-48d4-9c15-5f05de4cf771.xls
"Feb 02, 2016",Form 4,Statement of Changes in Beneficial Ownership,https://ir.americanexpress.com/financials/earnings-and-sec-filings/sec-filings-details/default.aspx?FilingId=11142781,https://d18rn0p25nwr6d.cloudfront.net/CIK-0000004962/200c1a99-d166-444f-8a2f-6140fd8c08f2.pdf,https://d18rn0p25nwr6d.cloudfront.net/CIK-0000004962/8404ce4a-60c3-416a-9635-74cec51f49b7.xls
"Feb 02, 2016",Form 4,Statement of Changes in Beneficial Ownership,https://ir.americanexpress.com/financials/earnings-and-sec-filings/sec-filings-details/default.aspx?FilingId=11142798,https://d18rn0p25nwr6d.cloudfront.net/CIK-0000004962/56a25715-a017-4f88-bb41-a13065e7d841.pdf,https://d18rn0p25nwr6d.cloudfront.net/CIK-0000004962/b7e83eb2-8d6d-4b31-afa3-21d19ea67079.xls
"Feb 02, 2016",Form 4,Statement of Changes in Beneficial Ownership,https://ir.americanexpress.com/financials/earnings-and-sec-filings/sec-filings-details/default.aspx?FilingId=11142816,https://d18rn0p25nwr6d.cloudfront.net/CIK-0000004962/d1cbc9f4-21fd-4033-9164-2628bc5ddfb6.pdf,https://d18rn0p25nwr6d.cloudfront.net/CIK-0000004962/340662ac-34ca-4b3b-b0cb-abf65486e186.xls
"Feb 02, 2016",Form 4,Statement of Changes in Beneficial Ownership,https://ir.americanexpress.com/financials/earnings-and-sec-filings/sec-filings-details/default.aspx?FilingId=11142827,https://d18rn0p25nwr6d.cloudfront.net/CIK-0000004962/f8357be0-a0da-4cb1-a391-a3c0fbdd77b9.pdf,https://d18rn0p25nwr6d.cloudfront.net/CIK-0000004962/89249aee-579d-46bd-911f-da82201b97a7.xls
"Feb 02, 2016",Form 4,Statement of Changes in Beneficial Ownership,https://ir.americanexpress.com/financials/earnings-and-sec-filings/sec-filings-details/default.aspx?FilingId=11142835,https://d18rn0p25nwr6d.cloudfront.net/CIK-0000004962/187742f0-e497-4b07-b32e-2a1d0efee18b.pdf,https://d18rn0p25nwr6d.cloudfront.net/CIK-0000004962/e88d048c-b6a3-47af-9a44-b2c5f7bc2079.xls
"Feb 02, 2016",Form 4,Statement of Changes in Beneficial Ownership,https://ir.americanexpress.com/financials/earnings-and-sec-filings/sec-filings-details/default.aspx?FilingId=11142845,https://d18rn0p25nwr6d.cloudfront.net/CIK-0000004962/0261f7ab-3a8f-41a2-be5a-7d10d37289e7.pdf,https://d18rn0p25nwr6d.cloudfront.net/CIK-0000004962/d75c9c06-70ca-4f3f-99d8-306da65a0790.xls
"Feb 02, 2016",Form 4,Statement of Changes in Beneficial Ownership,https://ir.americanexpress.com/financials/earnings-and-sec-filings/sec-filings-details/default.aspx?FilingId=11142859,https://d18rn0p25nwr6d.cloudfront.net/CIK-0000004962/544b476e-58d5-4e2f-976f-d6ae017041bf.pdf,https://d18rn0p25nwr6d.cloudfront.net/CIK-0000004962/bd0a7b94-450b-4232-a223-9c315a637558.xls
"Feb 02, 2016",Form 4,Statement of Changes in Beneficial Ownership,https://ir.americanexpress.com/financials/earnings-and-sec-filings/sec-filings-details/default.aspx?FilingId=11142869,https://d18rn0p25nwr6d.cloudfront.net/CIK-0000004962/1ce20a6e-6f37-432b-a7ba-423e49524485.pdf,https://d18rn0p25nwr6d.cloudfront.net/CIK-0000004962/000452dc-08a5-4185-8209-e91f14954023.xls
"Jan 28, 2016",Form 4,Statement of Changes in Beneficial Ownership,https://ir.americanexpress.com/financials/earnings-and-sec-filings/sec-filings-details/default.aspx?FilingId=11131191,https://d18rn0p25nwr6d.cloudfront.net/CIK-0000004962/7a07cade-e9dc-4583-ba05-676713c71e12.pdf,https://d18rn0p25nwr6d.cloudfront.net/CIK-0000004962/164d31d0-0dff-43df-875a-6772a75cada7.xls
"Jan 28, 2016",Form 4,Statement of Changes in Beneficial Ownership,https://ir.americanexpress.com/financials/earnings-and-sec-filings/sec-filings-details/default.aspx?FilingId=11131199,https://d18rn0p25nwr6d.cloudfront.net/CIK-0000004962/471a2735-1983-41fb-b58d-e220f057f0ba.pdf,https://d18rn0p25nwr6d.cloudfront.net/CIK-0000004962/e117bf33-cb76-495c-a914-0a7902cd1d58.xls
"Jan 26, 2016",Form 4,Statement of Changes in Beneficial Ownership,https://ir.americanexpress.com/financials/earnings-and-sec-filings/sec-filings-details/default.aspx?FilingId=11125886,https://d18rn0p25nwr6d.cloudfront.net/CIK-0000004962/82a84bc0-52c4-4fce-a7cc-997599e17c6e.pdf,https://d18rn0p25nwr6d.cloudfront.net/CIK-0000004962/48e9986a-f794-424f-9273-b8d73a85b9dc.xls
"Jan 05, 2016",Form 4,Statement of Changes in Beneficial Ownership,https://ir.americanexpress.com/financials/earnings-and-sec-filings/sec-filings-details/default.aspx?FilingId=11092647,https://d18rn0p25nwr6d.cloudfront.net/CIK-0000004962/9cd3fa27-9c5d-4f52-a524-6c2e1a607bc1.pdf,https://d18rn0p25nwr6d.cloudfront.net/CIK-0000004962/89b95ec7-5838-4f51-bb3c-1ea0fe350a9d.xls
"Jan 05, 2016",Form 4,Statement of Changes in Beneficial Ownership,https://ir.americanexpress.com/financials/earnings-and-sec-filings/sec-filings-details/default.aspx?FilingId=11092708,https://d18rn0p25nwr6d.cloudfront.net/CIK-0000004962/0a867a56-43dd-4300-8bdb-82e626e5527a.pdf,https://d18rn0p25nwr6d.cloudfront.net/CIK-0000004962/ee32959a-63f5-444d-9f9b-e855020c079c.xls
"Jan 05, 2016",Form 4,Statement of Changes in Beneficial Ownership,https://ir.americanexpress.com/financials/earnings-and-sec-filings/sec-filings-details/default.aspx?FilingId=11092781,https://d18rn0p25nwr6d.cloudfront.net/CIK-0000004962/08b059e5-82f1-415f-bc5c-b9afb925364f.pdf,https://d18rn0p25nwr6d.cloudfront.net/CIK-0000004962/f9ed98df-a260-4fb8-a278-db7af31d8887.xls
"Jan 05, 2016",Form 4,Statement of Changes in Beneficial Ownership,https://ir.americanexpress.com/financials/earnings-and-sec-filings/sec-filings-details/default.aspx?FilingId=11092825,https://d18rn0p25nwr6d.cloudfront.net/CIK-0000004962/f55cda3c-0c0d-452c-850b-0ad36eba4527.pdf,https://d18rn0p25nwr6d.cloudfront.net/CIK-0000004962/73d0407f-7193-42c5-8f00-c1b2d7d63a92.xls
"Jan 05, 2016",Form 4,Statement of Changes in Beneficial Ownership,https://ir.americanexpress.com/financials/earnings-and-sec-filings/sec-filings-details/default.aspx?FilingId=11092870,https://d18rn0p25nwr6d.cloudfront.net/CIK-0000004962/fe24f830-4301-44fd-a0e1-848b520d448a.pdf,https://d18rn0p25nwr6d.cloudfront.net/CIK-0000004962/557d1c48-083a-4b79-93f4-cc2faa631aa0.xls
"Jan 05, 2016",Form 4,Statement of Changes in Beneficial Ownership,https://ir.americanexpress.com/financials/earnings-and-sec-filings/sec-filings-details/default.aspx?FilingId=11092901,https://d18rn0p25nwr6d.cloudfront.net/CIK-0000004962/4472134a-79c0-48be-92fd-bb58f0565a4b.pdf,https://d18rn0p25nwr6d.cloudfront.net/CIK-0000004962/4fc9a50f-9b2e-47f2-b54d-99991731ffd6.xls
"Jan 05, 2016",Form 4,Statement of Changes in Beneficial Ownership,https://ir.americanexpress.com/financials/earnings-and-sec-filings/sec-filings-details/default.aspx?FilingId=11092949,https://d18rn0p25nwr6d.cloudfront.net/CIK-0000004962/16ba511d-4259-4092-ab4c-d9afe9b4db94.pdf,https://d18rn0p25nwr6d.cloudfront.net/CIK-0000004962/44c045f0-6cdf-40ee-bcab-34a63022f369.xls
"Nov 24, 2015",Form 4,Statement of Changes in Beneficial Ownership,https://ir.americanexpress.com/financials/earnings-and-sec-filings/sec-filings-details/default.aspx?FilingId=11030931,https://d18rn0p25nwr6d.cloudfront.net/CIK-0000004962/de012a67-ce3b-4233-82de-04ad4bf84994.pdf,https://d18rn0p25nwr6d.cloudfront.net/CIK-0000004962/909d41f9-651c-4330-9d07-eaea022eaf8b.xls
"Nov 13, 2015",Form 4,Statement of Changes in Beneficial Ownership,https://ir.americanexpress.com/financials/earnings-and-sec-filings/sec-filings-details/default.aspx?FilingId=11010666,https://d18rn0p25nwr6d.cloudfront.net/CIK-0000004962/7caa1ca9-89f5-4071-aa2e-d614c092e3bd.pdf,https://d18rn0p25nwr6d.cloudfront.net/CIK-0000004962/21310dd0-7130-4edf-92c8-df4c93f247a3.xls
"Nov 03, 2015",Form 4,Statement of Changes in Beneficial Ownership,https://ir.americanexpress.com/financials/earnings-and-sec-filings/sec-filings-details/default.aspx?FilingId=10985579,https://d18rn0p25nwr6d.cloudfront.net/CIK-0000004962/7ad1f206-a321-4b40-9d5b-e2abcc27fbd9.pdf,https://d18rn0p25nwr6d.cloudfront.net/CIK-0000004962/2ee3d38d-3612-4e24-a123-e396c475eb71.xls
"Oct 02, 2015",Form 4,Statement of Changes in Beneficial Ownership,https://ir.americanexpress.com/financials/earnings-and-sec-filings/sec-filings-details/default.aspx?FilingId=10939546,https://d18rn0p25nwr6d.cloudfront.net/CIK-0000004962/7a27297a-9778-4f35-8b8e-7ce13b432db2.pdf,https://d18rn0p25nwr6d.cloudfront.net/CIK-0000004962/8697f0f7-1c17-4a6a-947d-34d2bc5da16e.xls
"Oct 02, 2015",Form 4,Statement of Changes in Beneficial Ownership,https://ir.americanexpress.com/financials/earnings-and-sec-filings/sec-filings-details/default.aspx?FilingId=10939567,https://d18rn0p25nwr6d.cloudfront.net/CIK-0000004962/65b52520-2961-4e9f-8fe3-b0057494c44d.pdf,https://d18rn0p25nwr6d.cloudfront.net/CIK-0000004962/b0c4194f-a62d-4f36-9726-e3876e7ebc67.xls
"Oct 02, 2015",Form 4,Statement of Changes in Beneficial Ownership,https://ir.americanexpress.com/financials/earnings-and-sec-filings/sec-filings-details/default.aspx?FilingId=10939593,https://d18rn0p25nwr6d.cloudfront.net/CIK-0000004962/e34413c0-ee6f-4d76-b2d8-0a2d96618fb0.pdf,https://d18rn0p25nwr6d.cloudfront.net/CIK-0000004962/6002f749-5165-4a8a-9791-094eca754481.xls
"Oct 02, 2015",Form 4,Statement of Changes in Beneficial Ownership,https://ir.americanexpress.com/financials/earnings-and-sec-filings/sec-filings-details/default.aspx?FilingId=10939603,https://d18rn0p25nwr6d.cloudfront.net/CIK-0000004962/22758e17-6e18-4455-a336-0da3c5ea350c.pdf,https://d18rn0p25nwr6d.cloudfront.net/CIK-0000004962/4e35bb4b-7603-453a-bf13-dbd31157f7e1.xls
"Oct 02, 2015",Form 4,Statement of Changes in Beneficial Ownership,https://ir.americanexpress.com/financials/earnings-and-sec-filings/sec-filings-details/default.aspx?FilingId=10939611,https://d18rn0p25nwr6d.cloudfront.net/CIK-0000004962/d222df76-5fcc-4fc6-83f1-8cf02c89fd7c.pdf,https://d18rn0p25nwr6d.cloudfront.net/CIK-0000004962/125c9d9d-8da0-4031-8c39-196207f156a0.xls
"Oct 02, 2015",Form 4,Statement of Changes in Beneficial Ownership,https://ir.americanexpress.com/financials/earnings-and-sec-filings/sec-filings-details/default.aspx?FilingId=10939619,https://d18rn0p25nwr6d.cloudfront.net/CIK-0000004962/6e0f069b-e2ca-4707-aa20-9a92acfc2a2d.pdf,https://d18rn0p25nwr6d.cloudfront.net/CIK-0000004962/b3866d66-561b-4b38-926b-7d3275abd1c2.xls
"Oct 02, 2015",Form 4,Statement of Changes in Beneficial Ownership,https://ir.americanexpress.com/financials/earnings-and-sec-filings/sec-filings-details/default.aspx?FilingId=10939630,https://d18rn0p25nwr6d.cloudfront.net/CIK-0000004962/9b313980-a2aa-4973-bd95-d45a549ccf8a.pdf,https://d18rn0p25nwr6d.cloudfront.net/CIK-0000004962/9e1f2adf-12f6-4b4a-85e7-49fec1c14d44.xls
"Aug 03, 2015",Form 4,Statement of Changes in Beneficial Ownership,https://ir.americanexpress.com/financials/earnings-and-sec-filings/sec-filings-details/default.aspx?FilingId=10836805,https://d18rn0p25nwr6d.cloudfront.net/CIK-0000004962/464acab3-6064-4992-8f67-d789bd2a6fba.pdf,https://d18rn0p25nwr6d.cloudfront.net/CIK-0000004962/96f79e4b-c182-4b4b-a3e1-62a8398e263b.xls
"Jul 06, 2015",Form 3,Initial Statement of Beneficial Ownership,https://ir.americanexpress.com/financials/earnings-and-sec-filings/sec-filings-details/default.aspx?FilingId=10797543,https://d18rn0p25nwr6d.cloudfront.net/CIK-0000004962/65e0d0f2-ec1e-4f79-975f-083c2b63788b.pdf,https://d18rn0p25nwr6d.cloudfront.net/CIK-0000004962/215c96db-5213-4fa1-9170-420bc0f8d207.xls
"Jul 02, 2015",Form 4,Statement of Changes in Beneficial Ownership,https://ir.americanexpress.com/financials/earnings-and-sec-filings/sec-filings-details/default.aspx?FilingId=10792558,https://d18rn0p25nwr6d.cloudfront.net/CIK-0000004962/93f90612-d338-4fd0-872a-07e89338dd3c.pdf,https://d18rn0p25nwr6d.cloudfront.net/CIK-0000004962/54294637-d357-4085-98fa-236ba55b0085.xls
"Jul 02, 2015",Form 4,Statement of Changes in Beneficial Ownership,https://ir.americanexpress.com/financials/earnings-and-sec-filings/sec-filings-details/default.aspx?FilingId=10792588,https://d18rn0p25nwr6d.cloudfront.net/CIK-0000004962/e1605f51-c49c-4916-8de8-10f9c3bbba10.pdf,https://d18rn0p25nwr6d.cloudfront.net/CIK-0000004962/aec41550-82e6-4032-8230-97dfed8449f4.xls
"Jul 02, 2015",Form 4,Statement of Changes in Beneficial Ownership,https://ir.americanexpress.com/financials/earnings-and-sec-filings/sec-filings-details/default.aspx?FilingId=10792605,https://d18rn0p25nwr6d.cloudfront.net/CIK-0000004962/7cd3ff41-ff8c-4122-974f-b83f432ba86b.pdf,https://d18rn0p25nwr6d.cloudfront.net/CIK-0000004962/895c4e64-4c59-47fe-979f-e760e2f55965.xls
"Jul 02, 2015",Form 4,Statement of Changes in Beneficial Ownership,https://ir.americanexpress.com/financials/earnings-and-sec-filings/sec-filings-details/default.aspx?FilingId=10792628,https://d18rn0p25nwr6d.cloudfront.net/CIK-0000004962/8443da4c-ff41-4ba2-9ddd-e94365439fca.pdf,https://d18rn0p25nwr6d.cloudfront.net/CIK-0000004962/a104bc7f-d931-4128-96ae-e567a5af0722.xls
"Jul 02, 2015",Form 4,Statement of Changes in Beneficial Ownership,https://ir.americanexpress.com/financials/earnings-and-sec-filings/sec-filings-details/default.aspx?FilingId=10792657,https://d18rn0p25nwr6d.cloudfront.net/CIK-0000004962/6285b306-cfa3-4485-99f5-8d7a69a3b7ab.pdf,https://d18rn0p25nwr6d.cloudfront.net/CIK-0000004962/eb9637bc-dd8b-4ca1-982e-15c51637ac98.xls
"Jul 02, 2015",Form 4,Statement of Changes in Beneficial Ownership,https://ir.americanexpress.com/financials/earnings-and-sec-filings/sec-filings-details/default.aspx?FilingId=10792670,https://d18rn0p25nwr6d.cloudfront.net/CIK-0000004962/21abb558-f3f9-4fa4-b956-89887be87cdd.pdf,https://d18rn0p25nwr6d.cloudfront.net/CIK-0000004962/69617ade-25c3-46c1-9ca1-e67259c9e548.xls
"Jul 02, 2015",Form 4,Statement of Changes in Beneficial Ownership,https://ir.americanexpress.com/financials/earnings-and-sec-filings/sec-filings-details/default.aspx?FilingId=10792687,https://d18rn0p25nwr6d.cloudfront.net/CIK-0000004962/c669659f-83ec-45bd-bbdb-37628e19f0a2.pdf,https://d18rn0p25nwr6d.cloudfront.net/CIK-0000004962/efefb57d-836d-4e5f-9c3f-3958d284c485.xls
"May 29, 2015",Form 4,Statement of Changes in Beneficial Ownership,https://ir.americanexpress.com/financials/earnings-and-sec-filings/sec-filings-details/default.aspx?FilingId=10732327,https://d18rn0p25nwr6d.cloudfront.net/CIK-0000004962/9575204e-921d-48d3-9121-daa7d25ca975.pdf,https://d18rn0p25nwr6d.cloudfront.net/CIK-0000004962/fa7b2621-ff42-4d7e-9c3f-ce8e928b15b9.xls
"May 26, 2015",Form 4,Statement of Changes in Beneficial Ownership,https://ir.americanexpress.com/financials/earnings-and-sec-filings/sec-filings-details/default.aspx?FilingId=10724370,https://d18rn0p25nwr6d.cloudfront.net/CIK-0000004962/f1008dfd-7cde-45ee-a658-ba4ff77206ea.pdf,https://d18rn0p25nwr6d.cloudfront.net/CIK-0000004962/f4d77d9a-1bcb-480e-abc2-bc8b3d8e5751.xls
"May 21, 2015",Form 4,Statement of Changes in Beneficial Ownership,https://ir.americanexpress.com/financials/earnings-and-sec-filings/sec-filings-details/default.aspx?FilingId=10718379,https://d18rn0p25nwr6d.cloudfront.net/CIK-0000004962/50936ee1-963d-4c01-9e6c-e84341a39f2b.pdf,https://d18rn0p25nwr6d.cloudfront.net/CIK-0000004962/57dbe772-4aa2-417a-8958-1a71310c7c5c.xls
"May 19, 2015",Form 4,Statement of Changes in Beneficial Ownership,https://ir.americanexpress.com/financials/earnings-and-sec-filings/sec-filings-details/default.aspx?FilingId=10712076,https://d18rn0p25nwr6d.cloudfront.net/CIK-0000004962/66090045-ee18-4acd-9674-ad646760bb71.pdf,https://d18rn0p25nwr6d.cloudfront.net/CIK-0000004962/9351c6b5-5376-47ac-9197-d6f927977216.xls
"May 13, 2015",Form 3,Initial Statement of Beneficial Ownership,https://ir.americanexpress.com/financials/earnings-and-sec-filings/sec-filings-details/default.aspx?FilingId=10695775,https://d18rn0p25nwr6d.cloudfront.net/CIK-0000004962/47a3cd1b-7ba3-491e-bc2d-d42d3593eb0f.pdf,https://d18rn0p25nwr6d.cloudfront.net/CIK-0000004962/9236781d-db9b-4a08-9339-68f325cacd38.xls
"May 13, 2015",Form 4,Statement of Changes in Beneficial Ownership,https://ir.americanexpress.com/financials/earnings-and-sec-filings/sec-filings-details/default.aspx?FilingId=10695791,https://d18rn0p25nwr6d.cloudfront.net/CIK-0000004962/f89eab64-12ea-44f9-89b3-1266b35d23a1.pdf,https://d18rn0p25nwr6d.cloudfront.net/CIK-0000004962/b7664d96-602d-4316-93e2-da715020a523.xls
"May 13, 2015",Form 4,Statement of Changes in Beneficial Ownership,https://ir.americanexpress.com/financials/earnings-and-sec-filings/sec-filings-details/default.aspx?FilingId=10695806,https://d18rn0p25nwr6d.cloudfront.net/CIK-0000004962/1493d33f-7389-4eed-8e9a-582894ca40e1.pdf,https://d18rn0p25nwr6d.cloudfront.net/CIK-0000004962/5f14f79a-7517-48bd-adfb-443a0e7908ab.xls
"May 13, 2015",Form 4,Statement of Changes in Beneficial Ownership,https://ir.americanexpress.com/financials/earnings-and-sec-filings/sec-filings-details/default.aspx?FilingId=10695818,https://d18rn0p25nwr6d.cloudfront.net/CIK-0000004962/7fbc47e9-3350-4000-b6f3-dcb4baab5352.pdf,https://d18rn0p25nwr6d.cloudfront.net/CIK-0000004962/457cef10-5bdf-4c28-be17-b20026c6ca69.xls
"May 13, 2015",Form 4,Statement of Changes in Beneficial Ownership,https://ir.americanexpress.com/financials/earnings-and-sec-filings/sec-filings-details/default.aspx?FilingId=10695838,https://d18rn0p25nwr6d.cloudfront.net/CIK-0000004962/10ef0797-dac1-4e1b-a972-e3ea9a32360c.pdf,https://d18rn0p25nwr6d.cloudfront.net/CIK-0000004962/5cf9b8ca-da3f-49bf-8278-3b91a0be5929.xls
"May 13, 2015",Form 4,Statement of Changes in Beneficial Ownership,https://ir.americanexpress.com/financials/earnings-and-sec-filings/sec-filings-details/default.aspx?FilingId=10695858,https://d18rn0p25nwr6d.cloudfront.net/CIK-0000004962/198d8f80-66fc-4177-9a38-1c79a87a965c.pdf,https://d18rn0p25nwr6d.cloudfront.net/CIK-0000004962/38a7701e-78b6-4a0d-8fe8-a05fbd4eb2c0.xls
"May 13, 2015",Form 4,Statement of Changes in Beneficial Ownership,https://ir.americanexpress.com/financials/earnings-and-sec-filings/sec-filings-details/default.aspx?FilingId=10695873,https://d18rn0p25nwr6d.cloudfront.net/CIK-0000004962/6eca004e-c3d5-4d1b-9c7e-b75bb1517a3e.pdf,https://d18rn0p25nwr6d.cloudfront.net/CIK-0000004962/9c2b3194-5698-4426-9338-1f14d5d759c0.xls
"May 13, 2015",Form 4,Statement of Changes in Beneficial Ownership,https://ir.americanexpress.com/financials/earnings-and-sec-filings/sec-filings-details/default.aspx?FilingId=10695900,https://d18rn0p25nwr6d.cloudfront.net/CIK-0000004962/1ab74bf0-2e77-4a0d-b20e-f98c8af2fc3f.pdf,https://d18rn0p25nwr6d.cloudfront.net/CIK-0000004962/afef08c6-8f77-4b88-a93f-1e09f638132c.xls
"May 13, 2015",Form 4,Statement of Changes in Beneficial Ownership,https://ir.americanexpress.com/financials/earnings-and-sec-filings/sec-filings-details/default.aspx?FilingId=10695954,https://d18rn0p25nwr6d.cloudfront.net/CIK-0000004962/9c8e76b8-e9b3-49a3-9255-936ceedc7381.pdf,https://d18rn0p25nwr6d.cloudfront.net/CIK-0000004962/76187af6-091e-4f32-8b51-4b07359feb20.xls
"May 13, 2015",Form 4,Statement of Changes in Beneficial Ownership,https://ir.americanexpress.com/financials/earnings-and-sec-filings/sec-filings-details/default.aspx?FilingId=10696001,https://d18rn0p25nwr6d.cloudfront.net/CIK-0000004962/8c1f1ab3-9201-40f8-894b-e77f4d98cdf8.pdf,https://d18rn0p25nwr6d.cloudfront.net/CIK-0000004962/140e0566-7ff5-4d21-b075-5f52c4777afc.xls
"May 13, 2015",Form 4,Statement of Changes in Beneficial Ownership,https://ir.americanexpress.com/financials/earnings-and-sec-filings/sec-filings-details/default.aspx?FilingId=10696063,https://d18rn0p25nwr6d.cloudfront.net/CIK-0000004962/9ad7957f-9195-42b8-b8b8-ec06c2a2d3b4.pdf,https://d18rn0p25nwr6d.cloudfront.net/CIK-0000004962/6b8a63f9-b4f6-4e50-85f3-b71d987d97ae.xls
"May 13, 2015",Form 4,Statement of Changes in Beneficial Ownership,https://ir.americanexpress.com/financials/earnings-and-sec-filings/sec-filings-details/default.aspx?FilingId=10696200,https://d18rn0p25nwr6d.cloudfront.net/CIK-0000004962/34986990-4705-4450-977e-cde105683813.pdf,https://d18rn0p25nwr6d.cloudfront.net/CIK-0000004962/555f90ec-e726-497f-ac62-1dd561503084.xls
"May 04, 2015",Form 4,Statement of Changes in Beneficial Ownership,https://ir.americanexpress.com/financials/earnings-and-sec-filings/sec-filings-details/default.aspx?FilingId=10669068,https://d18rn0p25nwr6d.cloudfront.net/CIK-0000004962/7bf13ad2-59c7-4203-a641-48083a75d5ac.pdf,https://d18rn0p25nwr6d.cloudfront.net/CIK-0000004962/c722d83f-085e-464d-9d53-951918818e92.xls
"May 01, 2015",Form 4,Statement of Changes in Beneficial Ownership,https://ir.americanexpress.com/financials/earnings-and-sec-filings/sec-filings-details/default.aspx?FilingId=10665538,https://d18rn0p25nwr6d.cloudfront.net/CIK-0000004962/2a2b579f-dcdb-4486-857b-fe5f28ed8b12.pdf,https://d18rn0p25nwr6d.cloudfront.net/CIK-0000004962/20000dec-99e2-4551-b7e6-8c988ab36a8f.xls
"Apr 02, 2015",Form 4,Statement of Changes in Beneficial Ownership,https://ir.americanexpress.com/financials/earnings-and-sec-filings/sec-filings-details/default.aspx?FilingId=10607636,https://d18rn0p25nwr6d.cloudfront.net/CIK-0000004962/ea69ee6e-27cc-4462-b4f1-1f3d1f624a70.pdf,https://d18rn0p25nwr6d.cloudfront.net/CIK-0000004962/71b8f84d-65b8-4da9-9372-a3a9abfa7ea7.xls
"Apr 02, 2015",Form 4,Statement of Changes in Beneficial Ownership,https://ir.americanexpress.com/financials/earnings-and-sec-filings/sec-filings-details/default.aspx?FilingId=10607761,https://d18rn0p25nwr6d.cloudfront.net/CIK-0000004962/c808bbd1-c337-4207-a071-2eb63663feec.pdf,https://d18rn0p25nwr6d.cloudfront.net/CIK-0000004962/593ba5aa-5e43-4002-ad04-e26681716d8f.xls
"Apr 02, 2015",Form 4,Statement of Changes in Beneficial Ownership,https://ir.americanexpress.com/financials/earnings-and-sec-filings/sec-filings-details/default.aspx?FilingId=10607858,https://d18rn0p25nwr6d.cloudfront.net/CIK-0000004962/ed33b1f7-518c-4591-96d9-3f16bc8ffa0c.pdf,https://d18rn0p25nwr6d.cloudfront.net/CIK-0000004962/737c00ce-65e7-40f1-816e-b97060b2d81d.xls
"Apr 02, 2015",Form 4,Statement of Changes in Beneficial Ownership,https://ir.americanexpress.com/financials/earnings-and-sec-filings/sec-filings-details/default.aspx?FilingId=10607935,https://d18rn0p25nwr6d.cloudfront.net/CIK-0000004962/fb834c5b-70aa-447f-9f18-9ece08b14459.pdf,https://d18rn0p25nwr6d.cloudfront.net/CIK-0000004962/2cab112a-7806-46e7-836c-7517014c9fa6.xls
"Apr 02, 2015",Form 4,Statement of Changes in Beneficial Ownership,https://ir.americanexpress.com/financials/earnings-and-sec-filings/sec-filings-details/default.aspx?FilingId=10607960,https://d18rn0p25nwr6d.cloudfront.net/CIK-0000004962/60554aa9-a4d9-453a-81eb-2b3c9a8db901.pdf,https://d18rn0p25nwr6d.cloudfront.net/CIK-0000004962/1d55fab1-eeec-4c6a-9229-a07c15f2fc6e.xls
"Apr 02, 2015",Form 4,Statement of Changes in Beneficial Ownership,https://ir.americanexpress.com/financials/earnings-and-sec-filings/sec-filings-details/default.aspx?FilingId=10608005,https://d18rn0p25nwr6d.cloudfront.net/CIK-0000004962/7cc5ea52-5e2a-4729-803f-aee42be5aa65.pdf,https://d18rn0p25nwr6d.cloudfront.net/CIK-0000004962/45cdb243-37e3-4677-a8f3-1bbdeb1e364e.xls
"Mar 16, 2015",Form 4,Statement of Changes in Beneficial Ownership,https://ir.americanexpress.com/financials/earnings-and-sec-filings/sec-filings-details/default.aspx?FilingId=10567788,https://d18rn0p25nwr6d.cloudfront.net/CIK-0000004962/9c9c0599-05e4-452f-a8c5-f1b4d884e4a5.pdf,https://d18rn0p25nwr6d.cloudfront.net/CIK-0000004962/2803607b-6951-438c-a2ef-e6ed0ce8df7b.xls
"Mar 03, 2015",Form 4,Statement of Changes in Beneficial Ownership,https://ir.americanexpress.com/financials/earnings-and-sec-filings/sec-filings-details/default.aspx?FilingId=10534378,https://d18rn0p25nwr6d.cloudfront.net/CIK-0000004962/360f05f2-f681-477f-b81b-4ddac85ddfaa.pdf,https://d18rn0p25nwr6d.cloudfront.net/CIK-0000004962/94acbcfe-bd37-4a0b-b624-b89ddb4528af.xls
"Feb 27, 2015",Form 4,Statement of Changes in Beneficial Ownership,https://ir.americanexpress.com/financials/earnings-and-sec-filings/sec-filings-details/default.aspx?FilingId=10524383,https://d18rn0p25nwr6d.cloudfront.net/CIK-0000004962/e6b2bd8c-8d53-46b1-9109-fe4554ec100d.pdf,https://d18rn0p25nwr6d.cloudfront.net/CIK-0000004962/f89a5aef-c91b-45e9-a553-51167744844c.xls
"Feb 27, 2015",Form 4,Statement of Changes in Beneficial Ownership,https://ir.americanexpress.com/financials/earnings-and-sec-filings/sec-filings-details/default.aspx?FilingId=10524422,https://d18rn0p25nwr6d.cloudfront.net/CIK-0000004962/0d68d3a1-c310-4143-b044-138d067226e0.pdf,https://d18rn0p25nwr6d.cloudfront.net/CIK-0000004962/da7f437c-a7e4-42bf-922b-51082e487fd0.xls
"Jan 30, 2015",Form 4,Statement of Changes in Beneficial Ownership,https://ir.americanexpress.com/financials/earnings-and-sec-filings/sec-filings-details/default.aspx?FilingId=10440642,https://d18rn0p25nwr6d.cloudfront.net/CIK-0000004962/37251aa2-7a3e-47e0-baa1-12ee628e5594.pdf,https://d18rn0p25nwr6d.cloudfront.net/CIK-0000004962/563bb9a2-5fd0-47ff-9086-959d7a08eb60.xls
"Jan 28, 2015",Form 4,Statement of Changes in Beneficial Ownership,https://ir.americanexpress.com/financials/earnings-and-sec-filings/sec-filings-details/default.aspx?FilingId=10433486,https://d18rn0p25nwr6d.cloudfront.net/CIK-0000004962/1701a7f8-1587-4126-a021-fd8729573e64.pdf,https://d18rn0p25nwr6d.cloudfront.net/CIK-0000004962/332807b3-902b-4319-a7e8-37af1b5ba5b4.xls
"Jan 28, 2015",Form 4,Statement of Changes in Beneficial Ownership,https://ir.americanexpress.com/financials/earnings-and-sec-filings/sec-filings-details/default.aspx?FilingId=10433488,https://d18rn0p25nwr6d.cloudfront.net/CIK-0000004962/ccd77c65-9c1e-4796-82e5-2ca6a0d7dab9.pdf,https://d18rn0p25nwr6d.cloudfront.net/CIK-0000004962/79d6da7c-6276-4afb-a671-3e8fd1e69f7c.xls
"Jan 28, 2015",Form 4,Statement of Changes in Beneficial Ownership,https://ir.americanexpress.com/financials/earnings-and-sec-filings/sec-filings-details/default.aspx?FilingId=10433493,https://d18rn0p25nwr6d.cloudfront.net/CIK-0000004962/66e1f4b2-fe31-423d-89a4-c1b839d61742.pdf,https://d18rn0p25nwr6d.cloudfront.net/CIK-0000004962/fbce1798-55ba-4c9d-a555-d02f2534e875.xls
"Jan 28, 2015",Form 4,Statement of Changes in Beneficial Ownership,https://ir.americanexpress.com/financials/earnings-and-sec-filings/sec-filings-details/default.aspx?FilingId=10433494,https://d18rn0p25nwr6d.cloudfront.net/CIK-0000004962/5c3cdf5d-63ea-47e2-8c26-bf990ab159e5.pdf,https://d18rn0p25nwr6d.cloudfront.net/CIK-0000004962/4a2e8bef-68d4-46a0-9780-2cf2f7bb2e25.xls
"Jan 28, 2015",Form 4,Statement of Changes in Beneficial Ownership,https://ir.americanexpress.com/financials/earnings-and-sec-filings/sec-filings-details/default.aspx?FilingId=10433497,https://d18rn0p25nwr6d.cloudfront.net/CIK-0000004962/a1f0d7a0-0b6f-4584-9f31-8d1a582ac379.pdf,https://d18rn0p25nwr6d.cloudfront.net/CIK-0000004962/00c6793b-fede-4ae3-9691-4fcf66d68758.xls
"Jan 28, 2015",Form 4,Statement of Changes in Beneficial Ownership,https://ir.americanexpress.com/financials/earnings-and-sec-filings/sec-filings-details/default.aspx?FilingId=10433500,https://d18rn0p25nwr6d.cloudfront.net/CIK-0000004962/e1e8598a-920b-46bb-a52f-b00670e6276d.pdf,https://d18rn0p25nwr6d.cloudfront.net/CIK-0000004962/ef583f4d-cc9b-4084-9acf-15f370326c00.xls
"Jan 28, 2015",Form 4,Statement of Changes in Beneficial Ownership,https://ir.americanexpress.com/financials/earnings-and-sec-filings/sec-filings-details/default.aspx?FilingId=10433508,https://d18rn0p25nwr6d.cloudfront.net/CIK-0000004962/3b3e7d40-836e-44b2-a4c0-a687ebf5659e.pdf,https://d18rn0p25nwr6d.cloudfront.net/CIK-0000004962/d130f02a-6e43-499b-a471-98e6a1b31c4e.xls
"Jan 28, 2015",Form 4,Statement of Changes in Beneficial Ownership,https://ir.americanexpress.com/financials/earnings-and-sec-filings/sec-filings-details/default.aspx?FilingId=10433510,https://d18rn0p25nwr6d.cloudfront.net/CIK-0000004962/0f7d42cf-ac58-4e74-b4bc-84ab34470a2d.pdf,https://d18rn0p25nwr6d.cloudfront.net/CIK-0000004962/8a508e3f-c774-4dd7-8b6b-5cf6d32310be.xls
"Jan 28, 2015",Form 4,Statement of Changes in Beneficial Ownership,https://ir.americanexpress.com/financials/earnings-and-sec-filings/sec-filings-details/default.aspx?FilingId=10433513,https://d18rn0p25nwr6d.cloudfront.net/CIK-0000004962/1ba74e56-0c7a-4bde-8df3-3f245c741378.pdf,https://d18rn0p25nwr6d.cloudfront.net/CIK-0000004962/29830c8d-76f1-4c26-a8f9-51f382bd83ea.xls
"Jan 28, 2015",Form 4,Statement of Changes in Beneficial Ownership,https://ir.americanexpress.com/financials/earnings-and-sec-filings/sec-filings-details/default.aspx?FilingId=10433520,https://d18rn0p25nwr6d.cloudfront.net/CIK-0000004962/584a91e9-ac31-4246-a1e2-b5e70cdcfaad.pdf,https://d18rn0p25nwr6d.cloudfront.net/CIK-0000004962/7abe792c-5a29-45b9-8771-34f75001ed93.xls
"Jan 28, 2015",Form 4,Statement of Changes in Beneficial Ownership,https://ir.americanexpress.com/financials/earnings-and-sec-filings/sec-filings-details/default.aspx?FilingId=10433524,https://d18rn0p25nwr6d.cloudfront.net/CIK-0000004962/2f7d5f5d-6a8f-4775-89d1-73b2533ef008.pdf,https://d18rn0p25nwr6d.cloudfront.net/CIK-0000004962/4c8334eb-3d33-474e-98e9-79e16bb31a3b.xls
"Jan 28, 2015",Form 4,Statement of Changes in Beneficial Ownership,https://ir.americanexpress.com/financials/earnings-and-sec-filings/sec-filings-details/default.aspx?FilingId=10433527,https://d18rn0p25nwr6d.cloudfront.net/CIK-0000004962/05785b9b-96fe-4efa-a87f-dd0f62b4bd3d.pdf,https://d18rn0p25nwr6d.cloudfront.net/CIK-0000004962/e6a1e57f-51a5-4feb-9519-d2b5429e641b.xls
"Jan 27, 2015",Form 4,Statement of Changes in Beneficial Ownership,https://ir.americanexpress.com/financials/earnings-and-sec-filings/sec-filings-details/default.aspx?FilingId=10430722,https://d18rn0p25nwr6d.cloudfront.net/CIK-0000004962/311a6b8f-d9f2-404c-8c7a-e556cce1b965.pdf,https://d18rn0p25nwr6d.cloudfront.net/CIK-0000004962/97d6ade3-c08b-46b3-80be-44918e1165d2.xls
"Jan 05, 2015",Form 4,Statement of Changes in Beneficial Ownership,https://ir.americanexpress.com/financials/earnings-and-sec-filings/sec-filings-details/default.aspx?FilingId=10390594,https://d18rn0p25nwr6d.cloudfront.net/CIK-0000004962/a46fdecd-13ea-4d6b-b2a1-b715c1e2293c.pdf,https://d18rn0p25nwr6d.cloudfront.net/CIK-0000004962/d7410ea0-7f98-4847-83cb-9e4a2968065c.xls
"Jan 05, 2015",Form 4,Statement of Changes in Beneficial Ownership,https://ir.americanexpress.com/financials/earnings-and-sec-filings/sec-filings-details/default.aspx?FilingId=10390612,https://d18rn0p25nwr6d.cloudfront.net/CIK-0000004962/50d6d08b-27da-42c9-a08a-d2e54775fba6.pdf,https://d18rn0p25nwr6d.cloudfront.net/CIK-0000004962/6909faa3-04ef-4ea6-b881-d6af06c99772.xls
"Jan 05, 2015",Form 4,Statement of Changes in Beneficial Ownership,https://ir.americanexpress.com/financials/earnings-and-sec-filings/sec-filings-details/default.aspx?FilingId=10390625,https://d18rn0p25nwr6d.cloudfront.net/CIK-0000004962/7030773a-9c1d-427f-9c96-aa1d071ee0b3.pdf,https://d18rn0p25nwr6d.cloudfront.net/CIK-0000004962/9a33aab0-8049-4f11-802d-a1798830171b.xls
"Jan 05, 2015",Form 4,Statement of Changes in Beneficial Ownership,https://ir.americanexpress.com/financials/earnings-and-sec-filings/sec-filings-details/default.aspx?FilingId=10390636,https://d18rn0p25nwr6d.cloudfront.net/CIK-0000004962/5bb672c2-e8f8-4214-8cf6-224857d97abe.pdf,https://d18rn0p25nwr6d.cloudfront.net/CIK-0000004962/edb1d081-899e-4c45-bbe9-287903d8dfdb.xls
"Jan 05, 2015",Form 4,Statement of Changes in Beneficial Ownership,https://ir.americanexpress.com/financials/earnings-and-sec-filings/sec-filings-details/default.aspx?FilingId=10390647,https://d18rn0p25nwr6d.cloudfront.net/CIK-0000004962/9d8f8be2-cf3b-44b5-8a60-d18cea6c1356.pdf,https://d18rn0p25nwr6d.cloudfront.net/CIK-0000004962/0c69daec-f229-4023-81ad-9736da3a1876.xls
"Jan 05, 2015",Form 4,Statement of Changes in Beneficial Ownership,https://ir.americanexpress.com/financials/earnings-and-sec-filings/sec-filings-details/default.aspx?FilingId=10390661,https://d18rn0p25nwr6d.cloudfront.net/CIK-0000004962/7354cfd8-e330-4896-a1d0-96fd408cff1a.pdf,https://d18rn0p25nwr6d.cloudfront.net/CIK-0000004962/dc2159a6-b1d1-438a-874a-ba6ae300ddee.xls
"Jan 05, 2015",Form 4,Statement of Changes in Beneficial Ownership,https://ir.americanexpress.com/financials/earnings-and-sec-filings/sec-filings-details/default.aspx?FilingId=10390670,https://d18rn0p25nwr6d.cloudfront.net/CIK-0000004962/fba8d0f3-2c2f-4716-9a61-9b6f13a5d22b.pdf,https://d18rn0p25nwr6d.cloudfront.net/CIK-0000004962/bd3f32b1-98b7-493c-8783-e80b94210f2f.xls
"Oct 07, 2014",Form 3,Initial Statement of Beneficial Ownership,https://ir.americanexpress.com/financials/earnings-and-sec-filings/sec-filings-details/default.aspx?FilingId=10240559,https://d18rn0p25nwr6d.cloudfront.net/CIK-0000004962/58307cf4-3dd3-4ad1-81e8-b7dff5a6bc93.pdf,https://d18rn0p25nwr6d.cloudfront.net/CIK-0000004962/09106373-f9ef-49b6-b568-61678972eea8.xls
"Oct 02, 2014",Form 4,Statement of Changes in Beneficial Ownership,https://ir.americanexpress.com/financials/earnings-and-sec-filings/sec-filings-details/default.aspx?FilingId=10231551,https://d18rn0p25nwr6d.cloudfront.net/CIK-0000004962/97c3bf7a-9216-4603-922a-9bc9ae1a21c0.pdf,https://d18rn0p25nwr6d.cloudfront.net/CIK-0000004962/e5e9f629-bd57-4c94-8a0f-fa6035f05d59.xls
"Oct 02, 2014",Form 4,Statement of Changes in Beneficial Ownership,https://ir.americanexpress.com/financials/earnings-and-sec-filings/sec-filings-details/default.aspx?FilingId=10231558,https://d18rn0p25nwr6d.cloudfront.net/CIK-0000004962/1668d6bf-7064-4565-a4d9-f477f7f7c14a.pdf,https://d18rn0p25nwr6d.cloudfront.net/CIK-0000004962/6e360c53-0674-498d-a23a-d38a823f754a.xls
"Oct 02, 2014",Form 4,Statement of Changes in Beneficial Ownership,https://ir.americanexpress.com/financials/earnings-and-sec-filings/sec-filings-details/default.aspx?FilingId=10231570,https://d18rn0p25nwr6d.cloudfront.net/CIK-0000004962/14a0c2c8-c4de-42e8-8b53-dc7f3aa50e40.pdf,https://d18rn0p25nwr6d.cloudfront.net/CIK-0000004962/d4b725ef-0c50-4185-a94f-864c19ff1df2.xls
"Oct 02, 2014",Form 4,Statement of Changes in Beneficial Ownership,https://ir.americanexpress.com/financials/earnings-and-sec-filings/sec-filings-details/default.aspx?FilingId=10231580,https://d18rn0p25nwr6d.cloudfront.net/CIK-0000004962/e8214bc4-85b6-4211-9776-359a514bf626.pdf,https://d18rn0p25nwr6d.cloudfront.net/CIK-0000004962/e436193d-9eab-4b18-8258-40be3d4f1400.xls
"Oct 02, 2014",Form 4,Statement of Changes in Beneficial Ownership,https://ir.americanexpress.com/financials/earnings-and-sec-filings/sec-filings-details/default.aspx?FilingId=10231602,https://d18rn0p25nwr6d.cloudfront.net/CIK-0000004962/1a14a003-4263-4a33-b6b2-2fd4e6bcea94.pdf,https://d18rn0p25nwr6d.cloudfront.net/CIK-0000004962/1e5034d9-c9a4-4e96-a519-c8218fe692b4.xls
"Oct 02, 2014",Form 4,Statement of Changes in Beneficial Ownership,https://ir.americanexpress.com/financials/earnings-and-sec-filings/sec-filings-details/default.aspx?FilingId=10231613,https://d18rn0p25nwr6d.cloudfront.net/CIK-0000004962/966e0466-2210-49d3-808a-045eaab4e8a3.pdf,https://d18rn0p25nwr6d.cloudfront.net/CIK-0000004962/0df047e9-4ddd-4174-b88b-1897c6ad0912.xls
"Oct 02, 2014",Form 3,Initial Statement of Beneficial Ownership,https://ir.americanexpress.com/financials/earnings-and-sec-filings/sec-filings-details/default.aspx?FilingId=10232257,https://d18rn0p25nwr6d.cloudfront.net/CIK-0000004962/07aea9f4-9280-4892-9c6b-e6398fa3448e.pdf,https://d18rn0p25nwr6d.cloudfront.net/CIK-0000004962/b266bded-4ede-4cb8-8a97-65642f40691b.xls
"Oct 01, 2014",Form 4,Statement of Changes in Beneficial Ownership,https://ir.americanexpress.com/financials/earnings-and-sec-filings/sec-filings-details/default.aspx?FilingId=10229897,https://d18rn0p25nwr6d.cloudfront.net/CIK-0000004962/7247cf12-de1a-4d5a-8d71-bbb55a89278b.pdf,https://d18rn0p25nwr6d.cloudfront.net/CIK-0000004962/da2a38e4-92d5-4be1-8023-26c09cf59eb4.xls
"Sep 23, 2014",Form 4,Statement of Changes in Beneficial Ownership,https://ir.americanexpress.com/financials/earnings-and-sec-filings/sec-filings-details/default.aspx?FilingId=10215814,https://d18rn0p25nwr6d.cloudfront.net/CIK-0000004962/89fb0155-c19e-4fa4-899d-ef75d266350a.pdf,https://d18rn0p25nwr6d.cloudfront.net/CIK-0000004962/173565ce-1722-4a81-9f0e-2120808a7351.xls
"Sep 02, 2014",Form 4,Statement of Changes in Beneficial Ownership,https://ir.americanexpress.com/financials/earnings-and-sec-filings/sec-filings-details/default.aspx?FilingId=10185363,https://d18rn0p25nwr6d.cloudfront.net/CIK-0000004962/47fb6eb9-ef4e-48dc-ab8a-61cece158d4e.pdf,https://d18rn0p25nwr6d.cloudfront.net/CIK-0000004962/f674054c-f3cc-43f1-b002-06d5a8a3b623.xls
"Sep 02, 2014",Form 4,Statement of Changes in Beneficial Ownership,https://ir.americanexpress.com/financials/earnings-and-sec-filings/sec-filings-details/default.aspx?FilingId=10185384,https://d18rn0p25nwr6d.cloudfront.net/CIK-0000004962/bd464f44-6b38-4dc3-8179-c5695853b801.pdf,https://d18rn0p25nwr6d.cloudfront.net/CIK-0000004962/37c0b0d0-00b3-4ac6-916a-08f173deefa5.xls
"Sep 02, 2014",Form 4,Statement of Changes in Beneficial Ownership,https://ir.americanexpress.com/financials/earnings-and-sec-filings/sec-filings-details/default.aspx?FilingId=10185561,https://d18rn0p25nwr6d.cloudfront.net/CIK-0000004962/58bd01a1-fe09-4b8f-a458-38398693d3fe.pdf,https://d18rn0p25nwr6d.cloudfront.net/CIK-0000004962/fedcd301-9dc5-4b7e-b02b-b1867ef9ba40.xls
"Aug 08, 2014",Form 4,Statement of Changes in Beneficial Ownership,https://ir.americanexpress.com/financials/earnings-and-sec-filings/sec-filings-details/default.aspx?FilingId=10140116,https://d18rn0p25nwr6d.cloudfront.net/CIK-0000004962/16f7ae72-5125-4fdb-afbc-58b51c9c4352.pdf,https://d18rn0p25nwr6d.cloudfront.net/CIK-0000004962/95bc7055-bc1a-40ad-b352-c9e36a69ec0a.xls
"Aug 06, 2014",Form 4,Statement of Changes in Beneficial Ownership,https://ir.americanexpress.com/financials/earnings-and-sec-filings/sec-filings-details/default.aspx?FilingId=10134914,https://d18rn0p25nwr6d.cloudfront.net/CIK-0000004962/759daa3b-4e28-480c-8800-b8f87964f827.pdf,https://d18rn0p25nwr6d.cloudfront.net/CIK-0000004962/c1826513-a520-4430-bee7-a7fce683636b.xls
"Jul 31, 2014",Form 4,Statement of Changes in Beneficial Ownership,https://ir.americanexpress.com/financials/earnings-and-sec-filings/sec-filings-details/default.aspx?FilingId=10121661,https://d18rn0p25nwr6d.cloudfront.net/CIK-0000004962/5268149f-390e-44a2-b47b-157f9f9505c8.pdf,https://d18rn0p25nwr6d.cloudfront.net/CIK-0000004962/a14bae0b-474e-4a82-af80-28a5e265392a.xls
"Jul 11, 2014",Form 3,Initial Statement of Beneficial Ownership,https://ir.americanexpress.com/financials/earnings-and-sec-filings/sec-filings-details/default.aspx?FilingId=10092928,https://d18rn0p25nwr6d.cloudfront.net/CIK-0000004962/dc472f02-70b5-4fc2-a733-1fc0686b3b1b.pdf,https://d18rn0p25nwr6d.cloudfront.net/CIK-0000004962/2de221a7-466f-496d-85c5-077bb7a1fb6b.xls
"Jul 02, 2014",Form 4,Statement of Changes in Beneficial Ownership,https://ir.americanexpress.com/financials/earnings-and-sec-filings/sec-filings-details/default.aspx?FilingId=10079921,https://d18rn0p25nwr6d.cloudfront.net/CIK-0000004962/5c76a700-15c0-490b-b699-d34aeb6d4174.pdf,https://d18rn0p25nwr6d.cloudfront.net/CIK-0000004962/cfeff807-bbdc-49d5-881a-3c1e7054e62e.xls
"Jul 02, 2014",Form 4,Statement of Changes in Beneficial Ownership,https://ir.americanexpress.com/financials/earnings-and-sec-filings/sec-filings-details/default.aspx?FilingId=10079944,https://d18rn0p25nwr6d.cloudfront.net/CIK-0000004962/4917384f-f323-4e38-96f7-ee62ba92c1eb.pdf,https://d18rn0p25nwr6d.cloudfront.net/CIK-0000004962/f838bb8d-c7b7-4bca-bba6-18310e4b645e.xls
"Jul 02, 2014",Form 4,Statement of Changes in Beneficial Ownership,https://ir.americanexpress.com/financials/earnings-and-sec-filings/sec-filings-details/default.aspx?FilingId=10079961,https://d18rn0p25nwr6d.cloudfront.net/CIK-0000004962/99dd2037-fbf7-4b1c-82bc-98bfedbb76eb.pdf,https://d18rn0p25nwr6d.cloudfront.net/CIK-0000004962/424f9ed6-bc05-4dc4-bb38-ba2b8a98fa04.xls
"Jul 02, 2014",Form 4,Statement of Changes in Beneficial Ownership,https://ir.americanexpress.com/financials/earnings-and-sec-filings/sec-filings-details/default.aspx?FilingId=10079985,https://d18rn0p25nwr6d.cloudfront.net/CIK-0000004962/7c12e88b-4ba1-4c4a-8af9-adcdd9be7399.pdf,https://d18rn0p25nwr6d.cloudfront.net/CIK-0000004962/2daf3420-36e1-4e73-bdf1-0dd9ff11e08b.xls
"Jul 02, 2014",Form 4,Statement of Changes in Beneficial Ownership,https://ir.americanexpress.com/financials/earnings-and-sec-filings/sec-filings-details/default.aspx?FilingId=10080038,https://d18rn0p25nwr6d.cloudfront.net/CIK-0000004962/df50d232-161c-4deb-909b-3a280ea50610.pdf,https://d18rn0p25nwr6d.cloudfront.net/CIK-0000004962/f0503712-1e9c-4c74-b7e8-091be72b16fe.xls
"Jul 02, 2014",Form 4,Statement of Changes in Beneficial Ownership,https://ir.americanexpress.com/financials/earnings-and-sec-filings/sec-filings-details/default.aspx?FilingId=10080049,https://d18rn0p25nwr6d.cloudfront.net/CIK-0000004962/d87c3e9c-96af-476b-aff3-3bd866ddf60b.pdf,https://d18rn0p25nwr6d.cloudfront.net/CIK-0000004962/79d6fea0-991d-4ea3-bd8f-6a91faf650f9.xls
"Jul 02, 2014",Form 4,Statement of Changes in Beneficial Ownership,https://ir.americanexpress.com/financials/earnings-and-sec-filings/sec-filings-details/default.aspx?FilingId=10080056,https://d18rn0p25nwr6d.cloudfront.net/CIK-0000004962/4c561336-8d5c-46d2-a526-6e83d40aab6a.pdf,https://d18rn0p25nwr6d.cloudfront.net/CIK-0000004962/c3f6c174-7dcc-4ff7-8495-920442dc23df.xls
"May 30, 2014",Form 4,Statement of Changes in Beneficial Ownership,https://ir.americanexpress.com/financials/earnings-and-sec-filings/sec-filings-details/default.aspx?FilingId=10024217,https://d18rn0p25nwr6d.cloudfront.net/CIK-0000004962/89972d0c-2d5d-4b57-9ca3-790286e9a79b.pdf,https://d18rn0p25nwr6d.cloudfront.net/CIK-0000004962/b9d82c6c-2848-4d24-ae36-6cb192f12a67.xls
"May 14, 2014",Form 4,Statement of Changes in Beneficial Ownership,https://ir.americanexpress.com/financials/earnings-and-sec-filings/sec-filings-details/default.aspx?FilingId=9990252,https://d18rn0p25nwr6d.cloudfront.net/CIK-0000004962/cc61a676-8a3e-4eee-a0bc-d12765aeafc0.pdf,https://d18rn0p25nwr6d.cloudfront.net/CIK-0000004962/853a283f-9060-4cd7-a4e4-82ee47a0f659.xls
"May 14, 2014",Form 4,Statement of Changes in Beneficial Ownership,https://ir.americanexpress.com/financials/earnings-and-sec-filings/sec-filings-details/default.aspx?FilingId=9990263,https://d18rn0p25nwr6d.cloudfront.net/CIK-0000004962/24f1faba-cef2-4565-b7e6-79c85d3e62f5.pdf,https://d18rn0p25nwr6d.cloudfront.net/CIK-0000004962/e8f33589-5035-45c5-8b5b-f3537ee939af.xls
"May 14, 2014",Form 4,Statement of Changes in Beneficial Ownership,https://ir.americanexpress.com/financials/earnings-and-sec-filings/sec-filings-details/default.aspx?FilingId=9990312,https://d18rn0p25nwr6d.cloudfront.net/CIK-0000004962/125bb42d-4567-4cde-85d9-2edaef889419.pdf,https://d18rn0p25nwr6d.cloudfront.net/CIK-0000004962/847e427d-7f24-40d0-99bf-f45e11842bfd.xls
"May 14, 2014",Form 4,Statement of Changes in Beneficial Ownership,https://ir.americanexpress.com/financials/earnings-and-sec-filings/sec-filings-details/default.aspx?FilingId=9990349,https://d18rn0p25nwr6d.cloudfront.net/CIK-0000004962/069b13f6-4d62-456a-aa1d-c044ad549e46.pdf,https://d18rn0p25nwr6d.cloudfront.net/CIK-0000004962/874a800b-3cdc-4c7b-bc53-c957ea7ea13e.xls
"May 14, 2014",Form 4,Statement of Changes in Beneficial Ownership,https://ir.americanexpress.com/financials/earnings-and-sec-filings/sec-filings-details/default.aspx?FilingId=9990359,https://d18rn0p25nwr6d.cloudfront.net/CIK-0000004962/a5b06113-73ea-4101-bd0e-98b38c7cb417.pdf,https://d18rn0p25nwr6d.cloudfront.net/CIK-0000004962/2f381fd1-394e-43b6-9d0f-fcccad0cbf29.xls
"May 14, 2014",Form 4,Statement of Changes in Beneficial Ownership,https://ir.americanexpress.com/financials/earnings-and-sec-filings/sec-filings-details/default.aspx?FilingId=9990368,https://d18rn0p25nwr6d.cloudfront.net/CIK-0000004962/45263b2a-27b9-410e-97ba-e3ee2eccd4b2.pdf,https://d18rn0p25nwr6d.cloudfront.net/CIK-0000004962/b39dadf0-b6a5-49ec-9c0f-d72061cd3dd3.xls
"May 14, 2014",Form 4,Statement of Changes in Beneficial Ownership,https://ir.americanexpress.com/financials/earnings-and-sec-filings/sec-filings-details/default.aspx?FilingId=9990382,https://d18rn0p25nwr6d.cloudfront.net/CIK-0000004962/9e78c60a-022f-41f0-aa7f-6fbeee4d70bf.pdf,https://d18rn0p25nwr6d.cloudfront.net/CIK-0000004962/2d896666-5fdb-4607-992b-f5cdd882c4f1.xls
"May 14, 2014",Form 4,Statement of Changes in Beneficial Ownership,https://ir.americanexpress.com/financials/earnings-and-sec-filings/sec-filings-details/default.aspx?FilingId=9990404,https://d18rn0p25nwr6d.cloudfront.net/CIK-0000004962/062ad585-89c8-4b06-b69d-3bd33e5f3a64.pdf,https://d18rn0p25nwr6d.cloudfront.net/CIK-0000004962/d3e3f658-83bc-4326-b3d4-1b5b156a76c8.xls
"May 14, 2014",Form 4,Statement of Changes in Beneficial Ownership,https://ir.americanexpress.com/financials/earnings-and-sec-filings/sec-filings-details/default.aspx?FilingId=9990413,https://d18rn0p25nwr6d.cloudfront.net/CIK-0000004962/9b2536e6-e1e7-4241-a66c-0d02b318c795.pdf,https://d18rn0p25nwr6d.cloudfront.net/CIK-0000004962/f1c53c51-b160-4185-a33f-a8badceca840.xls
"May 14, 2014",Form 4,Statement of Changes in Beneficial Ownership,https://ir.americanexpress.com/financials/earnings-and-sec-filings/sec-filings-details/default.aspx?FilingId=9990415,https://d18rn0p25nwr6d.cloudfront.net/CIK-0000004962/669db315-d504-486d-8d2b-59ca596e9e36.pdf,https://d18rn0p25nwr6d.cloudfront.net/CIK-0000004962/e3d7d7f7-1137-46cc-b914-e7ff05186ca1.xls
"May 14, 2014",Form 4,Statement of Changes in Beneficial Ownership,https://ir.americanexpress.com/financials/earnings-and-sec-filings/sec-filings-details/default.aspx?FilingId=9990420,https://d18rn0p25nwr6d.cloudfront.net/CIK-0000004962/2367e468-fbe5-4e34-9de3-f9ccb303c9cd.pdf,https://d18rn0p25nwr6d.cloudfront.net/CIK-0000004962/0602c847-5648-4de2-9f67-bee4ec4c5e3d.xls
"May 14, 2014",Form 4,Statement of Changes in Beneficial Ownership,https://ir.americanexpress.com/financials/earnings-and-sec-filings/sec-filings-details/default.aspx?FilingId=9990423,https://d18rn0p25nwr6d.cloudfront.net/CIK-0000004962/5d90019f-cdd4-4676-ae8e-79a5fceb8fda.pdf,https://d18rn0p25nwr6d.cloudfront.net/CIK-0000004962/3d229f8f-a80e-4309-81cf-589b88455f68.xls
"Apr 02, 2014",Form 4,Statement of Changes in Beneficial Ownership,https://ir.americanexpress.com/financials/earnings-and-sec-filings/sec-filings-details/default.aspx?FilingId=9897932,https://d18rn0p25nwr6d.cloudfront.net/CIK-0000004962/410119d1-402a-46db-8b5f-de1447dc6d14.pdf,https://d18rn0p25nwr6d.cloudfront.net/CIK-0000004962/90449ef4-0877-45af-9e9f-143a26cbd28a.xls
"Apr 02, 2014",Form 4,Statement of Changes in Beneficial Ownership,https://ir.americanexpress.com/financials/earnings-and-sec-filings/sec-filings-details/default.aspx?FilingId=9897952,https://d18rn0p25nwr6d.cloudfront.net/CIK-0000004962/eb5293f4-6f68-4a36-ae1f-01207bb63427.pdf,https://d18rn0p25nwr6d.cloudfront.net/CIK-0000004962/0917eafd-02c9-4160-a73e-9fb4176a624b.xls
"Apr 02, 2014",Form 4,Statement of Changes in Beneficial Ownership,https://ir.americanexpress.com/financials/earnings-and-sec-filings/sec-filings-details/default.aspx?FilingId=9897960,https://d18rn0p25nwr6d.cloudfront.net/CIK-0000004962/9a6079c7-b253-498f-8522-0bc72f5c52cc.pdf,https://d18rn0p25nwr6d.cloudfront.net/CIK-0000004962/79d6cb1f-00ff-4e19-b3d5-4ad11cda31ac.xls
"Apr 02, 2014",Form 4,Statement of Changes in Beneficial Ownership,https://ir.americanexpress.com/financials/earnings-and-sec-filings/sec-filings-details/default.aspx?FilingId=9897976,https://d18rn0p25nwr6d.cloudfront.net/CIK-0000004962/0e93cd15-3e59-4abd-8e7a-7924ce62dc14.pdf,https://d18rn0p25nwr6d.cloudfront.net/CIK-0000004962/5b8713e7-7b59-435f-926b-be7f8786149a.xls
"Apr 02, 2014",Form 4,Statement of Changes in Beneficial Ownership,https://ir.americanexpress.com/financials/earnings-and-sec-filings/sec-filings-details/default.aspx?FilingId=9898063,https://d18rn0p25nwr6d.cloudfront.net/CIK-0000004962/5f4ddc4a-0a12-44ff-9230-54e377343178.pdf,https://d18rn0p25nwr6d.cloudfront.net/CIK-0000004962/37064deb-1d1f-44fc-b559-7bf60dc8799f.xls
"Apr 02, 2014",Form 4,Statement of Changes in Beneficial Ownership,https://ir.americanexpress.com/financials/earnings-and-sec-filings/sec-filings-details/default.aspx?FilingId=9898082,https://d18rn0p25nwr6d.cloudfront.net/CIK-0000004962/9457c987-5812-4e95-b569-90d2baa9f4e2.pdf,https://d18rn0p25nwr6d.cloudfront.net/CIK-0000004962/9b8d0e9c-7eae-4f82-9f08-9acaed0e4dbf.xls
"Apr 02, 2014",Form 4,Statement of Changes in Beneficial Ownership,https://ir.americanexpress.com/financials/earnings-and-sec-filings/sec-filings-details/default.aspx?FilingId=9898099,https://d18rn0p25nwr6d.cloudfront.net/CIK-0000004962/281cf67c-df54-41b7-adfc-184e0dfba03b.pdf,https://d18rn0p25nwr6d.cloudfront.net/CIK-0000004962/2cae898b-9d53-4b52-87d2-f01818da8a99.xls
"Mar 06, 2014",Form 4,Statement of Changes in Beneficial Ownership,https://ir.americanexpress.com/financials/earnings-and-sec-filings/sec-filings-details/default.aspx?FilingId=9839362,https://d18rn0p25nwr6d.cloudfront.net/CIK-0000004962/7306a6f6-9734-4b11-9d9b-7b666207303b.pdf,https://d18rn0p25nwr6d.cloudfront.net/CIK-0000004962/602528be-9d3f-4a00-95fe-a6667a812d9a.xls
"Mar 03, 2014",Form 4,Statement of Changes in Beneficial Ownership,https://ir.americanexpress.com/financials/earnings-and-sec-filings/sec-filings-details/default.aspx?FilingId=9827825,https://d18rn0p25nwr6d.cloudfront.net/CIK-0000004962/e094ad51-be75-4077-b812-8539b9b4fce5.pdf,https://d18rn0p25nwr6d.cloudfront.net/CIK-0000004962/a8048520-260c-4827-bc88-9511d7c26cb3.xls
"Feb 28, 2014",Form 4,Statement of Changes in Beneficial Ownership,https://ir.americanexpress.com/financials/earnings-and-sec-filings/sec-filings-details/default.aspx?FilingId=9822585,https://d18rn0p25nwr6d.cloudfront.net/CIK-0000004962/2cac7ee3-f5c4-4a83-8198-46da0e4b7ef9.pdf,https://d18rn0p25nwr6d.cloudfront.net/CIK-0000004962/e35a5a3d-e6b8-4239-87fc-2986e51d4d1c.xls
"Feb 26, 2014",Form 4,Statement of Changes in Beneficial Ownership,https://ir.americanexpress.com/financials/earnings-and-sec-filings/sec-filings-details/default.aspx?FilingId=9813288,https://d18rn0p25nwr6d.cloudfront.net/CIK-0000004962/e0dc34aa-8d6f-4c99-bef3-e8c31290d7ae.pdf,https://d18rn0p25nwr6d.cloudfront.net/CIK-0000004962/b5aaa7fc-19df-4df0-b6ae-a9d5b406d9c0.xls
"Feb 13, 2014",Form 5,Annual Statement of Changes in Beneficial Ownership,https://ir.americanexpress.com/financials/earnings-and-sec-filings/sec-filings-details/default.aspx?FilingId=9778622,https://d18rn0p25nwr6d.cloudfront.net/CIK-0000004962/d36b1d56-98e1-41a8-b4bb-48d83bb4b2ab.pdf,https://d18rn0p25nwr6d.cloudfront.net/CIK-0000004962/3e1a7d6d-6b88-42f9-a186-2fde296d7acb.xls
"Feb 13, 2014",Form 5,Annual Statement of Changes in Beneficial Ownership,https://ir.americanexpress.com/financials/earnings-and-sec-filings/sec-filings-details/default.aspx?FilingId=9778702,https://d18rn0p25nwr6d.cloudfront.net/CIK-0000004962/0966e1f7-d0ec-4473-aca5-71d2d8ee50db.pdf,https://d18rn0p25nwr6d.cloudfront.net/CIK-0000004962/a399c6bd-94be-4f52-90d6-63465f002562.xls
"Feb 07, 2014",Form 4,Statement of Changes in Beneficial Ownership,https://ir.americanexpress.com/financials/earnings-and-sec-filings/sec-filings-details/default.aspx?FilingId=9758554,https://d18rn0p25nwr6d.cloudfront.net/CIK-0000004962/2c268191-a89e-4543-be17-8c7756c7ec21.pdf,https://d18rn0p25nwr6d.cloudfront.net/CIK-0000004962/eb30ae61-6009-4ead-addb-b9136035cf78.xls
"Feb 07, 2014",Form 4,Statement of Changes in Beneficial Ownership,https://ir.americanexpress.com/financials/earnings-and-sec-filings/sec-filings-details/default.aspx?FilingId=9758781,https://d18rn0p25nwr6d.cloudfront.net/CIK-0000004962/408ce1e5-95dd-422d-8ab7-5ff9d8a0b6f9.pdf,https://d18rn0p25nwr6d.cloudfront.net/CIK-0000004962/f32fc0ea-343a-4b0c-b906-8cf8b320fc43.xls
"Feb 06, 2014",Form 4,Statement of Changes in Beneficial Ownership,https://ir.americanexpress.com/financials/earnings-and-sec-filings/sec-filings-details/default.aspx?FilingId=9755423,https://d18rn0p25nwr6d.cloudfront.net/CIK-0000004962/aa8ce76f-4434-4436-86e8-aa4c0fad21f6.pdf,https://d18rn0p25nwr6d.cloudfront.net/CIK-0000004962/69e74a87-b8d0-42fc-baca-19c7d3db8711.xls
"Jan 31, 2014",Form 4,Statement of Changes in Beneficial Ownership,https://ir.americanexpress.com/financials/earnings-and-sec-filings/sec-filings-details/default.aspx?FilingId=9742077,https://d18rn0p25nwr6d.cloudfront.net/CIK-0000004962/f3c32e1a-84b3-4df5-a608-287937eedaca.pdf,https://d18rn0p25nwr6d.cloudfront.net/CIK-0000004962/846a51d9-239b-4b14-bec6-9bbf311339b0.xls
"Jan 29, 2014",Form 4,Statement of Changes in Beneficial Ownership,https://ir.americanexpress.com/financials/earnings-and-sec-filings/sec-filings-details/default.aspx?FilingId=9734540,https://d18rn0p25nwr6d.cloudfront.net/CIK-0000004962/3ab58838-9fee-482b-8edd-006a288ee260.pdf,https://d18rn0p25nwr6d.cloudfront.net/CIK-0000004962/9581c170-cdbd-41c7-af06-5ea6b3d2bb11.xls
"Jan 29, 2014",Form 4,Statement of Changes in Beneficial Ownership,https://ir.americanexpress.com/financials/earnings-and-sec-filings/sec-filings-details/default.aspx?FilingId=9734677,https://d18rn0p25nwr6d.cloudfront.net/CIK-0000004962/ffdf69c1-a99e-4ea6-ae7e-6530f7d84c58.pdf,https://d18rn0p25nwr6d.cloudfront.net/CIK-0000004962/643df4e4-1dca-463f-8ad5-75cf91927710.xls
"Jan 29, 2014",Form 4,Statement of Changes in Beneficial Ownership,https://ir.americanexpress.com/financials/earnings-and-sec-filings/sec-filings-details/default.aspx?FilingId=9734789,https://d18rn0p25nwr6d.cloudfront.net/CIK-0000004962/c0313863-e723-4ef8-84d9-bacd0cab0470.pdf,https://d18rn0p25nwr6d.cloudfront.net/CIK-0000004962/5cabdfa9-b01e-46e2-ad08-4da5c7913f93.xls
"Jan 29, 2014",Form 4,Statement of Changes in Beneficial Ownership,https://ir.americanexpress.com/financials/earnings-and-sec-filings/sec-filings-details/default.aspx?FilingId=9735217,https://d18rn0p25nwr6d.cloudfront.net/CIK-0000004962/f87f0bd7-5b06-4019-845f-a3f258dac6f2.pdf,https://d18rn0p25nwr6d.cloudfront.net/CIK-0000004962/e1236981-c033-474e-89fa-171d2acd70ca.xls
"Jan 29, 2014",Form 4,Statement of Changes in Beneficial Ownership,https://ir.americanexpress.com/financials/earnings-and-sec-filings/sec-filings-details/default.aspx?FilingId=9735305,https://d18rn0p25nwr6d.cloudfront.net/CIK-0000004962/3e4a773c-9f70-4305-aaec-25b274497402.pdf,https://d18rn0p25nwr6d.cloudfront.net/CIK-0000004962/4f7c5491-4466-456f-ab48-4058354f8942.xls
"Jan 29, 2014",Form 4,Statement of Changes in Beneficial Ownership,https://ir.americanexpress.com/financials/earnings-and-sec-filings/sec-filings-details/default.aspx?FilingId=9735341,https://d18rn0p25nwr6d.cloudfront.net/CIK-0000004962/d6b4c4df-1603-412a-bbd5-c67d5fb43735.pdf,https://d18rn0p25nwr6d.cloudfront.net/CIK-0000004962/207fd2f3-cd38-4a52-93e8-85824fffd7fc.xls
"Jan 29, 2014",Form 4,Statement of Changes in Beneficial Ownership,https://ir.americanexpress.com/financials/earnings-and-sec-filings/sec-filings-details/default.aspx?FilingId=9735384,https://d18rn0p25nwr6d.cloudfront.net/CIK-0000004962/d32eb101-efa8-492f-9a5e-d9181214548a.pdf,https://d18rn0p25nwr6d.cloudfront.net/CIK-0000004962/a688bcd9-e1c2-4db4-8449-ff6c2a8b9fe9.xls
"Jan 29, 2014",Form 4,Statement of Changes in Beneficial Ownership,https://ir.americanexpress.com/financials/earnings-and-sec-filings/sec-filings-details/default.aspx?FilingId=9735600,https://d18rn0p25nwr6d.cloudfront.net/CIK-0000004962/c38249fe-ed87-41f8-9bb5-35d1319da3af.pdf,https://d18rn0p25nwr6d.cloudfront.net/CIK-0000004962/7aaed6b0-715e-43ea-b7fc-a2267325ab54.xls
"Jan 29, 2014",Form 4,Statement of Changes in Beneficial Ownership,https://ir.americanexpress.com/financials/earnings-and-sec-filings/sec-filings-details/default.aspx?FilingId=9735631,https://d18rn0p25nwr6d.cloudfront.net/CIK-0000004962/9290e8ad-15df-4abe-ba84-69aee4809a5b.pdf,https://d18rn0p25nwr6d.cloudfront.net/CIK-0000004962/21b6ba74-d1e7-4a58-bdd4-fd79f162ae9e.xls
"Jan 29, 2014",Form 4,Statement of Changes in Beneficial Ownership,https://ir.americanexpress.com/financials/earnings-and-sec-filings/sec-filings-details/default.aspx?FilingId=9735885,https://d18rn0p25nwr6d.cloudfront.net/CIK-0000004962/42c387d6-2d13-4a0a-b728-d11429506866.pdf,https://d18rn0p25nwr6d.cloudfront.net/CIK-0000004962/7d3f47ab-e96d-463a-b4dc-f2a22bcee503.xls
"Jan 29, 2014",Form 4,Statement of Changes in Beneficial Ownership,https://ir.americanexpress.com/financials/earnings-and-sec-filings/sec-filings-details/default.aspx?FilingId=9735909,https://d18rn0p25nwr6d.cloudfront.net/CIK-0000004962/41c06a03-1659-447c-86d4-51ab38758755.pdf,https://d18rn0p25nwr6d.cloudfront.net/CIK-0000004962/974df29f-f24d-46f2-bfa2-aa71bbdb037f.xls
"Jan 29, 2014",Form 4,Statement of Changes in Beneficial Ownership,https://ir.americanexpress.com/financials/earnings-and-sec-filings/sec-filings-details/default.aspx?FilingId=9735920,https://d18rn0p25nwr6d.cloudfront.net/CIK-0000004962/089d100c-4796-46de-a891-bc18ea0b8689.pdf,https://d18rn0p25nwr6d.cloudfront.net/CIK-0000004962/a92c26ef-8131-407d-9f5a-c9eb5b43df87.xls
"Jan 29, 2014",Form 4,Statement of Changes in Beneficial Ownership,https://ir.americanexpress.com/financials/earnings-and-sec-filings/sec-filings-details/default.aspx?FilingId=9735965,https://d18rn0p25nwr6d.cloudfront.net/CIK-0000004962/2608f620-9983-4b41-8957-29bfa48dc0ac.pdf,https://d18rn0p25nwr6d.cloudfront.net/CIK-0000004962/5ed13555-9921-491e-a76d-04893bd847cb.xls
"Jan 28, 2014",Form 4,Statement of Changes in Beneficial Ownership,https://ir.americanexpress.com/financials/earnings-and-sec-filings/sec-filings-details/default.aspx?FilingId=9730089,https://d18rn0p25nwr6d.cloudfront.net/CIK-0000004962/7913c73a-fb50-4f82-85aa-f5c5355e4bab.pdf,https://d18rn0p25nwr6d.cloudfront.net/CIK-0000004962/5446d3f2-7a84-4daa-9218-fd871c2c9851.xls
"Jan 28, 2014",Form 4,Statement of Changes in Beneficial Ownership,https://ir.americanexpress.com/financials/earnings-and-sec-filings/sec-filings-details/default.aspx?FilingId=9730189,https://d18rn0p25nwr6d.cloudfront.net/CIK-0000004962/3cef9563-f01f-4747-926a-93cb5618af8a.pdf,https://d18rn0p25nwr6d.cloudfront.net/CIK-0000004962/f527f562-fe20-452b-8230-6ae3e1900bb3.xls
"Jan 28, 2014",Form 4,Statement of Changes in Beneficial Ownership,https://ir.americanexpress.com/financials/earnings-and-sec-filings/sec-filings-details/default.aspx?FilingId=9730280,https://d18rn0p25nwr6d.cloudfront.net/CIK-0000004962/892f2ea3-e913-41cb-a67e-8060c7b8e2f3.pdf,https://d18rn0p25nwr6d.cloudfront.net/CIK-0000004962/382cd5d7-8230-4231-a60e-f8fd49a7ffe4.xls
"Jan 28, 2014",Form 4,Statement of Changes in Beneficial Ownership,https://ir.americanexpress.com/financials/earnings-and-sec-filings/sec-filings-details/default.aspx?FilingId=9731181,https://d18rn0p25nwr6d.cloudfront.net/CIK-0000004962/ff1cdae4-5c4a-40e8-af42-a80de3589278.pdf,https://d18rn0p25nwr6d.cloudfront.net/CIK-0000004962/364bae5b-2ca1-4658-b754-b811559f9664.xls
"Jan 28, 2014",Form 4,Statement of Changes in Beneficial Ownership,https://ir.americanexpress.com/financials/earnings-and-sec-filings/sec-filings-details/default.aspx?FilingId=9731253,https://d18rn0p25nwr6d.cloudfront.net/CIK-0000004962/187946b9-d1c6-44f2-930c-35ac494e3e08.pdf,https://d18rn0p25nwr6d.cloudfront.net/CIK-0000004962/63b769b8-43d2-4520-b442-859d6acd10f8.xls
"Jan 23, 2014",Form 4,Statement of Changes in Beneficial Ownership,https://ir.americanexpress.com/financials/earnings-and-sec-filings/sec-filings-details/default.aspx?FilingId=9722427,https://d18rn0p25nwr6d.cloudfront.net/CIK-0000004962/7f84a994-2d8d-4b2b-bff0-668027b1af6d.pdf,https://d18rn0p25nwr6d.cloudfront.net/CIK-0000004962/be2574ef-607e-43b4-96ed-7309c9950cb4.xls
"Jan 23, 2014",Form 4,Statement of Changes in Beneficial Ownership,https://ir.americanexpress.com/financials/earnings-and-sec-filings/sec-filings-details/default.aspx?FilingId=9722483,https://d18rn0p25nwr6d.cloudfront.net/CIK-0000004962/5ad57f25-0748-4457-90ee-3754ad01bfbe.pdf,https://d18rn0p25nwr6d.cloudfront.net/CIK-0000004962/70d641a9-4385-42b3-a0a6-13e80849b4ca.xls
"Jan 22, 2014",Form 3,Initial Statement of Beneficial Ownership,https://ir.americanexpress.com/financials/earnings-and-sec-filings/sec-filings-details/default.aspx?FilingId=9720696,https://d18rn0p25nwr6d.cloudfront.net/CIK-0000004962/4df0ea7d-4676-4492-b459-1110f7d94ca6.pdf,https://d18rn0p25nwr6d.cloudfront.net/CIK-0000004962/2866b532-2a79-4984-8745-30e8543820d5.xls
"Jan 10, 2014",Form 3,Initial Statement of Beneficial Ownership,https://ir.americanexpress.com/financials/earnings-and-sec-filings/sec-filings-details/default.aspx?FilingId=9704067,https://d18rn0p25nwr6d.cloudfront.net/CIK-0000004962/e0180c2d-3ae6-4728-ba08-b14e695fefa2.pdf,https://d18rn0p25nwr6d.cloudfront.net/CIK-0000004962/ddd23a4d-b1eb-432e-82a7-7dcb2f756608.xls
"Jan 03, 2014",Form 4,Statement of Changes in Beneficial Ownership,https://ir.americanexpress.com/financials/earnings-and-sec-filings/sec-filings-details/default.aspx?FilingId=9690648,https://d18rn0p25nwr6d.cloudfront.net/CIK-0000004962/d0f4e51b-a7b0-40a7-a596-655bf7126a47.pdf,https://d18rn0p25nwr6d.cloudfront.net/CIK-0000004962/44b1f00e-0514-4d92-bc22-0375ba48072c.xls
"Jan 03, 2014",Form 4,Statement of Changes in Beneficial Ownership,https://ir.americanexpress.com/financials/earnings-and-sec-filings/sec-filings-details/default.aspx?FilingId=9690674,https://d18rn0p25nwr6d.cloudfront.net/CIK-0000004962/2929c328-19c8-41a4-8bbe-3908c68cec19.pdf,https://d18rn0p25nwr6d.cloudfront.net/CIK-0000004962/19dfdc6b-0446-4c85-a08d-35c557f72077.xls
"Jan 03, 2014",Form 4,Statement of Changes in Beneficial Ownership,https://ir.americanexpress.com/financials/earnings-and-sec-filings/sec-filings-details/default.aspx?FilingId=9690693,https://d18rn0p25nwr6d.cloudfront.net/CIK-0000004962/1039129d-22e5-4b83-a879-a661ad7c9b7b.pdf,https://d18rn0p25nwr6d.cloudfront.net/CIK-0000004962/608d341c-0be5-4586-9f16-f74bbe2e692f.xls
"Jan 03, 2014",Form 4,Statement of Changes in Beneficial Ownership,https://ir.americanexpress.com/financials/earnings-and-sec-filings/sec-filings-details/default.aspx?FilingId=9690723,https://d18rn0p25nwr6d.cloudfront.net/CIK-0000004962/eb1c2efd-d499-4664-a70c-a5d031dd94c4.pdf,https://d18rn0p25nwr6d.cloudfront.net/CIK-0000004962/207db67b-5631-42ed-8e48-1d00a6c1a259.xls
"Jan 03, 2014",Form 4,Statement of Changes in Beneficial Ownership,https://ir.americanexpress.com/financials/earnings-and-sec-filings/sec-filings-details/default.aspx?FilingId=9690739,https://d18rn0p25nwr6d.cloudfront.net/CIK-0000004962/e3bbb345-38c7-451c-8819-2cdd8f4b1c9a.pdf,https://d18rn0p25nwr6d.cloudfront.net/CIK-0000004962/b619a68d-e5a8-4919-9954-61f53b8717a7.xls
"Jan 03, 2014",Form 4,Statement of Changes in Beneficial Ownership,https://ir.americanexpress.com/financials/earnings-and-sec-filings/sec-filings-details/default.aspx?FilingId=9690775,https://d18rn0p25nwr6d.cloudfront.net/CIK-0000004962/0ef07fc9-3f2f-4dfc-8e5f-47adc4b3a065.pdf,https://d18rn0p25nwr6d.cloudfront.net/CIK-0000004962/da25246d-ef57-4be6-8107-6fe419941300.xls
"Jan 03, 2014",Form 4,Statement of Changes in Beneficial Ownership,https://ir.americanexpress.com/financials/earnings-and-sec-filings/sec-filings-details/default.aspx?FilingId=9690800,https://d18rn0p25nwr6d.cloudfront.net/CIK-0000004962/68f95070-5b81-4f7f-8963-395027dbee85.pdf,https://d18rn0p25nwr6d.cloudfront.net/CIK-0000004962/02f219d9-c4d1-418e-8438-0844bcfd4693.xls
"Dec 09, 2013",Form 4,Statement of Changes in Beneficial Ownership,https://ir.americanexpress.com/financials/earnings-and-sec-filings/sec-filings-details/default.aspx?FilingId=9651705,https://d18rn0p25nwr6d.cloudfront.net/CIK-0000004962/a34a8e2a-13c4-4bba-a7c8-97dbf0a1528b.pdf,https://d18rn0p25nwr6d.cloudfront.net/CIK-0000004962/8315a3a2-fd14-487a-b307-2d66dfc28aba.xls
"Dec 05, 2013",Form 4,Statement of Changes in Beneficial Ownership,https://ir.americanexpress.com/financials/earnings-and-sec-filings/sec-filings-details/default.aspx?FilingId=9647274,https://d18rn0p25nwr6d.cloudfront.net/CIK-0000004962/0cc32940-dd6e-4d2e-a63e-25eb826348bb.pdf,https://d18rn0p25nwr6d.cloudfront.net/CIK-0000004962/76797d60-7d86-42dc-8625-961298dbdc02.xls
"Nov 26, 2013",Form 4,Statement of Changes in Beneficial Ownership,https://ir.americanexpress.com/financials/earnings-and-sec-filings/sec-filings-details/default.aspx?FilingId=9633475,https://d18rn0p25nwr6d.cloudfront.net/CIK-0000004962/5661ac0d-553b-479d-bf4f-6321d22894c4.pdf,https://d18rn0p25nwr6d.cloudfront.net/CIK-0000004962/1c57b8e0-861b-4a31-99e8-6ff7332df512.xls
"Nov 05, 2013",Form 4,Statement of Changes in Beneficial Ownership,https://ir.americanexpress.com/financials/earnings-and-sec-filings/sec-filings-details/default.aspx?FilingId=9589372,https://d18rn0p25nwr6d.cloudfront.net/CIK-0000004962/8e837971-3a5d-4fed-9d91-5a39d32edcf3.pdf,https://d18rn0p25nwr6d.cloudfront.net/CIK-0000004962/f81bf4fd-9ed2-448f-b8ad-a0700f3a768b.xls
"Nov 04, 2013",Form 4,Statement of Changes in Beneficial Ownership,https://ir.americanexpress.com/financials/earnings-and-sec-filings/sec-filings-details/default.aspx?FilingId=9586667,https://d18rn0p25nwr6d.cloudfront.net/CIK-0000004962/09d7fb57-a899-4cf7-9f7c-2b4253c190a7.pdf,https://d18rn0p25nwr6d.cloudfront.net/CIK-0000004962/7a5b0d42-dbb4-4778-83bc-60e60f2d8c8c.xls
"Oct 23, 2013",Form 4,Statement of Changes in Beneficial Ownership,https://ir.americanexpress.com/financials/earnings-and-sec-filings/sec-filings-details/default.aspx?FilingId=9565608,https://d18rn0p25nwr6d.cloudfront.net/CIK-0000004962/96348104-ff28-42fa-920a-d58e4a322678.pdf,https://d18rn0p25nwr6d.cloudfront.net/CIK-0000004962/b7265384-5fcf-4aa6-98c5-e97580cc0604.xls
"Oct 21, 2013",Form 4,Statement of Changes in Beneficial Ownership,https://ir.americanexpress.com/financials/earnings-and-sec-filings/sec-filings-details/default.aspx?FilingId=9562179,https://d18rn0p25nwr6d.cloudfront.net/CIK-0000004962/f88bd026-60fb-47b3-8660-ce3225fe1fca.pdf,https://d18rn0p25nwr6d.cloudfront.net/CIK-0000004962/06e84554-ae99-4050-8f60-d3d40c361e4a.xls
"Oct 21, 2013",Form 4,Statement of Changes in Beneficial Ownership,https://ir.americanexpress.com/financials/earnings-and-sec-filings/sec-filings-details/default.aspx?FilingId=9562227,https://d18rn0p25nwr6d.cloudfront.net/CIK-0000004962/cb578888-1b87-4137-ae12-b100927d8851.pdf,https://d18rn0p25nwr6d.cloudfront.net/CIK-0000004962/2757c333-4a5f-4d2d-9ae9-e47c8ad6556f.xls
"Oct 18, 2013",Form 4,Statement of Changes in Beneficial Ownership,https://ir.americanexpress.com/financials/earnings-and-sec-filings/sec-filings-details/default.aspx?FilingId=9560626,https://d18rn0p25nwr6d.cloudfront.net/CIK-0000004962/f4c5aed3-190f-4758-813a-9b3d44e4918f.pdf,https://d18rn0p25nwr6d.cloudfront.net/CIK-0000004962/904b37b2-f835-441b-a649-674ec0406a66.xls
"Oct 18, 2013",Form 4,Statement of Changes in Beneficial Ownership,https://ir.americanexpress.com/financials/earnings-and-sec-filings/sec-filings-details/default.aspx?FilingId=9560917,https://d18rn0p25nwr6d.cloudfront.net/CIK-0000004962/1c92fbb0-7809-4355-b417-07d56bbcb185.pdf,https://d18rn0p25nwr6d.cloudfront.net/CIK-0000004962/c6f54f80-8c49-4f03-ab36-72235e69cb76.xls
"Oct 01, 2013",Form 4,Statement of Changes in Beneficial Ownership,https://ir.americanexpress.com/financials/earnings-and-sec-filings/sec-filings-details/default.aspx?FilingId=9535159,https://d18rn0p25nwr6d.cloudfront.net/CIK-0000004962/9df42837-04b5-4bbd-a18c-d3fa5e1447f1.pdf,https://d18rn0p25nwr6d.cloudfront.net/CIK-0000004962/51a1c2ea-3a28-4bd2-94bd-1771ceacfb47.xls
"Oct 01, 2013",Form 4,Statement of Changes in Beneficial Ownership,https://ir.americanexpress.com/financials/earnings-and-sec-filings/sec-filings-details/default.aspx?FilingId=9535182,https://d18rn0p25nwr6d.cloudfront.net/CIK-0000004962/e11374ec-8a08-45bb-8c4a-2b72dffba483.pdf,https://d18rn0p25nwr6d.cloudfront.net/CIK-0000004962/f7d4dad4-9131-4f20-bfe1-b0ba338e8de4.xls
"Oct 01, 2013",Form 4,Statement of Changes in Beneficial Ownership,https://ir.americanexpress.com/financials/earnings-and-sec-filings/sec-filings-details/default.aspx?FilingId=9535209,https://d18rn0p25nwr6d.cloudfront.net/CIK-0000004962/16c8bc84-0a9d-4139-b9b5-ac1a19c3a0d7.pdf,https://d18rn0p25nwr6d.cloudfront.net/CIK-0000004962/d4277f31-7bea-46cc-86af-d766ba277e73.xls
"Oct 01, 2013",Form 4,Statement of Changes in Beneficial Ownership,https://ir.americanexpress.com/financials/earnings-and-sec-filings/sec-filings-details/default.aspx?FilingId=9535233,https://d18rn0p25nwr6d.cloudfront.net/CIK-0000004962/44728f5d-39c1-4698-9c95-8e5d8674346e.pdf,https://d18rn0p25nwr6d.cloudfront.net/CIK-0000004962/8842856a-d70f-437c-921b-a97653348ac6.xls
"Oct 01, 2013",Form 4,Statement of Changes in Beneficial Ownership,https://ir.americanexpress.com/financials/earnings-and-sec-filings/sec-filings-details/default.aspx?FilingId=9535241,https://d18rn0p25nwr6d.cloudfront.net/CIK-0000004962/a8270930-ec16-4cd3-b1cf-f40d6e1b6882.pdf,https://d18rn0p25nwr6d.cloudfront.net/CIK-0000004962/48c7487b-16f4-46cd-8e62-50ac89b62ce6.xls
"Oct 01, 2013",Form 4,Statement of Changes in Beneficial Ownership,https://ir.americanexpress.com/financials/earnings-and-sec-filings/sec-filings-details/default.aspx?FilingId=9535250,https://d18rn0p25nwr6d.cloudfront.net/CIK-0000004962/5e7ca46c-ef78-43b6-aeb2-5f4e492d777d.pdf,https://d18rn0p25nwr6d.cloudfront.net/CIK-0000004962/aa791237-b5a3-4fcd-8195-f512ffb2ba28.xls
"Oct 01, 2013",Form 4,Statement of Changes in Beneficial Ownership,https://ir.americanexpress.com/financials/earnings-and-sec-filings/sec-filings-details/default.aspx?FilingId=9535262,https://d18rn0p25nwr6d.cloudfront.net/CIK-0000004962/6a1c2d73-a84c-4353-bf32-84d24e12228f.pdf,https://d18rn0p25nwr6d.cloudfront.net/CIK-0000004962/9884edaf-196d-40ec-919f-741da396a1d7.xls
"Sep 04, 2013",Form 4,Statement of Changes in Beneficial Ownership,https://ir.americanexpress.com/financials/earnings-and-sec-filings/sec-filings-details/default.aspx?FilingId=9493172,https://d18rn0p25nwr6d.cloudfront.net/CIK-0000004962/50a73579-7afc-4c75-88a2-bcac4e248abc.pdf,https://d18rn0p25nwr6d.cloudfront.net/CIK-0000004962/3a3dad96-9916-4ee0-b6a2-12f5cedadb1e.xls
"Aug 02, 2013",Form 4,Statement of Changes in Beneficial Ownership,https://ir.americanexpress.com/financials/earnings-and-sec-filings/sec-filings-details/default.aspx?FilingId=9431201,https://d18rn0p25nwr6d.cloudfront.net/CIK-0000004962/2ba9adce-31bf-4538-b950-28102913473e.pdf,https://d18rn0p25nwr6d.cloudfront.net/CIK-0000004962/609f5e68-ab9b-4f93-a3d6-d0667b90fbf8.xls
"Aug 02, 2013",Form 4,Statement of Changes in Beneficial Ownership,https://ir.americanexpress.com/financials/earnings-and-sec-filings/sec-filings-details/default.aspx?FilingId=9431325,https://d18rn0p25nwr6d.cloudfront.net/CIK-0000004962/e1a7558e-b5a6-4d3b-bca1-1a6311c7d3f8.pdf,https://d18rn0p25nwr6d.cloudfront.net/CIK-0000004962/2bce51d1-2bf6-4fc1-84c8-50246c0df631.xls
"Aug 01, 2013",Form 3,Initial Statement of Beneficial Ownership,https://ir.americanexpress.com/financials/earnings-and-sec-filings/sec-filings-details/default.aspx?FilingId=9428526,https://d18rn0p25nwr6d.cloudfront.net/CIK-0000004962/0901ae06-3b23-4f04-b2d7-2f72630a95c0.pdf,https://d18rn0p25nwr6d.cloudfront.net/CIK-0000004962/081be294-10b1-4f39-b41e-6f512f3e519f.xls
"Jul 31, 2013",Form 4,Statement of Changes in Beneficial Ownership,https://ir.americanexpress.com/financials/earnings-and-sec-filings/sec-filings-details/default.aspx?FilingId=9425501,https://d18rn0p25nwr6d.cloudfront.net/CIK-0000004962/09cf77f9-cb00-4bd6-9417-f38729969217.pdf,https://d18rn0p25nwr6d.cloudfront.net/CIK-0000004962/d50c9bdb-d36b-429a-8617-c83551b8602a.xls
"Jul 02, 2013",Form 4,Statement of Changes in Beneficial Ownership,https://ir.americanexpress.com/financials/earnings-and-sec-filings/sec-filings-details/default.aspx?FilingId=9383551,https://d18rn0p25nwr6d.cloudfront.net/CIK-0000004962/51ad6614-a9cd-44b9-8554-b3d6225e9685.pdf,https://d18rn0p25nwr6d.cloudfront.net/CIK-0000004962/6ed3d991-64f4-437a-a9d3-f48303e0e8a8.xls
"Jul 02, 2013",Form 4,Statement of Changes in Beneficial Ownership,https://ir.americanexpress.com/financials/earnings-and-sec-filings/sec-filings-details/default.aspx?FilingId=9383645,https://d18rn0p25nwr6d.cloudfront.net/CIK-0000004962/57221024-122c-4364-a27b-4a0796b51545.pdf,https://d18rn0p25nwr6d.cloudfront.net/CIK-0000004962/dd960ffe-64ca-4397-8724-0c2e5e69baa1.xls
"Jul 02, 2013",Form 4,Statement of Changes in Beneficial Ownership,https://ir.americanexpress.com/financials/earnings-and-sec-filings/sec-filings-details/default.aspx?FilingId=9383683,https://d18rn0p25nwr6d.cloudfront.net/CIK-0000004962/34aa5f5b-4490-4e77-bd8c-c49c2824b9f2.pdf,https://d18rn0p25nwr6d.cloudfront.net/CIK-0000004962/6eab1801-08dc-45d5-b782-927ba06eaff1.xls
"Jul 02, 2013",Form 4,Statement of Changes in Beneficial Ownership,https://ir.americanexpress.com/financials/earnings-and-sec-filings/sec-filings-details/default.aspx?FilingId=9383751,https://d18rn0p25nwr6d.cloudfront.net/CIK-0000004962/670696d6-f439-4db8-af0e-a1b45e8879fd.pdf,https://d18rn0p25nwr6d.cloudfront.net/CIK-0000004962/f229a119-83b6-4fa0-9eff-cde4a58be49c.xls
"Jul 02, 2013",Form 4,Statement of Changes in Beneficial Ownership,https://ir.americanexpress.com/financials/earnings-and-sec-filings/sec-filings-details/default.aspx?FilingId=9383833,https://d18rn0p25nwr6d.cloudfront.net/CIK-0000004962/adc52c56-4398-41e4-ab49-84dca57d038f.pdf,https://d18rn0p25nwr6d.cloudfront.net/CIK-0000004962/ec05e0c7-befb-4ff8-b1e2-20336f2889a0.xls
"Jul 02, 2013",Form 4,Statement of Changes in Beneficial Ownership,https://ir.americanexpress.com/financials/earnings-and-sec-filings/sec-filings-details/default.aspx?FilingId=9383970,https://d18rn0p25nwr6d.cloudfront.net/CIK-0000004962/1367bcec-3281-49bb-a8cc-dadc47a08db6.pdf,https://d18rn0p25nwr6d.cloudfront.net/CIK-0000004962/0766e28e-6c57-4109-85ec-151a88d126c2.xls
"Jul 02, 2013",Form 4,Statement of Changes in Beneficial Ownership,https://ir.americanexpress.com/financials/earnings-and-sec-filings/sec-filings-details/default.aspx?FilingId=9383997,https://d18rn0p25nwr6d.cloudfront.net/CIK-0000004962/46aaf09d-f9fe-4462-b896-ff5bbe07f0c7.pdf,https://d18rn0p25nwr6d.cloudfront.net/CIK-0000004962/8227223b-4d5c-497b-9347-41dd49ada279.xls
"Jun 07, 2013",Form 4,Statement of Changes in Beneficial Ownership,https://ir.americanexpress.com/financials/earnings-and-sec-filings/sec-filings-details/default.aspx?FilingId=9343090,https://d18rn0p25nwr6d.cloudfront.net/CIK-0000004962/a1e97d11-810b-4c69-938d-4bc71b8c6b95.pdf,https://d18rn0p25nwr6d.cloudfront.net/CIK-0000004962/68cb5a75-c9d1-436c-840c-b54191d4ab2d.xls
"Jun 04, 2013",Form 4,Statement of Changes in Beneficial Ownership,https://ir.americanexpress.com/financials/earnings-and-sec-filings/sec-filings-details/default.aspx?FilingId=9335950,https://d18rn0p25nwr6d.cloudfront.net/CIK-0000004962/799311ed-33f1-4e02-815e-699ca165d7d5.pdf,https://d18rn0p25nwr6d.cloudfront.net/CIK-0000004962/abf7ab64-abba-4bc2-a67d-89093c68320e.xls
"May 31, 2013",Form 4,Statement of Changes in Beneficial Ownership,https://ir.americanexpress.com/financials/earnings-and-sec-filings/sec-filings-details/default.aspx?FilingId=9330682,https://d18rn0p25nwr6d.cloudfront.net/CIK-0000004962/3105529b-6492-4b8c-b752-21b2a9e2a941.pdf,https://d18rn0p25nwr6d.cloudfront.net/CIK-0000004962/38456fdd-4c32-4b60-b449-3d1b972ef3fb.xls
"May 24, 2013",Form 4,Statement of Changes in Beneficial Ownership,https://ir.americanexpress.com/financials/earnings-and-sec-filings/sec-filings-details/default.aspx?FilingId=9319143,https://d18rn0p25nwr6d.cloudfront.net/CIK-0000004962/dbd8d700-eae3-417e-823b-5cb3f42d75ed.pdf,https://d18rn0p25nwr6d.cloudfront.net/CIK-0000004962/ec8f4db3-4058-4052-b39e-1120aa2c8ec4.xls
"May 23, 2013",Form 4,Statement of Changes in Beneficial Ownership,https://ir.americanexpress.com/financials/earnings-and-sec-filings/sec-filings-details/default.aspx?FilingId=9315945,https://d18rn0p25nwr6d.cloudfront.net/CIK-0000004962/f3b58700-9b59-4cd3-98ed-c515bae35f6c.pdf,https://d18rn0p25nwr6d.cloudfront.net/CIK-0000004962/32278fe4-15f2-4384-9ce5-c7806ccbed5a.xls
"May 09, 2013",Form 4,Statement of Changes in Beneficial Ownership,https://ir.americanexpress.com/financials/earnings-and-sec-filings/sec-filings-details/default.aspx?FilingId=9282625,https://d18rn0p25nwr6d.cloudfront.net/CIK-0000004962/df3a4869-d848-42c8-97d7-26fd19490413.pdf,https://d18rn0p25nwr6d.cloudfront.net/CIK-0000004962/12d6a36c-3f4f-4424-a20d-cc7fec1bdae7.xls
"May 08, 2013",Form 4,Statement of Changes in Beneficial Ownership,https://ir.americanexpress.com/financials/earnings-and-sec-filings/sec-filings-details/default.aspx?FilingId=9277507,https://d18rn0p25nwr6d.cloudfront.net/CIK-0000004962/07c07fdf-c06c-442c-a5d5-dffad0f8fc2f.pdf,https://d18rn0p25nwr6d.cloudfront.net/CIK-0000004962/3eb8d5bc-20b2-4ed0-880b-5f62aab8c4f4.xls
"May 08, 2013",Form 4,Statement of Changes in Beneficial Ownership,https://ir.americanexpress.com/financials/earnings-and-sec-filings/sec-filings-details/default.aspx?FilingId=9277600,https://d18rn0p25nwr6d.cloudfront.net/CIK-0000004962/63a4078a-d63a-4520-89e0-b8524cbdd0fc.pdf,https://d18rn0p25nwr6d.cloudfront.net/CIK-0000004962/2c37fc4c-c60e-4897-bc73-f16b89ef804a.xls
"May 01, 2013",Form 4,Statement of Changes in Beneficial Ownership,https://ir.americanexpress.com/financials/earnings-and-sec-filings/sec-filings-details/default.aspx?FilingId=9258614,https://d18rn0p25nwr6d.cloudfront.net/CIK-0000004962/98daa589-b02b-4db5-856d-3b7e0c33e157.pdf,https://d18rn0p25nwr6d.cloudfront.net/CIK-0000004962/845427f4-d181-40b1-9749-0db7bf928285.xls
"May 01, 2013",Form 4,Statement of Changes in Beneficial Ownership,https://ir.americanexpress.com/financials/earnings-and-sec-filings/sec-filings-details/default.aspx?FilingId=9258657,https://d18rn0p25nwr6d.cloudfront.net/CIK-0000004962/a271e0f3-3ffd-4fd0-8aaf-422d92df496a.pdf,https://d18rn0p25nwr6d.cloudfront.net/CIK-0000004962/79da44d6-a9b4-4c3a-86ef-8fd092ddfe70.xls
"May 01, 2013",Form 4,Statement of Changes in Beneficial Ownership,https://ir.americanexpress.com/financials/earnings-and-sec-filings/sec-filings-details/default.aspx?FilingId=9258944,https://d18rn0p25nwr6d.cloudfront.net/CIK-0000004962/3e1d4d03-333a-4385-a7e0-ee47670be9d8.pdf,https://d18rn0p25nwr6d.cloudfront.net/CIK-0000004962/8923d547-0a75-4a7e-b145-4cd43d585a7d.xls
"May 01, 2013",Form 4,Statement of Changes in Beneficial Ownership,https://ir.americanexpress.com/financials/earnings-and-sec-filings/sec-filings-details/default.aspx?FilingId=9258965,https://d18rn0p25nwr6d.cloudfront.net/CIK-0000004962/b2ac5867-ae0a-4575-9a3c-53ef445ef30d.pdf,https://d18rn0p25nwr6d.cloudfront.net/CIK-0000004962/d64c520b-22d7-4aac-a5c5-cfa6a58766ae.xls
"May 01, 2013",Form 4,Statement of Changes in Beneficial Ownership,https://ir.americanexpress.com/financials/earnings-and-sec-filings/sec-filings-details/default.aspx?FilingId=9259004,https://d18rn0p25nwr6d.cloudfront.net/CIK-0000004962/a48a475b-a47c-4d1e-8680-e715260db4e9.pdf,https://d18rn0p25nwr6d.cloudfront.net/CIK-0000004962/02229c2d-0005-4e96-a723-b2c0f2b24e85.xls
"May 01, 2013",Form 4,Statement of Changes in Beneficial Ownership,https://ir.americanexpress.com/financials/earnings-and-sec-filings/sec-filings-details/default.aspx?FilingId=9259032,https://d18rn0p25nwr6d.cloudfront.net/CIK-0000004962/6c07b3fa-1474-4c06-b9df-ae818a22eea5.pdf,https://d18rn0p25nwr6d.cloudfront.net/CIK-0000004962/04bee303-a392-41ff-93ec-0e7ac7117f6a.xls
"May 01, 2013",Form 4,Statement of Changes in Beneficial Ownership,https://ir.americanexpress.com/financials/earnings-and-sec-filings/sec-filings-details/default.aspx?FilingId=9259064,https://d18rn0p25nwr6d.cloudfront.net/CIK-0000004962/a05dfdc9-8950-45d9-8c48-157f244009e3.pdf,https://d18rn0p25nwr6d.cloudfront.net/CIK-0000004962/01ee4f20-353d-4be1-8355-8b643900c972.xls
"May 01, 2013",Form 4,Statement of Changes in Beneficial Ownership,https://ir.americanexpress.com/financials/earnings-and-sec-filings/sec-filings-details/default.aspx?FilingId=9259096,https://d18rn0p25nwr6d.cloudfront.net/CIK-0000004962/a0a0dae7-39d8-48c7-b192-1e9acdf5511b.pdf,https://d18rn0p25nwr6d.cloudfront.net/CIK-0000004962/1892f300-61b0-46d9-86d4-1520e3d16d08.xls
"May 01, 2013",Form 4,Statement of Changes in Beneficial Ownership,https://ir.americanexpress.com/financials/earnings-and-sec-filings/sec-filings-details/default.aspx?FilingId=9259149,https://d18rn0p25nwr6d.cloudfront.net/CIK-0000004962/2e4595d0-f3d8-4168-8712-9e4dcd8a1986.pdf,https://d18rn0p25nwr6d.cloudfront.net/CIK-0000004962/ec86ed26-ef1b-45d6-9f2f-046b8e9a626e.xls
"May 01, 2013",Form 4,Statement of Changes in Beneficial Ownership,https://ir.americanexpress.com/financials/earnings-and-sec-filings/sec-filings-details/default.aspx?FilingId=9259180,https://d18rn0p25nwr6d.cloudfront.net/CIK-0000004962/c84887cd-978d-4fd7-8146-6610be7269f7.pdf,https://d18rn0p25nwr6d.cloudfront.net/CIK-0000004962/3cf87e42-64f0-4608-8e1f-fc08e1c9c22c.xls
"May 01, 2013",Form 4,Statement of Changes in Beneficial Ownership,https://ir.americanexpress.com/financials/earnings-and-sec-filings/sec-filings-details/default.aspx?FilingId=9259316,https://d18rn0p25nwr6d.cloudfront.net/CIK-0000004962/413dfd48-4ba8-4993-8dfe-f6427d98040a.pdf,https://d18rn0p25nwr6d.cloudfront.net/CIK-0000004962/025d43c9-4eff-41ca-9151-12f9d338dc9a.xls
"May 01, 2013",Form 4,Statement of Changes in Beneficial Ownership,https://ir.americanexpress.com/financials/earnings-and-sec-filings/sec-filings-details/default.aspx?FilingId=9259522,https://d18rn0p25nwr6d.cloudfront.net/CIK-0000004962/0ace7b07-7490-429e-ba7e-4df9b4240386.pdf,https://d18rn0p25nwr6d.cloudfront.net/CIK-0000004962/22315918-6c79-496c-8e6c-821ab9674b8e.xls
"Apr 23, 2013",Form 4,Statement of Changes in Beneficial Ownership,https://ir.americanexpress.com/financials/earnings-and-sec-filings/sec-filings-details/default.aspx?FilingId=9235984,https://d18rn0p25nwr6d.cloudfront.net/CIK-0000004962/79916b98-5155-48db-b16a-7da747687e8c.pdf,https://d18rn0p25nwr6d.cloudfront.net/CIK-0000004962/064b590c-44a7-4c76-8337-764278c08f05.xls
"Apr 22, 2013",Form 4,Statement of Changes in Beneficial Ownership,https://ir.americanexpress.com/financials/earnings-and-sec-filings/sec-filings-details/default.aspx?FilingId=9233786,https://d18rn0p25nwr6d.cloudfront.net/CIK-0000004962/b4396ce9-bb6a-4f23-8ba4-f9c2e2683189.pdf,https://d18rn0p25nwr6d.cloudfront.net/CIK-0000004962/fff4b2ab-e9a3-4df4-b0a1-5c2ee9287225.xls
"Apr 19, 2013",Form 4,Statement of Changes in Beneficial Ownership,https://ir.americanexpress.com/financials/earnings-and-sec-filings/sec-filings-details/default.aspx?FilingId=9232371,https://d18rn0p25nwr6d.cloudfront.net/CIK-0000004962/7a3094c4-27b3-4adc-a936-d4b1f27337cd.pdf,https://d18rn0p25nwr6d.cloudfront.net/CIK-0000004962/c8fbfd48-3eef-41c3-aec0-92ea21e7e563.xls
"Apr 19, 2013",Form 4,Statement of Changes in Beneficial Ownership,https://ir.americanexpress.com/financials/earnings-and-sec-filings/sec-filings-details/default.aspx?FilingId=9232394,https://d18rn0p25nwr6d.cloudfront.net/CIK-0000004962/78a318d9-42c0-43b4-8a31-832c5a09e0c6.pdf,https://d18rn0p25nwr6d.cloudfront.net/CIK-0000004962/9916c442-6ab2-4324-9c8d-ac5af17796fe.xls
"Apr 01, 2013",Form 4,Statement of Changes in Beneficial Ownership,https://ir.americanexpress.com/financials/earnings-and-sec-filings/sec-filings-details/default.aspx?FilingId=9197240,https://d18rn0p25nwr6d.cloudfront.net/CIK-0000004962/178a9754-e130-4658-8474-9a185312ff0e.pdf,https://d18rn0p25nwr6d.cloudfront.net/CIK-0000004962/b693a54a-59b6-43ba-8baa-96c9bfdc3d5a.xls
"Apr 01, 2013",Form 4,Statement of Changes in Beneficial Ownership,https://ir.americanexpress.com/financials/earnings-and-sec-filings/sec-filings-details/default.aspx?FilingId=9197308,https://d18rn0p25nwr6d.cloudfront.net/CIK-0000004962/0e28e9c5-38f9-486f-b97c-08b57c7d37aa.pdf,https://d18rn0p25nwr6d.cloudfront.net/CIK-0000004962/abc4abfc-33d6-491c-b1fc-490a4d6b18d9.xls
"Apr 01, 2013",Form 4,Statement of Changes in Beneficial Ownership,https://ir.americanexpress.com/financials/earnings-and-sec-filings/sec-filings-details/default.aspx?FilingId=9197349,https://d18rn0p25nwr6d.cloudfront.net/CIK-0000004962/857ee65a-86a6-43ae-8da3-0895be92a8ea.pdf,https://d18rn0p25nwr6d.cloudfront.net/CIK-0000004962/c79fecc3-be6e-4b4b-9029-e61a269cd387.xls
"Apr 01, 2013",Form 4,Statement of Changes in Beneficial Ownership,https://ir.americanexpress.com/financials/earnings-and-sec-filings/sec-filings-details/default.aspx?FilingId=9197384,https://d18rn0p25nwr6d.cloudfront.net/CIK-0000004962/5473b38a-259f-40de-b548-593356543c9b.pdf,https://d18rn0p25nwr6d.cloudfront.net/CIK-0000004962/0ae72a2c-74ee-484b-8c49-5b46571cce90.xls
"Apr 01, 2013",Form 4,Statement of Changes in Beneficial Ownership,https://ir.americanexpress.com/financials/earnings-and-sec-filings/sec-filings-details/default.aspx?FilingId=9197530,https://d18rn0p25nwr6d.cloudfront.net/CIK-0000004962/bce747c8-d2cb-46e3-8c21-7a5dabdae279.pdf,https://d18rn0p25nwr6d.cloudfront.net/CIK-0000004962/2a6c7eb5-6dc5-40bc-b62d-873a7c48b172.xls
"Apr 01, 2013",Form 4,Statement of Changes in Beneficial Ownership,https://ir.americanexpress.com/financials/earnings-and-sec-filings/sec-filings-details/default.aspx?FilingId=9197552,https://d18rn0p25nwr6d.cloudfront.net/CIK-0000004962/3b97ebbe-9fe8-41ab-9d25-6f94e3d45717.pdf,https://d18rn0p25nwr6d.cloudfront.net/CIK-0000004962/c8b5bdda-ea7a-43d6-826b-f2fa9a7b892c.xls
"Apr 01, 2013",Form 4,Statement of Changes in Beneficial Ownership,https://ir.americanexpress.com/financials/earnings-and-sec-filings/sec-filings-details/default.aspx?FilingId=9197570,https://d18rn0p25nwr6d.cloudfront.net/CIK-0000004962/26965e0b-2225-4525-99a4-ac86a68c38a9.pdf,https://d18rn0p25nwr6d.cloudfront.net/CIK-0000004962/b9f66d21-17a1-48d5-ac51-d4f89744eba6.xls
"Apr 01, 2013",Form 4,Statement of Changes in Beneficial Ownership,https://ir.americanexpress.com/financials/earnings-and-sec-filings/sec-filings-details/default.aspx?FilingId=9197611,https://d18rn0p25nwr6d.cloudfront.net/CIK-0000004962/ae1b8def-e096-43e7-a7c1-b892443db57a.pdf,https://d18rn0p25nwr6d.cloudfront.net/CIK-0000004962/6b440546-1372-457e-8ebb-c178475302fc.xls
"Mar 05, 2013",Form 4,Statement of Changes in Beneficial Ownership,https://ir.americanexpress.com/financials/earnings-and-sec-filings/sec-filings-details/default.aspx?FilingId=9137751,https://d18rn0p25nwr6d.cloudfront.net/CIK-0000004962/9ec33fee-0f32-48f4-9961-b29f114ddc7a.pdf,https://d18rn0p25nwr6d.cloudfront.net/CIK-0000004962/03972e51-f780-4bfe-be7c-67b417aeb222.xls
"Feb 28, 2013",Form 3,Initial Statement of Beneficial Ownership,https://ir.americanexpress.com/financials/earnings-and-sec-filings/sec-filings-details/default.aspx?FilingId=9125820,https://d18rn0p25nwr6d.cloudfront.net/CIK-0000004962/fa159eaa-a6c1-4b40-9393-02652a8d6f1d.pdf,https://d18rn0p25nwr6d.cloudfront.net/CIK-0000004962/c64fc6f6-7340-4a74-87b8-ecf66afaa249.xls
"Feb 28, 2013",Form 3,Initial Statement of Beneficial Ownership,https://ir.americanexpress.com/financials/earnings-and-sec-filings/sec-filings-details/default.aspx?FilingId=9125826,https://d18rn0p25nwr6d.cloudfront.net/CIK-0000004962/4d838ab7-7bbe-4636-a121-3e02657eaf50.pdf,https://d18rn0p25nwr6d.cloudfront.net/CIK-0000004962/5d26d31f-3616-4d90-a5c0-247e5b7be8a2.xls
"Feb 26, 2013",Form 4,Statement of Changes in Beneficial Ownership,https://ir.americanexpress.com/financials/earnings-and-sec-filings/sec-filings-details/default.aspx?FilingId=9116312,https://d18rn0p25nwr6d.cloudfront.net/CIK-0000004962/fb4704ef-3756-4f12-aa96-1029c2fdf179.pdf,https://d18rn0p25nwr6d.cloudfront.net/CIK-0000004962/6c07d683-b2ad-4e7f-9227-5d3e22cab197.xls
"Feb 25, 2013",Form 4,Statement of Changes in Beneficial Ownership,https://ir.americanexpress.com/financials/earnings-and-sec-filings/sec-filings-details/default.aspx?FilingId=9111387,https://d18rn0p25nwr6d.cloudfront.net/CIK-0000004962/507df3bc-f20a-4b86-b18a-4ab0608005f9.pdf,https://d18rn0p25nwr6d.cloudfront.net/CIK-0000004962/7773628e-1c97-4c14-bfd9-484e5c4a3811.xls
"Feb 21, 2013",Form 5,Annual Statement of Changes in Beneficial Ownership,https://ir.americanexpress.com/financials/earnings-and-sec-filings/sec-filings-details/default.aspx?FilingId=9106648,https://d18rn0p25nwr6d.cloudfront.net/CIK-0000004962/8391edb6-201d-4b9a-8de4-863bc529bd33.pdf,https://d18rn0p25nwr6d.cloudfront.net/CIK-0000004962/d712e646-0410-46c8-98b0-9db1765e4e47.xls
"Feb 11, 2013",Form 4,Statement of Changes in Beneficial Ownership,https://ir.americanexpress.com/financials/earnings-and-sec-filings/sec-filings-details/default.aspx?FilingId=9073391,https://d18rn0p25nwr6d.cloudfront.net/CIK-0000004962/4ef0d4b5-f7b4-4a5d-a6f6-994f0c67f480.pdf,https://d18rn0p25nwr6d.cloudfront.net/CIK-0000004962/f28a9918-ba0b-44ff-a9a5-c84e2fe1b801.xls
"Feb 06, 2013",Form 4,Statement of Changes in Beneficial Ownership,https://ir.americanexpress.com/financials/earnings-and-sec-filings/sec-filings-details/default.aspx?FilingId=9061346,https://d18rn0p25nwr6d.cloudfront.net/CIK-0000004962/a3bcd619-516a-404b-a334-d2129910cdf5.pdf,https://d18rn0p25nwr6d.cloudfront.net/CIK-0000004962/1b9fe991-6834-4a6f-8470-916cdd0f5860.xls
"Feb 06, 2013",Form 4,Statement of Changes in Beneficial Ownership,https://ir.americanexpress.com/financials/earnings-and-sec-filings/sec-filings-details/default.aspx?FilingId=9061355,https://d18rn0p25nwr6d.cloudfront.net/CIK-0000004962/4565f39b-7342-463d-baaf-1ef2caea8121.pdf,https://d18rn0p25nwr6d.cloudfront.net/CIK-0000004962/3972aa0d-92ed-41ab-9ede-d411bd2ff5b2.xls
"Feb 06, 2013",Form 4,Statement of Changes in Beneficial Ownership,https://ir.americanexpress.com/financials/earnings-and-sec-filings/sec-filings-details/default.aspx?FilingId=9061370,https://d18rn0p25nwr6d.cloudfront.net/CIK-0000004962/7d832b3a-6789-441e-b923-4d6301b7be7d.pdf,https://d18rn0p25nwr6d.cloudfront.net/CIK-0000004962/65521aea-8a87-4af3-944e-5fcba6f48bd5.xls
"Jan 30, 2013",Form 4,Statement of Changes in Beneficial Ownership,https://ir.americanexpress.com/financials/earnings-and-sec-filings/sec-filings-details/default.aspx?FilingId=9044536,https://d18rn0p25nwr6d.cloudfront.net/CIK-0000004962/eca3eb68-2319-4084-8247-331b5332cbd1.pdf,https://d18rn0p25nwr6d.cloudfront.net/CIK-0000004962/3343e123-ba67-40e6-9432-e17cc8e922fa.xls
"Jan 30, 2013",Form 4,Statement of Changes in Beneficial Ownership,https://ir.americanexpress.com/financials/earnings-and-sec-filings/sec-filings-details/default.aspx?FilingId=9044564,https://d18rn0p25nwr6d.cloudfront.net/CIK-0000004962/98780d75-8baf-4a0d-a3fd-b48dcc9f8d64.pdf,https://d18rn0p25nwr6d.cloudfront.net/CIK-0000004962/c23bf91b-f936-4ecb-9525-ebe623206d6a.xls
"Jan 30, 2013",Form 4,Statement of Changes in Beneficial Ownership,https://ir.americanexpress.com/financials/earnings-and-sec-filings/sec-filings-details/default.aspx?FilingId=9044640,https://d18rn0p25nwr6d.cloudfront.net/CIK-0000004962/2ac82c41-b44f-45cc-82d7-a3c83e365758.pdf,https://d18rn0p25nwr6d.cloudfront.net/CIK-0000004962/23f41c68-3e32-4b7e-b539-b745c1c58cfd.xls
"Jan 30, 2013",Form 4,Statement of Changes in Beneficial Ownership,https://ir.americanexpress.com/financials/earnings-and-sec-filings/sec-filings-details/default.aspx?FilingId=9044698,https://d18rn0p25nwr6d.cloudfront.net/CIK-0000004962/32f9ea14-027f-404b-8d02-81dccd30a310.pdf,https://d18rn0p25nwr6d.cloudfront.net/CIK-0000004962/c4d0a620-73ee-48b2-963b-bded1bbde9fc.xls
"Jan 30, 2013",Form 4,Statement of Changes in Beneficial Ownership,https://ir.americanexpress.com/financials/earnings-and-sec-filings/sec-filings-details/default.aspx?FilingId=9044701,https://d18rn0p25nwr6d.cloudfront.net/CIK-0000004962/2d67e634-3974-49ec-8db6-f5feaf83039b.pdf,https://d18rn0p25nwr6d.cloudfront.net/CIK-0000004962/dbe79d2f-2b62-489f-bd8b-24fcefa0ffd7.xls
"Jan 30, 2013",Form 4,Statement of Changes in Beneficial Ownership,https://ir.americanexpress.com/financials/earnings-and-sec-filings/sec-filings-details/default.aspx?FilingId=9044706,https://d18rn0p25nwr6d.cloudfront.net/CIK-0000004962/a03620b4-f71a-4cdf-8d0f-6d5f6c1bdfd6.pdf,https://d18rn0p25nwr6d.cloudfront.net/CIK-0000004962/f617c6e4-0b18-43af-8218-044f4e305593.xls
"Jan 30, 2013",Form 4,Statement of Changes in Beneficial Ownership,https://ir.americanexpress.com/financials/earnings-and-sec-filings/sec-filings-details/default.aspx?FilingId=9044712,https://d18rn0p25nwr6d.cloudfront.net/CIK-0000004962/6ef8a624-c1a2-461c-ad95-912009c7ea90.pdf,https://d18rn0p25nwr6d.cloudfront.net/CIK-0000004962/aca89a64-9071-4a71-8d1b-f8392f191916.xls
"Jan 30, 2013",Form 4,Statement of Changes in Beneficial Ownership,https://ir.americanexpress.com/financials/earnings-and-sec-filings/sec-filings-details/default.aspx?FilingId=9044717,https://d18rn0p25nwr6d.cloudfront.net/CIK-0000004962/3a51cdd7-ddc0-41ff-bb95-c06eca7ec8f6.pdf,https://d18rn0p25nwr6d.cloudfront.net/CIK-0000004962/f08848a5-884d-4d3d-835d-ce3c4fd2157e.xls
"Jan 30, 2013",Form 4,Statement of Changes in Beneficial Ownership,https://ir.americanexpress.com/financials/earnings-and-sec-filings/sec-filings-details/default.aspx?FilingId=9044724,https://d18rn0p25nwr6d.cloudfront.net/CIK-0000004962/90a13b8f-837d-41de-ab04-00848dd1a0fb.pdf,https://d18rn0p25nwr6d.cloudfront.net/CIK-0000004962/3b35b326-e7fd-4dbe-843b-3e0f1d3f28d5.xls
"Jan 30, 2013",Form 4,Statement of Changes in Beneficial Ownership,https://ir.americanexpress.com/financials/earnings-and-sec-filings/sec-filings-details/default.aspx?FilingId=9044742,https://d18rn0p25nwr6d.cloudfront.net/CIK-0000004962/3d471710-f41a-43c7-8ea0-9cdbf33185dd.pdf,https://d18rn0p25nwr6d.cloudfront.net/CIK-0000004962/e538b41b-d540-4fcb-8407-1561d65ef2e5.xls
"Jan 30, 2013",Form 4,Statement of Changes in Beneficial Ownership,https://ir.americanexpress.com/financials/earnings-and-sec-filings/sec-filings-details/default.aspx?FilingId=9044745,https://d18rn0p25nwr6d.cloudfront.net/CIK-0000004962/367b5353-16c9-4714-b63f-6088ef204111.pdf,https://d18rn0p25nwr6d.cloudfront.net/CIK-0000004962/ce34ed12-fa5b-4ce8-b376-7a07592f5ffe.xls
"Jan 30, 2013",Form 4,Statement of Changes in Beneficial Ownership,https://ir.americanexpress.com/financials/earnings-and-sec-filings/sec-filings-details/default.aspx?FilingId=9044771,https://d18rn0p25nwr6d.cloudfront.net/CIK-0000004962/e2e04e8a-acef-45be-8298-528be1ca7116.pdf,https://d18rn0p25nwr6d.cloudfront.net/CIK-0000004962/188c484e-420f-4fa2-919d-a92c2b9fb512.xls
"Jan 30, 2013",Form 4,Statement of Changes in Beneficial Ownership,https://ir.americanexpress.com/financials/earnings-and-sec-filings/sec-filings-details/default.aspx?FilingId=9044781,https://d18rn0p25nwr6d.cloudfront.net/CIK-0000004962/62265a24-6045-4c6c-a765-757e752c14cc.pdf,https://d18rn0p25nwr6d.cloudfront.net/CIK-0000004962/0020cabe-9680-44b2-93aa-7e3e52220455.xls
"Jan 29, 2013",Form 4,Statement of Changes in Beneficial Ownership,https://ir.americanexpress.com/financials/earnings-and-sec-filings/sec-filings-details/default.aspx?FilingId=9040558,https://d18rn0p25nwr6d.cloudfront.net/CIK-0000004962/f09358f2-bf50-458c-8e95-59064479c4ab.pdf,https://d18rn0p25nwr6d.cloudfront.net/CIK-0000004962/d342fe8c-f7d9-4a7d-8ec7-eae89b812113.xls
"Jan 29, 2013",Form 4,Statement of Changes in Beneficial Ownership,https://ir.americanexpress.com/financials/earnings-and-sec-filings/sec-filings-details/default.aspx?FilingId=9040652,https://d18rn0p25nwr6d.cloudfront.net/CIK-0000004962/2500f8f8-6595-4561-8600-3d01548a730e.pdf,https://d18rn0p25nwr6d.cloudfront.net/CIK-0000004962/66428fb7-69e2-4b62-9157-700425aaea17.xls
"Jan 29, 2013",Form 4,Statement of Changes in Beneficial Ownership,https://ir.americanexpress.com/financials/earnings-and-sec-filings/sec-filings-details/default.aspx?FilingId=9040833,https://d18rn0p25nwr6d.cloudfront.net/CIK-0000004962/070f537e-7418-409a-b3ca-8a7dc852f6c0.pdf,https://d18rn0p25nwr6d.cloudfront.net/CIK-0000004962/97304a13-4273-4e10-aac6-668964b32128.xls
"Jan 28, 2013",Form 4,Statement of Changes in Beneficial Ownership,https://ir.americanexpress.com/financials/earnings-and-sec-filings/sec-filings-details/default.aspx?FilingId=9036762,https://d18rn0p25nwr6d.cloudfront.net/CIK-0000004962/91e5eb69-fc4b-4d02-bdee-e8e243d5a281.pdf,https://d18rn0p25nwr6d.cloudfront.net/CIK-0000004962/dfee3062-a794-4876-be5b-d0a38f567cf9.xls
"Jan 28, 2013",Form 4,Statement of Changes in Beneficial Ownership,https://ir.americanexpress.com/financials/earnings-and-sec-filings/sec-filings-details/default.aspx?FilingId=9036870,https://d18rn0p25nwr6d.cloudfront.net/CIK-0000004962/99d3dd97-c392-4e76-80bb-03292a97f84e.pdf,https://d18rn0p25nwr6d.cloudfront.net/CIK-0000004962/f3d0000d-37d3-42f6-bf2a-b958ddf5ec72.xls
"Jan 28, 2013",Form 4,Statement of Changes in Beneficial Ownership,https://ir.americanexpress.com/financials/earnings-and-sec-filings/sec-filings-details/default.aspx?FilingId=9037041,https://d18rn0p25nwr6d.cloudfront.net/CIK-0000004962/87098c06-fb74-4039-bb7c-66df499086d1.pdf,https://d18rn0p25nwr6d.cloudfront.net/CIK-0000004962/e0a02d59-f06f-4d4a-81d9-78647e872c13.xls
"Jan 25, 2013",Form 4,Statement of Changes in Beneficial Ownership,https://ir.americanexpress.com/financials/earnings-and-sec-filings/sec-filings-details/default.aspx?FilingId=9034315,https://d18rn0p25nwr6d.cloudfront.net/CIK-0000004962/e07c4585-bca3-4eba-844e-bc604e05fa6b.pdf,https://d18rn0p25nwr6d.cloudfront.net/CIK-0000004962/e44e4e29-8a8d-4b60-acbf-ce41128b5afd.xls
"Jan 25, 2013",Form 4,Statement of Changes in Beneficial Ownership,https://ir.americanexpress.com/financials/earnings-and-sec-filings/sec-filings-details/default.aspx?FilingId=9034420,https://d18rn0p25nwr6d.cloudfront.net/CIK-0000004962/8e0e67c7-46e5-471c-87fd-d905308a6b67.pdf,https://d18rn0p25nwr6d.cloudfront.net/CIK-0000004962/d2789181-6706-44f8-867a-d449cab20672.xls
"Jan 24, 2013",Form 4,Statement of Changes in Beneficial Ownership,https://ir.americanexpress.com/financials/earnings-and-sec-filings/sec-filings-details/default.aspx?FilingId=9031644,https://d18rn0p25nwr6d.cloudfront.net/CIK-0000004962/d56910fb-2f84-4169-b014-3372db2507f7.pdf,https://d18rn0p25nwr6d.cloudfront.net/CIK-0000004962/1e852065-c175-40c3-ae09-51725d14ac6a.xls
"Jan 24, 2013",Form 4,Statement of Changes in Beneficial Ownership,https://ir.americanexpress.com/financials/earnings-and-sec-filings/sec-filings-details/default.aspx?FilingId=9031894,https://d18rn0p25nwr6d.cloudfront.net/CIK-0000004962/f8176007-dc20-4853-ad1a-71be17c4453f.pdf,https://d18rn0p25nwr6d.cloudfront.net/CIK-0000004962/b532ef63-8171-41c8-9e05-24027f309691.xls
"Jan 23, 2013",Form 4,Statement of Changes in Beneficial Ownership,https://ir.americanexpress.com/financials/earnings-and-sec-filings/sec-filings-details/default.aspx?FilingId=9029535,https://d18rn0p25nwr6d.cloudfront.net/CIK-0000004962/7c196a2c-2210-4126-b5c7-76aa3d9dc007.pdf,https://d18rn0p25nwr6d.cloudfront.net/CIK-0000004962/b78e9300-908d-41be-a0d1-4e6c98d7f1f1.xls
"Jan 23, 2013",Form 4,Statement of Changes in Beneficial Ownership,https://ir.americanexpress.com/financials/earnings-and-sec-filings/sec-filings-details/default.aspx?FilingId=9029645,https://d18rn0p25nwr6d.cloudfront.net/CIK-0000004962/1afd4fb0-b42b-467d-997c-4775b79d43bd.pdf,https://d18rn0p25nwr6d.cloudfront.net/CIK-0000004962/a9f136f3-ea96-4c4c-9295-48d2ec30b3cc.xls
"Jan 03, 2013",Form 4,Statement of Changes in Beneficial Ownership,https://ir.americanexpress.com/financials/earnings-and-sec-filings/sec-filings-details/default.aspx?FilingId=8998947,https://d18rn0p25nwr6d.cloudfront.net/CIK-0000004962/5d1f63c9-e42d-4be0-85bc-6f9f6fdd495b.pdf,https://d18rn0p25nwr6d.cloudfront.net/CIK-0000004962/86e8773e-d508-4b62-bea2-4d859536dd2f.xls
"Jan 03, 2013",Form 4,Statement of Changes in Beneficial Ownership,https://ir.americanexpress.com/financials/earnings-and-sec-filings/sec-filings-details/default.aspx?FilingId=8998988,https://d18rn0p25nwr6d.cloudfront.net/CIK-0000004962/b6b703a5-ea72-4206-9d69-aa0e6bd631b7.pdf,https://d18rn0p25nwr6d.cloudfront.net/CIK-0000004962/ddfeec91-3e07-4fc0-8582-e99c4bd813a0.xls
"Jan 03, 2013",Form 4,Statement of Changes in Beneficial Ownership,https://ir.americanexpress.com/financials/earnings-and-sec-filings/sec-filings-details/default.aspx?FilingId=8999022,https://d18rn0p25nwr6d.cloudfront.net/CIK-0000004962/6597a010-b6db-4e7a-879a-92fb4014897b.pdf,https://d18rn0p25nwr6d.cloudfront.net/CIK-0000004962/aad4ef9e-76a3-42a3-8995-6cb48bd00713.xls
"Jan 03, 2013",Form 4,Statement of Changes in Beneficial Ownership,https://ir.americanexpress.com/financials/earnings-and-sec-filings/sec-filings-details/default.aspx?FilingId=8999051,https://d18rn0p25nwr6d.cloudfront.net/CIK-0000004962/1b5ef107-c1b0-4164-9282-b9a9be9f2df0.pdf,https://d18rn0p25nwr6d.cloudfront.net/CIK-0000004962/9ba439b9-6081-41e3-990a-245619545c58.xls
"Jan 03, 2013",Form 4,Statement of Changes in Beneficial Ownership,https://ir.americanexpress.com/financials/earnings-and-sec-filings/sec-filings-details/default.aspx?FilingId=8999066,https://d18rn0p25nwr6d.cloudfront.net/CIK-0000004962/61881242-e3d5-4a63-bca0-89cd49cb7d77.pdf,https://d18rn0p25nwr6d.cloudfront.net/CIK-0000004962/7357809a-8151-4aef-b6ac-26e74404e8ba.xls
"Jan 03, 2013",Form 4,Statement of Changes in Beneficial Ownership,https://ir.americanexpress.com/financials/earnings-and-sec-filings/sec-filings-details/default.aspx?FilingId=8999091,https://d18rn0p25nwr6d.cloudfront.net/CIK-0000004962/2507b64f-9f34-4419-9de0-1e30707bfc5f.pdf,https://d18rn0p25nwr6d.cloudfront.net/CIK-0000004962/4369b4ef-1ee8-41c6-a887-34b2b62f8237.xls
"Nov 21, 2012",Form 4,Statement of Changes in Beneficial Ownership,https://ir.americanexpress.com/financials/earnings-and-sec-filings/sec-filings-details/default.aspx?FilingId=8932408,https://d18rn0p25nwr6d.cloudfront.net/CIK-0000004962/cbab4dcd-219a-4be5-9080-b2109455c2a5.pdf,https://d18rn0p25nwr6d.cloudfront.net/CIK-0000004962/4625e5ed-d726-43a2-b8c8-b2585c243fdf.xls
"Nov 20, 2012",Form 4,Statement of Changes in Beneficial Ownership,https://ir.americanexpress.com/financials/earnings-and-sec-filings/sec-filings-details/default.aspx?FilingId=8929076,https://d18rn0p25nwr6d.cloudfront.net/CIK-0000004962/dc303112-26fa-45aa-b4a5-b102f92df552.pdf,https://d18rn0p25nwr6d.cloudfront.net/CIK-0000004962/7e307ff1-731d-4698-86a2-1b6ea520a88b.xls
"Nov 08, 2012",Form 4,Statement of Changes in Beneficial Ownership,https://ir.americanexpress.com/financials/earnings-and-sec-filings/sec-filings-details/default.aspx?FilingId=8904187,https://d18rn0p25nwr6d.cloudfront.net/CIK-0000004962/874c0fcd-51e6-4628-ac9a-2abe1a4a8821.pdf,https://d18rn0p25nwr6d.cloudfront.net/CIK-0000004962/e90e148f-06dc-4e92-9cd8-f8c5e946388e.xls
"Nov 02, 2012",Form 4,Statement of Changes in Beneficial Ownership,https://ir.americanexpress.com/financials/earnings-and-sec-filings/sec-filings-details/default.aspx?FilingId=8893216,https://d18rn0p25nwr6d.cloudfront.net/CIK-0000004962/4fcc14b8-d212-4818-93c5-16699ec59e91.pdf,https://d18rn0p25nwr6d.cloudfront.net/CIK-0000004962/5f547f0a-bbba-444e-af88-65dbb4a873d0.xls
"Nov 01, 2012",Form 4,Statement of Changes in Beneficial Ownership,https://ir.americanexpress.com/financials/earnings-and-sec-filings/sec-filings-details/default.aspx?FilingId=8889944,https://d18rn0p25nwr6d.cloudfront.net/CIK-0000004962/84b7e853-7ad8-485d-8836-5da8b45ef942.pdf,https://d18rn0p25nwr6d.cloudfront.net/CIK-0000004962/684ec8a9-2535-42b2-94da-543fea527ce4.xls
"Nov 01, 2012",Form 4,Statement of Changes in Beneficial Ownership,https://ir.americanexpress.com/financials/earnings-and-sec-filings/sec-filings-details/default.aspx?FilingId=8889989,https://d18rn0p25nwr6d.cloudfront.net/CIK-0000004962/99369e8c-86fb-4ced-954b-227c0b83d964.pdf,https://d18rn0p25nwr6d.cloudfront.net/CIK-0000004962/7a3e3406-d7ea-4495-8078-a9e7279fa24d.xls
"Nov 01, 2012",Form 4,Statement of Changes in Beneficial Ownership,https://ir.americanexpress.com/financials/earnings-and-sec-filings/sec-filings-details/default.aspx?FilingId=8890200,https://d18rn0p25nwr6d.cloudfront.net/CIK-0000004962/131e0ebf-4fc0-40ac-9280-eb5315abe31c.pdf,https://d18rn0p25nwr6d.cloudfront.net/CIK-0000004962/b5ced5fa-d48e-40e8-bc07-2879b36be8db.xls
"Nov 01, 2012",Form 4,Statement of Changes in Beneficial Ownership,https://ir.americanexpress.com/financials/earnings-and-sec-filings/sec-filings-details/default.aspx?FilingId=8891104,https://d18rn0p25nwr6d.cloudfront.net/CIK-0000004962/80f5c34d-9278-474a-9f62-f796d0f3146b.pdf,https://d18rn0p25nwr6d.cloudfront.net/CIK-0000004962/83a5bd4b-ac7a-496b-bd70-9654b7f54b3a.xls
"Oct 01, 2012",Form 4,Statement of Changes in Beneficial Ownership,https://ir.americanexpress.com/financials/earnings-and-sec-filings/sec-filings-details/default.aspx?FilingId=8846046,https://d18rn0p25nwr6d.cloudfront.net/CIK-0000004962/e0b149b3-8983-4922-b7f5-38debe71a31f.pdf,https://d18rn0p25nwr6d.cloudfront.net/CIK-0000004962/0f504475-072d-43d3-be36-89fc3bae9120.xls
"Oct 01, 2012",Form 4,Statement of Changes in Beneficial Ownership,https://ir.americanexpress.com/financials/earnings-and-sec-filings/sec-filings-details/default.aspx?FilingId=8846116,https://d18rn0p25nwr6d.cloudfront.net/CIK-0000004962/87c55c4a-4957-4a24-bcdd-ea95322f6866.pdf,https://d18rn0p25nwr6d.cloudfront.net/CIK-0000004962/91b4edaf-2827-48ed-810f-041606667770.xls
"Oct 01, 2012",Form 4,Statement of Changes in Beneficial Ownership,https://ir.americanexpress.com/financials/earnings-and-sec-filings/sec-filings-details/default.aspx?FilingId=8846183,https://d18rn0p25nwr6d.cloudfront.net/CIK-0000004962/6c315df0-222c-4efc-a529-f4922438da41.pdf,https://d18rn0p25nwr6d.cloudfront.net/CIK-0000004962/bcaf09af-04b8-4e84-9240-ea0b43450969.xls
"Oct 01, 2012",Form 4,Statement of Changes in Beneficial Ownership,https://ir.americanexpress.com/financials/earnings-and-sec-filings/sec-filings-details/default.aspx?FilingId=8846223,,
"Oct 01, 2012",Form 4,Statement of Changes in Beneficial Ownership,https://ir.americanexpress.com/financials/earnings-and-sec-filings/sec-filings-details/default.aspx?FilingId=8846226,,
"Oct 01, 2012",Form 4,Statement of Changes in Beneficial Ownership,https://ir.americanexpress.com/financials/earnings-and-sec-filings/sec-filings-details/default.aspx?FilingId=8846316,https://d18rn0p25nwr6d.cloudfront.net/CIK-0000004962/96984a30-20a6-4617-a814-1cf05cc22974.pdf,https://d18rn0p25nwr6d.cloudfront.net/CIK-0000004962/51b75b6f-ba34-495d-98e8-722391353445.xls
"Sep 13, 2012",Form 3,Initial Statement of Beneficial Ownership,https://ir.americanexpress.com/financials/earnings-and-sec-filings/sec-filings-details/default.aspx?FilingId=8820722,https://d18rn0p25nwr6d.cloudfront.net/CIK-0000004962/35e6d868-4e81-430c-8210-ba8279a6dd39.pdf,https://d18rn0p25nwr6d.cloudfront.net/CIK-0000004962/482fe8db-df6d-4e72-a059-36cc2e8d162e.xls
"Sep 05, 2012",Form 4,Statement of Changes in Beneficial Ownership,https://ir.americanexpress.com/financials/earnings-and-sec-filings/sec-filings-details/default.aspx?FilingId=8808989,https://d18rn0p25nwr6d.cloudfront.net/CIK-0000004962/b07d0f08-8e0f-4732-b7c7-e27498ed3013.pdf,https://d18rn0p25nwr6d.cloudfront.net/CIK-0000004962/bb030fae-6513-44ec-8c97-c2dff8e3383e.xls
"Aug 02, 2012",Form 4,Statement of Changes in Beneficial Ownership,https://ir.americanexpress.com/financials/earnings-and-sec-filings/sec-filings-details/default.aspx?FilingId=8747532,https://d18rn0p25nwr6d.cloudfront.net/CIK-0000004962/9fadcad9-a109-44c5-989d-cc2c5baac122.pdf,https://d18rn0p25nwr6d.cloudfront.net/CIK-0000004962/e5af5589-cbff-482f-9b26-b67c38c1e58d.xls
"Jul 31, 2012",Form 4,Statement of Changes in Beneficial Ownership,https://ir.americanexpress.com/financials/earnings-and-sec-filings/sec-filings-details/default.aspx?FilingId=8742858,https://d18rn0p25nwr6d.cloudfront.net/CIK-0000004962/17480d0f-1b79-4684-b8fe-6ac0b5591bb3.pdf,https://d18rn0p25nwr6d.cloudfront.net/CIK-0000004962/e00bcc82-ee38-4e4c-96aa-8a3af0c3daef.xls
"Jul 25, 2012",Form 3,Initial Statement of Beneficial Ownership,https://ir.americanexpress.com/financials/earnings-and-sec-filings/sec-filings-details/default.aspx?FilingId=8730160,https://d18rn0p25nwr6d.cloudfront.net/CIK-0000004962/7a46baed-c490-4890-af35-66d18455a131.pdf,https://d18rn0p25nwr6d.cloudfront.net/CIK-0000004962/ecba1501-0845-4bd8-aef2-08b53646074e.xls
"Jul 03, 2012",Form 4,Statement of Changes in Beneficial Ownership,https://ir.americanexpress.com/financials/earnings-and-sec-filings/sec-filings-details/default.aspx?FilingId=8701242,https://d18rn0p25nwr6d.cloudfront.net/CIK-0000004962/0e73b918-4a70-4b15-9bf5-0b2470c6993b.pdf,https://d18rn0p25nwr6d.cloudfront.net/CIK-0000004962/87d504a3-a712-4d73-a5f3-9fdcf5877ea1.xls
"Jul 03, 2012",Form 4,Statement of Changes in Beneficial Ownership,https://ir.americanexpress.com/financials/earnings-and-sec-filings/sec-filings-details/default.aspx?FilingId=8701253,https://d18rn0p25nwr6d.cloudfront.net/CIK-0000004962/1f1dd316-28f7-40de-9632-b2867a4d3582.pdf,https://d18rn0p25nwr6d.cloudfront.net/CIK-0000004962/7f5e4825-4d5d-40fb-822e-3b6b00042f10.xls
"Jul 03, 2012",Form 4,Statement of Changes in Beneficial Ownership,https://ir.americanexpress.com/financials/earnings-and-sec-filings/sec-filings-details/default.aspx?FilingId=8701255,https://d18rn0p25nwr6d.cloudfront.net/CIK-0000004962/503e9365-33a8-4220-bab6-aa214a7d0a71.pdf,https://d18rn0p25nwr6d.cloudfront.net/CIK-0000004962/856d8e28-e1de-43cb-8c03-d15f04897852.xls
"Jul 03, 2012",Form 4,Statement of Changes in Beneficial Ownership,https://ir.americanexpress.com/financials/earnings-and-sec-filings/sec-filings-details/default.aspx?FilingId=8701257,https://d18rn0p25nwr6d.cloudfront.net/CIK-0000004962/54745404-dd3b-4c19-9f3b-83ffecf57fe4.pdf,https://d18rn0p25nwr6d.cloudfront.net/CIK-0000004962/306bd77f-d8ac-404d-8bf9-c79401390a36.xls
"Jul 03, 2012",Form 4,Statement of Changes in Beneficial Ownership,https://ir.americanexpress.com/financials/earnings-and-sec-filings/sec-filings-details/default.aspx?FilingId=8701258,https://d18rn0p25nwr6d.cloudfront.net/CIK-0000004962/efba4a4d-d330-4440-b1a6-2fb688ae52f7.pdf,https://d18rn0p25nwr6d.cloudfront.net/CIK-0000004962/6bac4352-a207-47be-b3f1-4ba9d800298c.xls
"Jun 15, 2012",Form 4,Statement of Changes in Beneficial Ownership,https://ir.americanexpress.com/financials/earnings-and-sec-filings/sec-filings-details/default.aspx?FilingId=8675416,https://d18rn0p25nwr6d.cloudfront.net/CIK-0000004962/26b392c3-d8f5-4263-a32c-d2138111b75f.pdf,https://d18rn0p25nwr6d.cloudfront.net/CIK-0000004962/19240a3a-71d5-4145-8431-1c6a3cd2e133.xls
"May 18, 2012",Form 4,Statement of Changes in Beneficial Ownership,https://ir.americanexpress.com/financials/earnings-and-sec-filings/sec-filings-details/default.aspx?FilingId=8629314,https://d18rn0p25nwr6d.cloudfront.net/CIK-0000004962/f677e499-a2cb-4270-a5ae-d7d2d184a74d.pdf,https://d18rn0p25nwr6d.cloudfront.net/CIK-0000004962/08a0888d-90fb-4b77-aa18-cb71fc522f02.xls
"May 11, 2012",Form 4,Statement of Changes in Beneficial Ownership,https://ir.americanexpress.com/financials/earnings-and-sec-filings/sec-filings-details/default.aspx?FilingId=8609230,https://d18rn0p25nwr6d.cloudfront.net/CIK-0000004962/217ea22e-5d66-4708-85b2-5ff8b3e9b3e4.pdf,https://d18rn0p25nwr6d.cloudfront.net/CIK-0000004962/92e52edc-f471-4720-a6a7-0b5e14e3ab56.xls
"May 11, 2012",Form 4,Statement of Changes in Beneficial Ownership,https://ir.americanexpress.com/financials/earnings-and-sec-filings/sec-filings-details/default.aspx?FilingId=8609251,https://d18rn0p25nwr6d.cloudfront.net/CIK-0000004962/be03c9ef-7e6a-4384-a214-6e932f86c97d.pdf,https://d18rn0p25nwr6d.cloudfront.net/CIK-0000004962/a884c944-cccb-4aa5-bcfb-ca005057ac99.xls
"May 11, 2012",Form 4,Statement of Changes in Beneficial Ownership,https://ir.americanexpress.com/financials/earnings-and-sec-filings/sec-filings-details/default.aspx?FilingId=8609262,https://d18rn0p25nwr6d.cloudfront.net/CIK-0000004962/15b42bfa-02dc-4bd0-9c1d-567f7d427c5f.pdf,https://d18rn0p25nwr6d.cloudfront.net/CIK-0000004962/0a613066-9e5c-46af-8332-4b55dca7adb2.xls
"May 11, 2012",Form 4,Statement of Changes in Beneficial Ownership,https://ir.americanexpress.com/financials/earnings-and-sec-filings/sec-filings-details/default.aspx?FilingId=8609282,https://d18rn0p25nwr6d.cloudfront.net/CIK-0000004962/b3dc15ab-6906-4cca-ae9b-a8bbf9437d47.pdf,https://d18rn0p25nwr6d.cloudfront.net/CIK-0000004962/86331099-4a72-4701-ba9c-86b02a543871.xls
"May 11, 2012",Form 4,Statement of Changes in Beneficial Ownership,https://ir.americanexpress.com/financials/earnings-and-sec-filings/sec-filings-details/default.aspx?FilingId=8609302,https://d18rn0p25nwr6d.cloudfront.net/CIK-0000004962/3dac80cd-f880-40f2-882b-d36475ad9002.pdf,https://d18rn0p25nwr6d.cloudfront.net/CIK-0000004962/16927b4c-ff56-4ab1-9462-8c5f2553ce7a.xls
"May 11, 2012",Form 4,Statement of Changes in Beneficial Ownership,https://ir.americanexpress.com/financials/earnings-and-sec-filings/sec-filings-details/default.aspx?FilingId=8609311,https://d18rn0p25nwr6d.cloudfront.net/CIK-0000004962/dfb5f0d3-70d8-4ee0-8635-a2636b4b6296.pdf,https://d18rn0p25nwr6d.cloudfront.net/CIK-0000004962/c7e517a9-78d3-4052-a731-17f1a3c26f44.xls
"May 11, 2012",Form 4,Statement of Changes in Beneficial Ownership,https://ir.americanexpress.com/financials/earnings-and-sec-filings/sec-filings-details/default.aspx?FilingId=8609318,https://d18rn0p25nwr6d.cloudfront.net/CIK-0000004962/3a373465-c896-4a9f-8a46-d80bac409a51.pdf,https://d18rn0p25nwr6d.cloudfront.net/CIK-0000004962/566ef466-50a5-43c2-a25b-c49eb195c725.xls
"May 11, 2012",Form 4,Statement of Changes in Beneficial Ownership,https://ir.americanexpress.com/financials/earnings-and-sec-filings/sec-filings-details/default.aspx?FilingId=8609331,https://d18rn0p25nwr6d.cloudfront.net/CIK-0000004962/e1956ee1-a1b4-433a-ba1f-cab5ed64b3fd.pdf,https://d18rn0p25nwr6d.cloudfront.net/CIK-0000004962/acfa9d76-a699-456a-80cd-9d8891dd234e.xls
"May 11, 2012",Form 4,Statement of Changes in Beneficial Ownership,https://ir.americanexpress.com/financials/earnings-and-sec-filings/sec-filings-details/default.aspx?FilingId=8609347,https://d18rn0p25nwr6d.cloudfront.net/CIK-0000004962/cc8440ee-17fe-41bb-92ff-4c8e191f96da.pdf,https://d18rn0p25nwr6d.cloudfront.net/CIK-0000004962/81babdd6-8d3a-4161-b66d-a6e98ca79de7.xls
"May 11, 2012",Form 4,Statement of Changes in Beneficial Ownership,https://ir.americanexpress.com/financials/earnings-and-sec-filings/sec-filings-details/default.aspx?FilingId=8609370,https://d18rn0p25nwr6d.cloudfront.net/CIK-0000004962/edbc4ba5-2b44-4cb6-bc7f-619de8f66b9b.pdf,https://d18rn0p25nwr6d.cloudfront.net/CIK-0000004962/766d07f6-39e8-41a6-89c3-85400deb67be.xls
"May 11, 2012",Form 4,Statement of Changes in Beneficial Ownership,https://ir.americanexpress.com/financials/earnings-and-sec-filings/sec-filings-details/default.aspx?FilingId=8609408,https://d18rn0p25nwr6d.cloudfront.net/CIK-0000004962/5c937f64-98c8-4112-8242-1d110ccd1944.pdf,https://d18rn0p25nwr6d.cloudfront.net/CIK-0000004962/ab95bdf8-baa7-4c1e-8d53-b85a975961a3.xls
"May 07, 2012",Form 4,Statement of Changes in Beneficial Ownership,https://ir.americanexpress.com/financials/earnings-and-sec-filings/sec-filings-details/default.aspx?FilingId=8595031,https://d18rn0p25nwr6d.cloudfront.net/CIK-0000004962/dfdb51d2-262d-4d4f-a24f-36f90d8ff974.pdf,https://d18rn0p25nwr6d.cloudfront.net/CIK-0000004962/772e2b43-694b-4591-b5f6-268e3892b8f6.xls
"May 04, 2012",Form 4,Statement of Changes in Beneficial Ownership,https://ir.americanexpress.com/financials/earnings-and-sec-filings/sec-filings-details/default.aspx?FilingId=8591856,https://d18rn0p25nwr6d.cloudfront.net/CIK-0000004962/ce243055-5166-4d58-8d8a-be0b890e7afe.pdf,https://d18rn0p25nwr6d.cloudfront.net/CIK-0000004962/dea0284f-8163-4049-9cab-14768c15baf4.xls
"May 04, 2012",Form 4,Statement of Changes in Beneficial Ownership,https://ir.americanexpress.com/financials/earnings-and-sec-filings/sec-filings-details/default.aspx?FilingId=8592034,https://d18rn0p25nwr6d.cloudfront.net/CIK-0000004962/9f424d3f-3915-42da-9016-92bdc50ac124.pdf,https://d18rn0p25nwr6d.cloudfront.net/CIK-0000004962/0b0cfd90-3c89-445f-8341-08b8d01905eb.xls
"May 03, 2012",Form 4,Statement of Changes in Beneficial Ownership,https://ir.americanexpress.com/financials/earnings-and-sec-filings/sec-filings-details/default.aspx?FilingId=8587625,https://d18rn0p25nwr6d.cloudfront.net/CIK-0000004962/c4e15551-2565-4fe0-8001-41a732ed5ba0.pdf,https://d18rn0p25nwr6d.cloudfront.net/CIK-0000004962/7b44d836-0878-4a4d-9603-fdf73b864feb.xls
"Apr 03, 2012",Form 4,Statement of Changes in Beneficial Ownership,https://ir.americanexpress.com/financials/earnings-and-sec-filings/sec-filings-details/default.aspx?FilingId=8524618,https://d18rn0p25nwr6d.cloudfront.net/CIK-0000004962/11a4d141-30e8-4e18-bbb4-4c18aabd777d.pdf,https://d18rn0p25nwr6d.cloudfront.net/CIK-0000004962/6a6938ac-1fe6-4ab7-85e9-6d6764e23839.xls
"Apr 03, 2012",Form 4,Statement of Changes in Beneficial Ownership,https://ir.americanexpress.com/financials/earnings-and-sec-filings/sec-filings-details/default.aspx?FilingId=8524665,https://d18rn0p25nwr6d.cloudfront.net/CIK-0000004962/c2468f8f-54d6-4f01-bb4a-f0a5fdba5cee.pdf,https://d18rn0p25nwr6d.cloudfront.net/CIK-0000004962/b548da2a-be1b-46b1-8941-8e9d7fb042b0.xls
"Apr 03, 2012",Form 4,Statement of Changes in Beneficial Ownership,https://ir.americanexpress.com/financials/earnings-and-sec-filings/sec-filings-details/default.aspx?FilingId=8524695,https://d18rn0p25nwr6d.cloudfront.net/CIK-0000004962/17cee503-bc67-4e9f-8425-444f5ee8983d.pdf,https://d18rn0p25nwr6d.cloudfront.net/CIK-0000004962/ddc6410a-6a94-4380-b785-91a64ecd5c23.xls
"Apr 03, 2012",Form 4,Statement of Changes in Beneficial Ownership,https://ir.americanexpress.com/financials/earnings-and-sec-filings/sec-filings-details/default.aspx?FilingId=8524727,https://d18rn0p25nwr6d.cloudfront.net/CIK-0000004962/d082da21-f343-43c8-8583-5b82c1e62813.pdf,https://d18rn0p25nwr6d.cloudfront.net/CIK-0000004962/1091debd-7e6a-4dfa-9809-2a8f20aa2b82.xls
"Apr 03, 2012",Form 4,Statement of Changes in Beneficial Ownership,https://ir.americanexpress.com/financials/earnings-and-sec-filings/sec-filings-details/default.aspx?FilingId=8524754,https://d18rn0p25nwr6d.cloudfront.net/CIK-0000004962/c165d49d-b52c-4dd7-95eb-29190da97000.pdf,https://d18rn0p25nwr6d.cloudfront.net/CIK-0000004962/5a950c75-4c49-46ea-9a26-a69d9c191614.xls
"Mar 09, 2012",Form 4,Statement of Changes in Beneficial Ownership,https://ir.americanexpress.com/financials/earnings-and-sec-filings/sec-filings-details/default.aspx?FilingId=8474937,https://d18rn0p25nwr6d.cloudfront.net/CIK-0000004962/fa1fa33b-78d0-4a5e-9e2b-ffc6f755e013.pdf,https://d18rn0p25nwr6d.cloudfront.net/CIK-0000004962/7947cc18-b9dc-4367-83b7-83f7e6573682.xls
"Mar 05, 2012",Form 4,Statement of Changes in Beneficial Ownership,https://ir.americanexpress.com/financials/earnings-and-sec-filings/sec-filings-details/default.aspx?FilingId=8462775,https://d18rn0p25nwr6d.cloudfront.net/CIK-0000004962/8d4dff71-fd9c-4b70-b1c1-8134330e7fb0.pdf,https://d18rn0p25nwr6d.cloudfront.net/CIK-0000004962/7fc72222-7da3-4997-a9f6-4254afd4cf1a.xls
"Mar 05, 2012",Form 4,Statement of Changes in Beneficial Ownership,https://ir.americanexpress.com/financials/earnings-and-sec-filings/sec-filings-details/default.aspx?FilingId=8463165,https://d18rn0p25nwr6d.cloudfront.net/CIK-0000004962/91e5f421-748b-4f0a-ae69-b8f9f7d53026.pdf,https://d18rn0p25nwr6d.cloudfront.net/CIK-0000004962/df8a2877-26c7-4406-9ddc-3700ca3c88ee.xls
"Mar 02, 2012",Form 4,Statement of Changes in Beneficial Ownership,https://ir.americanexpress.com/financials/earnings-and-sec-filings/sec-filings-details/default.aspx?FilingId=8459073,https://d18rn0p25nwr6d.cloudfront.net/CIK-0000004962/caa62e78-be25-44bf-904d-e8783c28f084.pdf,https://d18rn0p25nwr6d.cloudfront.net/CIK-0000004962/b32c2570-ed3a-4f2a-b6c9-f57409a5828f.xls
"Mar 02, 2012",Form 4,Statement of Changes in Beneficial Ownership,https://ir.americanexpress.com/financials/earnings-and-sec-filings/sec-filings-details/default.aspx?FilingId=8459731,https://d18rn0p25nwr6d.cloudfront.net/CIK-0000004962/16a55574-bbf1-425d-b917-007af4f6f344.pdf,https://d18rn0p25nwr6d.cloudfront.net/CIK-0000004962/c6310544-0011-43b4-b403-c55b7e70ccca.xls
"Mar 02, 2012",Form 4,Statement of Changes in Beneficial Ownership,https://ir.americanexpress.com/financials/earnings-and-sec-filings/sec-filings-details/default.aspx?FilingId=8459781,https://d18rn0p25nwr6d.cloudfront.net/CIK-0000004962/668d3f09-2fc4-4f98-9e8c-9cac6c16d1c8.pdf,https://d18rn0p25nwr6d.cloudfront.net/CIK-0000004962/6380d270-88d2-4fff-a954-4115ecd0b7b5.xls
"Mar 01, 2012",Form 4,Statement of Changes in Beneficial Ownership,https://ir.americanexpress.com/financials/earnings-and-sec-filings/sec-filings-details/default.aspx?FilingId=8455075,https://d18rn0p25nwr6d.cloudfront.net/CIK-0000004962/64b4321c-fb43-4a39-8783-d6946fceb993.pdf,https://d18rn0p25nwr6d.cloudfront.net/CIK-0000004962/04712be1-9652-43dc-852e-e932cb171e0a.xls
"Mar 01, 2012",Form 4,Statement of Changes in Beneficial Ownership,https://ir.americanexpress.com/financials/earnings-and-sec-filings/sec-filings-details/default.aspx?FilingId=8455100,https://d18rn0p25nwr6d.cloudfront.net/CIK-0000004962/100ac3a3-0491-4dd8-b7c1-91d921b4f7fd.pdf,https://d18rn0p25nwr6d.cloudfront.net/CIK-0000004962/1887081a-fb6c-49cf-bde0-3545377daba9.xls
"Feb 29, 2012",Form 4,Statement of Changes in Beneficial Ownership,https://ir.americanexpress.com/financials/earnings-and-sec-filings/sec-filings-details/default.aspx?FilingId=8450866,https://d18rn0p25nwr6d.cloudfront.net/CIK-0000004962/9a99df5e-0aec-4e84-89b8-78c85785ba6a.pdf,https://d18rn0p25nwr6d.cloudfront.net/CIK-0000004962/c79507ed-b2f2-45c2-add5-06f6a5d2a4ae.xls
"Feb 29, 2012",Form 4,Statement of Changes in Beneficial Ownership,https://ir.americanexpress.com/financials/earnings-and-sec-filings/sec-filings-details/default.aspx?FilingId=8451778,https://d18rn0p25nwr6d.cloudfront.net/CIK-0000004962/d3a31bd0-6378-4bfd-b1cb-a64cd8a18b61.pdf,https://d18rn0p25nwr6d.cloudfront.net/CIK-0000004962/9afe9810-4f81-4fe7-84be-2476afeb5fed.xls
"Feb 28, 2012",Form 4,Statement of Changes in Beneficial Ownership,https://ir.americanexpress.com/financials/earnings-and-sec-filings/sec-filings-details/default.aspx?FilingId=8443333,https://d18rn0p25nwr6d.cloudfront.net/CIK-0000004962/c1d4cc3a-770a-4dad-a28f-a999c8e1ee08.pdf,https://d18rn0p25nwr6d.cloudfront.net/CIK-0000004962/96c2e3e5-0228-4aaa-a369-67650755f252.xls
"Feb 10, 2012",Form 4,Statement of Changes in Beneficial Ownership,https://ir.americanexpress.com/financials/earnings-and-sec-filings/sec-filings-details/default.aspx?FilingId=8396573,https://d18rn0p25nwr6d.cloudfront.net/CIK-0000004962/f05af692-c1db-4ba7-a1b2-40b8efa72fb0.pdf,https://d18rn0p25nwr6d.cloudfront.net/CIK-0000004962/2b2e6e45-78a3-4ff5-9c46-9bd260b15a8a.xls
"Feb 01, 2012",Form 4,Statement of Changes in Beneficial Ownership,https://ir.americanexpress.com/financials/earnings-and-sec-filings/sec-filings-details/default.aspx?FilingId=8369804,https://d18rn0p25nwr6d.cloudfront.net/CIK-0000004962/82d54b3a-5778-4c46-b90e-ee1fe9158ef3.pdf,https://d18rn0p25nwr6d.cloudfront.net/CIK-0000004962/9299ea5b-1b70-4e7f-830e-da3ccd28eca2.xls
"Jan 30, 2012",Form 4,Statement of Changes in Beneficial Ownership,https://ir.americanexpress.com/financials/earnings-and-sec-filings/sec-filings-details/default.aspx?FilingId=8363640,https://d18rn0p25nwr6d.cloudfront.net/CIK-0000004962/3d5c4cc7-6ee0-411a-83a6-647b2a80dbc9.pdf,https://d18rn0p25nwr6d.cloudfront.net/CIK-0000004962/f2cf8383-22c3-4c7b-8285-559c89a968d0.xls
"Jan 30, 2012",Form 4,Statement of Changes in Beneficial Ownership,https://ir.americanexpress.com/financials/earnings-and-sec-filings/sec-filings-details/default.aspx?FilingId=8363673,https://d18rn0p25nwr6d.cloudfront.net/CIK-0000004962/08583db6-e5c3-48a3-9538-faafaffcbc9c.pdf,https://d18rn0p25nwr6d.cloudfront.net/CIK-0000004962/aacdfedb-e74c-4f67-860f-72124102f86c.xls
"Jan 30, 2012",Form 4,Statement of Changes in Beneficial Ownership,https://ir.americanexpress.com/financials/earnings-and-sec-filings/sec-filings-details/default.aspx?FilingId=8363699,https://d18rn0p25nwr6d.cloudfront.net/CIK-0000004962/2610cdab-9f9e-4922-b245-3e9c34acb290.pdf,https://d18rn0p25nwr6d.cloudfront.net/CIK-0000004962/7074629d-9bcf-4269-871b-2755c1d1ff00.xls
"Jan 30, 2012",Form 4,Statement of Changes in Beneficial Ownership,https://ir.americanexpress.com/financials/earnings-and-sec-filings/sec-filings-details/default.aspx?FilingId=8363717,https://d18rn0p25nwr6d.cloudfront.net/CIK-0000004962/4b260f61-4f20-49b1-9d7f-b4c410cb21fd.pdf,https://d18rn0p25nwr6d.cloudfront.net/CIK-0000004962/956fb89f-d7ee-4d4d-aeb9-948a03a40d3c.xls
"Jan 30, 2012",Form 4,Statement of Changes in Beneficial Ownership,https://ir.americanexpress.com/financials/earnings-and-sec-filings/sec-filings-details/default.aspx?FilingId=8363730,https://d18rn0p25nwr6d.cloudfront.net/CIK-0000004962/89156bb3-00a6-43ef-82e7-137cf0f0b904.pdf,https://d18rn0p25nwr6d.cloudfront.net/CIK-0000004962/d12360dd-8f54-4bfe-a715-7726bc9b3369.xls
"Jan 30, 2012",Form 4,Statement of Changes in Beneficial Ownership,https://ir.americanexpress.com/financials/earnings-and-sec-filings/sec-filings-details/default.aspx?FilingId=8363750,https://d18rn0p25nwr6d.cloudfront.net/CIK-0000004962/fc69610d-4976-4bc8-bc95-af389df0ff4f.pdf,https://d18rn0p25nwr6d.cloudfront.net/CIK-0000004962/cecddf14-5c7a-410f-bc19-759b2ceb589d.xls
"Jan 30, 2012",Form 4,Statement of Changes in Beneficial Ownership,https://ir.americanexpress.com/financials/earnings-and-sec-filings/sec-filings-details/default.aspx?FilingId=8363766,https://d18rn0p25nwr6d.cloudfront.net/CIK-0000004962/69e90122-6616-4b5d-ae18-5bebaf5fde37.pdf,https://d18rn0p25nwr6d.cloudfront.net/CIK-0000004962/c92e6861-f6e6-42fb-80c1-433d7e363087.xls
"Jan 30, 2012",Form 4,Statement of Changes in Beneficial Ownership,https://ir.americanexpress.com/financials/earnings-and-sec-filings/sec-filings-details/default.aspx?FilingId=8363782,https://d18rn0p25nwr6d.cloudfront.net/CIK-0000004962/cc802ef3-eb6b-4ca9-8612-05b09f4478c3.pdf,https://d18rn0p25nwr6d.cloudfront.net/CIK-0000004962/a778ab40-73e6-489a-a43c-bc7a2dfaeea7.xls
"Jan 30, 2012",Form 4,Statement of Changes in Beneficial Ownership,https://ir.americanexpress.com/financials/earnings-and-sec-filings/sec-filings-details/default.aspx?FilingId=8363802,https://d18rn0p25nwr6d.cloudfront.net/CIK-0000004962/505ed677-0495-43ad-b5a3-58b54dcb1069.pdf,https://d18rn0p25nwr6d.cloudfront.net/CIK-0000004962/cb8908f4-8e4b-4d5e-91e4-a062ba04699f.xls
"Jan 30, 2012",Form 4,Statement of Changes in Beneficial Ownership,https://ir.americanexpress.com/financials/earnings-and-sec-filings/sec-filings-details/default.aspx?FilingId=8363821,https://d18rn0p25nwr6d.cloudfront.net/CIK-0000004962/f123ac87-5e81-4da4-a658-5a73f8dc9178.pdf,https://d18rn0p25nwr6d.cloudfront.net/CIK-0000004962/92ba8eda-b7c0-4b23-b691-23049f57622d.xls
"Jan 30, 2012",Form 4,Statement of Changes in Beneficial Ownership,https://ir.americanexpress.com/financials/earnings-and-sec-filings/sec-filings-details/default.aspx?FilingId=8363834,https://d18rn0p25nwr6d.cloudfront.net/CIK-0000004962/371d8766-8362-45f9-968a-ed7fc32e4c67.pdf,https://d18rn0p25nwr6d.cloudfront.net/CIK-0000004962/f9fec857-c2d0-4fe2-b57c-e891bbf59760.xls
"Jan 30, 2012",Form 4,Statement of Changes in Beneficial Ownership,https://ir.americanexpress.com/financials/earnings-and-sec-filings/sec-filings-details/default.aspx?FilingId=8363846,https://d18rn0p25nwr6d.cloudfront.net/CIK-0000004962/e69ae0e6-7c82-476b-8aad-6fe9b0b32e5f.pdf,https://d18rn0p25nwr6d.cloudfront.net/CIK-0000004962/28fdd6d9-3858-4c40-9d23-9b39c5a50eb9.xls
"Jan 30, 2012",Form 4,Statement of Changes in Beneficial Ownership,https://ir.americanexpress.com/financials/earnings-and-sec-filings/sec-filings-details/default.aspx?FilingId=8363869,https://d18rn0p25nwr6d.cloudfront.net/CIK-0000004962/a0bb5472-826b-4f53-b339-88d80ee9ae9e.pdf,https://d18rn0p25nwr6d.cloudfront.net/CIK-0000004962/7fcf70a8-8527-4b53-a99e-9ac4fb748ea1.xls
"Jan 26, 2012",Form 4,Statement of Changes in Beneficial Ownership,https://ir.americanexpress.com/financials/earnings-and-sec-filings/sec-filings-details/default.aspx?FilingId=8355321,https://d18rn0p25nwr6d.cloudfront.net/CIK-0000004962/d353edad-742c-4854-8031-922edd900c33.pdf,https://d18rn0p25nwr6d.cloudfront.net/CIK-0000004962/96d758d4-d74a-4fc5-8435-35c614e574a6.xls
"Jan 26, 2012",Form 4,Statement of Changes in Beneficial Ownership,https://ir.americanexpress.com/financials/earnings-and-sec-filings/sec-filings-details/default.aspx?FilingId=8355332,https://d18rn0p25nwr6d.cloudfront.net/CIK-0000004962/ff2b4c99-afdc-42a2-b74f-f9a62841005f.pdf,https://d18rn0p25nwr6d.cloudfront.net/CIK-0000004962/41cf13ac-c804-471e-90a8-f07efaf04ff2.xls
"Jan 26, 2012",Form 4,Statement of Changes in Beneficial Ownership,https://ir.americanexpress.com/financials/earnings-and-sec-filings/sec-filings-details/default.aspx?FilingId=8355354,https://d18rn0p25nwr6d.cloudfront.net/CIK-0000004962/793de437-7579-4b06-ab5c-21fe6486fd80.pdf,https://d18rn0p25nwr6d.cloudfront.net/CIK-0000004962/9aa5bbb2-9976-4687-9d10-b9eda00a030f.xls
"Jan 26, 2012",Form 4,Statement of Changes in Beneficial Ownership,https://ir.americanexpress.com/financials/earnings-and-sec-filings/sec-filings-details/default.aspx?FilingId=8355372,https://d18rn0p25nwr6d.cloudfront.net/CIK-0000004962/3479fbe0-9e4f-4aa5-acc6-4316d58b1cae.pdf,https://d18rn0p25nwr6d.cloudfront.net/CIK-0000004962/b864888d-c1ee-4605-a449-a8275d8cf05d.xls
"Jan 26, 2012",Form 4,Statement of Changes in Beneficial Ownership,https://ir.americanexpress.com/financials/earnings-and-sec-filings/sec-filings-details/default.aspx?FilingId=8355390,https://d18rn0p25nwr6d.cloudfront.net/CIK-0000004962/ad6ec432-58ea-472e-ad4d-c3d2b085cd92.pdf,https://d18rn0p25nwr6d.cloudfront.net/CIK-0000004962/74910f60-340e-4b21-81c7-1086f639eb8b.xls
"Jan 26, 2012",Form 4,Statement of Changes in Beneficial Ownership,https://ir.americanexpress.com/financials/earnings-and-sec-filings/sec-filings-details/default.aspx?FilingId=8355540,https://d18rn0p25nwr6d.cloudfront.net/CIK-0000004962/42bd8122-9678-4cab-95f2-146cbe2e7df0.pdf,https://d18rn0p25nwr6d.cloudfront.net/CIK-0000004962/7b922974-a5ce-40b1-977f-4511a96932b3.xls
"Jan 26, 2012",Form 4,Statement of Changes in Beneficial Ownership,https://ir.americanexpress.com/financials/earnings-and-sec-filings/sec-filings-details/default.aspx?FilingId=8355550,https://d18rn0p25nwr6d.cloudfront.net/CIK-0000004962/9bf40da8-feb4-4014-b7ab-41488702fa4d.pdf,https://d18rn0p25nwr6d.cloudfront.net/CIK-0000004962/4f5e4559-429c-417d-a6dd-d60a76f1093c.xls
"Jan 26, 2012",Form 4,Statement of Changes in Beneficial Ownership,https://ir.americanexpress.com/financials/earnings-and-sec-filings/sec-filings-details/default.aspx?FilingId=8355564,https://d18rn0p25nwr6d.cloudfront.net/CIK-0000004962/a998cb41-331f-4703-b794-b26dd00d1ee1.pdf,https://d18rn0p25nwr6d.cloudfront.net/CIK-0000004962/89913a3c-baf1-4353-9ea3-3a59cfcefff0.xls
"Jan 26, 2012",Form 4,Statement of Changes in Beneficial Ownership,https://ir.americanexpress.com/financials/earnings-and-sec-filings/sec-filings-details/default.aspx?FilingId=8355591,https://d18rn0p25nwr6d.cloudfront.net/CIK-0000004962/f9de8d05-faca-4571-8fe7-3099636f9042.pdf,https://d18rn0p25nwr6d.cloudfront.net/CIK-0000004962/78608c3c-9ba5-4b8a-93ec-9264fee2e40e.xls
"Jan 26, 2012",Form 4,Statement of Changes in Beneficial Ownership,https://ir.americanexpress.com/financials/earnings-and-sec-filings/sec-filings-details/default.aspx?FilingId=8355602,https://d18rn0p25nwr6d.cloudfront.net/CIK-0000004962/7d70ba7d-618f-4701-a270-c638ed883344.pdf,https://d18rn0p25nwr6d.cloudfront.net/CIK-0000004962/e68f896d-a669-4267-b11e-b61b585126d3.xls
"Jan 26, 2012",Form 4,Statement of Changes in Beneficial Ownership,https://ir.americanexpress.com/financials/earnings-and-sec-filings/sec-filings-details/default.aspx?FilingId=8355611,https://d18rn0p25nwr6d.cloudfront.net/CIK-0000004962/39373c25-18dd-4f0e-bee3-2af54ed9bd55.pdf,https://d18rn0p25nwr6d.cloudfront.net/CIK-0000004962/16f834ff-412d-4a64-9189-27da246461c4.xls
"Jan 26, 2012",Form 4,Statement of Changes in Beneficial Ownership,https://ir.americanexpress.com/financials/earnings-and-sec-filings/sec-filings-details/default.aspx?FilingId=8355659,https://d18rn0p25nwr6d.cloudfront.net/CIK-0000004962/a7e52151-7a69-4138-a615-41ba9f291a60.pdf,https://d18rn0p25nwr6d.cloudfront.net/CIK-0000004962/2bb93235-32d2-45e9-9ada-d80cb334b1b7.xls
"Jan 26, 2012",Form 4,Statement of Changes in Beneficial Ownership,https://ir.americanexpress.com/financials/earnings-and-sec-filings/sec-filings-details/default.aspx?FilingId=8355674,https://d18rn0p25nwr6d.cloudfront.net/CIK-0000004962/dabb5aae-fc2a-4c78-afc4-2a01f58604cd.pdf,https://d18rn0p25nwr6d.cloudfront.net/CIK-0000004962/bf568541-9d3d-4d08-a40c-5946c562e23b.xls
"Jan 26, 2012",Form 4,Statement of Changes in Beneficial Ownership,https://ir.americanexpress.com/financials/earnings-and-sec-filings/sec-filings-details/default.aspx?FilingId=8355689,https://d18rn0p25nwr6d.cloudfront.net/CIK-0000004962/a8f46f22-b543-4959-bdc3-a2511bacae8c.pdf,https://d18rn0p25nwr6d.cloudfront.net/CIK-0000004962/7bd7a498-d515-4b5a-9c2e-eae4805e2e2b.xls
"Jan 26, 2012",Form 4,Statement of Changes in Beneficial Ownership,https://ir.americanexpress.com/financials/earnings-and-sec-filings/sec-filings-details/default.aspx?FilingId=8355708,https://d18rn0p25nwr6d.cloudfront.net/CIK-0000004962/3f9ec667-ed54-4958-b1c3-2eb475e1d503.pdf,https://d18rn0p25nwr6d.cloudfront.net/CIK-0000004962/5a9c7123-b3b7-41ef-a3da-1ddcebae6adb.xls
"Jan 26, 2012",Form 4,Statement of Changes in Beneficial Ownership,https://ir.americanexpress.com/financials/earnings-and-sec-filings/sec-filings-details/default.aspx?FilingId=8355717,https://d18rn0p25nwr6d.cloudfront.net/CIK-0000004962/b936e551-cb11-4fba-8dc7-2c58289d25b7.pdf,https://d18rn0p25nwr6d.cloudfront.net/CIK-0000004962/feb6c87b-eb39-4f53-b827-11d3b6db8b8a.xls
"Jan 25, 2012",Form 3,Initial Statement of Beneficial Ownership,https://ir.americanexpress.com/financials/earnings-and-sec-filings/sec-filings-details/default.aspx?FilingId=8353163,https://d18rn0p25nwr6d.cloudfront.net/CIK-0000004962/6c94232c-452d-4e46-8d25-32c6db290c20.pdf,https://d18rn0p25nwr6d.cloudfront.net/CIK-0000004962/ae4d23fe-2ecd-4ca2-ba35-c511cef29662.xls
"Jan 04, 2012",Form 4,Statement of Changes in Beneficial Ownership,https://ir.americanexpress.com/financials/earnings-and-sec-filings/sec-filings-details/default.aspx?FilingId=8320481,https://d18rn0p25nwr6d.cloudfront.net/CIK-0000004962/f9654303-5daf-4491-98ba-8277746702eb.pdf,https://d18rn0p25nwr6d.cloudfront.net/CIK-0000004962/a83dc465-0210-4694-9b4d-7443aad08078.xls
"Jan 04, 2012",Form 4,Statement of Changes in Beneficial Ownership,https://ir.americanexpress.com/financials/earnings-and-sec-filings/sec-filings-details/default.aspx?FilingId=8320628,https://d18rn0p25nwr6d.cloudfront.net/CIK-0000004962/2176e0b6-43df-48a3-bf90-9267120a49ca.pdf,https://d18rn0p25nwr6d.cloudfront.net/CIK-0000004962/b374cf5e-2224-4a49-98c4-9f2a85bc5354.xls
"Jan 04, 2012",Form 4,Statement of Changes in Beneficial Ownership,https://ir.americanexpress.com/financials/earnings-and-sec-filings/sec-filings-details/default.aspx?FilingId=8320715,https://d18rn0p25nwr6d.cloudfront.net/CIK-0000004962/447c26ab-5abd-40e3-a8a3-e09c8d262614.pdf,https://d18rn0p25nwr6d.cloudfront.net/CIK-0000004962/7e109e71-818f-456c-b7a3-cc6e03c2e41e.xls
"Jan 04, 2012",Form 4,Statement of Changes in Beneficial Ownership,https://ir.americanexpress.com/financials/earnings-and-sec-filings/sec-filings-details/default.aspx?FilingId=8320852,https://d18rn0p25nwr6d.cloudfront.net/CIK-0000004962/4cf6a66a-712d-4ca0-b0c8-e5e280f6c05f.pdf,https://d18rn0p25nwr6d.cloudfront.net/CIK-0000004962/aca8fc80-67da-425a-a746-23e8197c4e7c.xls
"Jan 04, 2012",Form 4,Statement of Changes in Beneficial Ownership,https://ir.americanexpress.com/financials/earnings-and-sec-filings/sec-filings-details/default.aspx?FilingId=8320948,https://d18rn0p25nwr6d.cloudfront.net/CIK-0000004962/15cedb0e-32c2-4387-9e83-5a9e9eb0093c.pdf,https://d18rn0p25nwr6d.cloudfront.net/CIK-0000004962/7aa0480c-c8ff-4db9-af00-b1d8608dc8f9.xls
"Dec 07, 2011",Form 3,Initial Statement of Beneficial Ownership,https://ir.americanexpress.com/financials/earnings-and-sec-filings/sec-filings-details/default.aspx?FilingId=8280655,https://d18rn0p25nwr6d.cloudfront.net/CIK-0000004962/88df3137-bfb9-4ecd-9af4-515d6da2924c.pdf,https://d18rn0p25nwr6d.cloudfront.net/CIK-0000004962/0ad9ab38-0f72-4fad-a49d-e799b492c9e5.xls
"Dec 02, 2011",Form 4,Statement of Changes in Beneficial Ownership,https://ir.americanexpress.com/financials/earnings-and-sec-filings/sec-filings-details/default.aspx?FilingId=8274737,https://d18rn0p25nwr6d.cloudfront.net/CIK-0000004962/073a1ff3-316a-4707-8c3c-1aea013fceab.pdf,https://d18rn0p25nwr6d.cloudfront.net/CIK-0000004962/cbe3634d-6e56-4bd5-a29d-ad3b5595e0ad.xls
"Dec 02, 2011",Form 4,Statement of Changes in Beneficial Ownership,https://ir.americanexpress.com/financials/earnings-and-sec-filings/sec-filings-details/default.aspx?FilingId=8274812,https://d18rn0p25nwr6d.cloudfront.net/CIK-0000004962/6a9142ac-fe8a-493c-896f-933f04cabc29.pdf,https://d18rn0p25nwr6d.cloudfront.net/CIK-0000004962/53b25554-5a68-4ef1-a6f2-67d12836c451.xls
"Nov 16, 2011",Form 4,Statement of Changes in Beneficial Ownership,https://ir.americanexpress.com/financials/earnings-and-sec-filings/sec-filings-details/default.aspx?FilingId=8249213,https://d18rn0p25nwr6d.cloudfront.net/CIK-0000004962/dea9e8c9-13ff-42c6-a855-9d7025938d09.pdf,https://d18rn0p25nwr6d.cloudfront.net/CIK-0000004962/4158679e-0beb-4a68-b6d7-7eb4d296bee0.xls
"Nov 14, 2011",Form 3,Initial Statement of Beneficial Ownership,https://ir.americanexpress.com/financials/earnings-and-sec-filings/sec-filings-details/default.aspx?FilingId=8241420,https://d18rn0p25nwr6d.cloudfront.net/CIK-0000004962/0a927ce1-30a3-4dd4-b79f-4dd0368d1599.pdf,https://d18rn0p25nwr6d.cloudfront.net/CIK-0000004962/67b415ce-15e9-49ad-9951-e098b4681584.xls
"Oct 04, 2011",Form 4,Statement of Changes in Beneficial Ownership,https://ir.americanexpress.com/financials/earnings-and-sec-filings/sec-filings-details/default.aspx?FilingId=8174198,https://d18rn0p25nwr6d.cloudfront.net/CIK-0000004962/1c95fca9-596d-41f0-a843-e6dc2d05c21f.pdf,https://d18rn0p25nwr6d.cloudfront.net/CIK-0000004962/95981440-e52c-45a0-a9f5-85eb0db032f5.xls
"Oct 04, 2011",Form 4,Statement of Changes in Beneficial Ownership,https://ir.americanexpress.com/financials/earnings-and-sec-filings/sec-filings-details/default.aspx?FilingId=8174246,https://d18rn0p25nwr6d.cloudfront.net/CIK-0000004962/f7ddd24a-700c-4761-b629-4657f52993b8.pdf,https://d18rn0p25nwr6d.cloudfront.net/CIK-0000004962/8c4bd462-40b5-41e1-aec0-aab425be060f.xls
"Oct 04, 2011",Form 4,Statement of Changes in Beneficial Ownership,https://ir.americanexpress.com/financials/earnings-and-sec-filings/sec-filings-details/default.aspx?FilingId=8174270,https://d18rn0p25nwr6d.cloudfront.net/CIK-0000004962/9bba1c59-8d70-4fd3-8db5-ec19dee44971.pdf,https://d18rn0p25nwr6d.cloudfront.net/CIK-0000004962/b6ad68fa-f6c9-4f4b-84a2-6aa636d691ca.xls
"Oct 04, 2011",Form 4,Statement of Changes in Beneficial Ownership,https://ir.americanexpress.com/financials/earnings-and-sec-filings/sec-filings-details/default.aspx?FilingId=8174282,https://d18rn0p25nwr6d.cloudfront.net/CIK-0000004962/fe3128be-32ff-4c18-b286-7e1d5c06078b.pdf,https://d18rn0p25nwr6d.cloudfront.net/CIK-0000004962/f9db8847-157b-4927-9d33-77dad3712cea.xls
"Oct 04, 2011",Form 4,Statement of Changes in Beneficial Ownership,https://ir.americanexpress.com/financials/earnings-and-sec-filings/sec-filings-details/default.aspx?FilingId=8174309,https://d18rn0p25nwr6d.cloudfront.net/CIK-0000004962/b7fe4222-f774-46c6-824d-c0c45dd36995.pdf,https://d18rn0p25nwr6d.cloudfront.net/CIK-0000004962/07af9e3c-6d05-44b0-a269-1b18e0869336.xls
"Sep 02, 2011",Form 4,Statement of Changes in Beneficial Ownership,https://ir.americanexpress.com/financials/earnings-and-sec-filings/sec-filings-details/default.aspx?FilingId=8133885,https://d18rn0p25nwr6d.cloudfront.net/CIK-0000004962/2e401efb-325e-42f9-9e22-adaf79f9f2bd.pdf,https://d18rn0p25nwr6d.cloudfront.net/CIK-0000004962/4c8d7c2d-636a-4e57-a465-ce4318c41008.xls
"Aug 01, 2011",Form 4,Statement of Changes in Beneficial Ownership,https://ir.americanexpress.com/financials/earnings-and-sec-filings/sec-filings-details/default.aspx?FilingId=8070535,https://d18rn0p25nwr6d.cloudfront.net/CIK-0000004962/92194802-9805-4900-a0c5-9c8c9e6aff06.pdf,https://d18rn0p25nwr6d.cloudfront.net/CIK-0000004962/2ecb592e-507a-4d27-9c3d-d0f7e5a4379a.xls
"Aug 01, 2011",Form 4,Statement of Changes in Beneficial Ownership,https://ir.americanexpress.com/financials/earnings-and-sec-filings/sec-filings-details/default.aspx?FilingId=8070539,https://d18rn0p25nwr6d.cloudfront.net/CIK-0000004962/d93a2ecd-3647-4c8c-8e11-61c463dd7561.pdf,https://d18rn0p25nwr6d.cloudfront.net/CIK-0000004962/c8ced388-98a9-4ad0-a2e1-0c74fa035536.xls
"Jul 15, 2011",Form 3,Initial Statement of Beneficial Ownership,https://ir.americanexpress.com/financials/earnings-and-sec-filings/sec-filings-details/default.aspx?FilingId=8043435,https://d18rn0p25nwr6d.cloudfront.net/CIK-0000004962/6b8780ae-4b53-4670-b763-24c7993e8ad1.pdf,https://d18rn0p25nwr6d.cloudfront.net/CIK-0000004962/4f0f25e7-167e-4ca3-ac5e-09ea3cec539e.xls
"Jul 05, 2011",Form 4,Statement of Changes in Beneficial Ownership,https://ir.americanexpress.com/financials/earnings-and-sec-filings/sec-filings-details/default.aspx?FilingId=8026460,https://d18rn0p25nwr6d.cloudfront.net/CIK-0000004962/70a3acbc-a436-4966-bc59-a717c909e768.pdf,https://d18rn0p25nwr6d.cloudfront.net/CIK-0000004962/3d33c274-55e8-4df3-8fda-a44cac0fd549.xls
"Jul 05, 2011",Form 4,Statement of Changes in Beneficial Ownership,https://ir.americanexpress.com/financials/earnings-and-sec-filings/sec-filings-details/default.aspx?FilingId=8026483,https://d18rn0p25nwr6d.cloudfront.net/CIK-0000004962/62a94940-4115-4204-beaf-94d30898e16e.pdf,https://d18rn0p25nwr6d.cloudfront.net/CIK-0000004962/900f3703-abc7-4aee-9d6b-11e8515c3121.xls
"Jul 05, 2011",Form 4,Statement of Changes in Beneficial Ownership,https://ir.americanexpress.com/financials/earnings-and-sec-filings/sec-filings-details/default.aspx?FilingId=8026515,https://d18rn0p25nwr6d.cloudfront.net/CIK-0000004962/c70e6821-534b-4ae4-a29d-77846118dfe8.pdf,https://d18rn0p25nwr6d.cloudfront.net/CIK-0000004962/d286f92e-4ac2-40d1-8d99-36ecaa04446d.xls
"Jul 05, 2011",Form 4,Statement of Changes in Beneficial Ownership,https://ir.americanexpress.com/financials/earnings-and-sec-filings/sec-filings-details/default.aspx?FilingId=8026553,https://d18rn0p25nwr6d.cloudfront.net/CIK-0000004962/a76dfdb2-7a2d-4a2e-a7ed-667de0be01c1.pdf,https://d18rn0p25nwr6d.cloudfront.net/CIK-0000004962/a3e363c9-1512-4658-8543-f6905df7dcd5.xls
"Jul 05, 2011",Form 4,Statement of Changes in Beneficial Ownership,https://ir.americanexpress.com/financials/earnings-and-sec-filings/sec-filings-details/default.aspx?FilingId=8026578,https://d18rn0p25nwr6d.cloudfront.net/CIK-0000004962/b09b596f-461b-448b-96fc-40bbd2b0205f.pdf,https://d18rn0p25nwr6d.cloudfront.net/CIK-0000004962/e9d33586-acc0-43b8-9998-81dc2a75438b.xls
"May 24, 2011",Form 3,Initial Statement of Beneficial Ownership,https://ir.americanexpress.com/financials/earnings-and-sec-filings/sec-filings-details/default.aspx?FilingId=7957047,https://d18rn0p25nwr6d.cloudfront.net/CIK-0000004962/683182b6-7e0d-46c3-89fe-8bd987c538cd.pdf,https://d18rn0p25nwr6d.cloudfront.net/CIK-0000004962/593a9424-74f1-43cc-ad58-1a8f3c82c3c2.xls
"May 06, 2011",Form 4,Statement of Changes in Beneficial Ownership,https://ir.americanexpress.com/financials/earnings-and-sec-filings/sec-filings-details/default.aspx?FilingId=7914281,https://d18rn0p25nwr6d.cloudfront.net/CIK-0000004962/cac337c2-2d12-4aaf-8c0f-9ab2a1fc2053.pdf,https://d18rn0p25nwr6d.cloudfront.net/CIK-0000004962/7ba07b90-17b0-4bfa-9f69-d216f4dd926a.xls
"May 06, 2011",Form 4,Statement of Changes in Beneficial Ownership,https://ir.americanexpress.com/financials/earnings-and-sec-filings/sec-filings-details/default.aspx?FilingId=7914317,https://d18rn0p25nwr6d.cloudfront.net/CIK-0000004962/b8f70589-54a1-4578-bd66-68d7bfb65af7.pdf,https://d18rn0p25nwr6d.cloudfront.net/CIK-0000004962/017d199e-885f-4e1e-a01b-60dabb92228f.xls
"May 04, 2011",Form 4,Statement of Changes in Beneficial Ownership,https://ir.americanexpress.com/financials/earnings-and-sec-filings/sec-filings-details/default.aspx?FilingId=7906744,https://d18rn0p25nwr6d.cloudfront.net/CIK-0000004962/c903a6f0-529e-4829-80bd-d89910bf5c26.pdf,https://d18rn0p25nwr6d.cloudfront.net/CIK-0000004962/23ba998a-e443-47d6-a86b-f4ac53385571.xls
"May 04, 2011",Form 4,Statement of Changes in Beneficial Ownership,https://ir.americanexpress.com/financials/earnings-and-sec-filings/sec-filings-details/default.aspx?FilingId=7906806,https://d18rn0p25nwr6d.cloudfront.net/CIK-0000004962/5e91839b-0aef-4fee-b13b-3eaaf671417c.pdf,https://d18rn0p25nwr6d.cloudfront.net/CIK-0000004962/84fe21bc-7b3d-4088-a3d6-be0c4a021913.xls
"May 04, 2011",Form 4,Statement of Changes in Beneficial Ownership,https://ir.americanexpress.com/financials/earnings-and-sec-filings/sec-filings-details/default.aspx?FilingId=7906901,https://d18rn0p25nwr6d.cloudfront.net/CIK-0000004962/aff1a642-a997-48e3-99dc-b792726c6ef0.pdf,https://d18rn0p25nwr6d.cloudfront.net/CIK-0000004962/f9a4ff92-28fe-4fe6-add2-f6df47cd131e.xls
"May 04, 2011",Form 4,Statement of Changes in Beneficial Ownership,https://ir.americanexpress.com/financials/earnings-and-sec-filings/sec-filings-details/default.aspx?FilingId=7907034,https://d18rn0p25nwr6d.cloudfront.net/CIK-0000004962/770f7926-fd90-466c-8084-ffd5f46c80a6.pdf,https://d18rn0p25nwr6d.cloudfront.net/CIK-0000004962/2d579887-11cd-4a56-b9ef-de01dd353be5.xls
"May 04, 2011",Form 4,Statement of Changes in Beneficial Ownership,https://ir.americanexpress.com/financials/earnings-and-sec-filings/sec-filings-details/default.aspx?FilingId=7907110,https://d18rn0p25nwr6d.cloudfront.net/CIK-0000004962/16004d3d-6769-4f7f-b9b5-13b5c9be97d6.pdf,https://d18rn0p25nwr6d.cloudfront.net/CIK-0000004962/fe46300f-51ff-47d6-b19d-4c1ae76d9e03.xls
"May 04, 2011",Form 4,Statement of Changes in Beneficial Ownership,https://ir.americanexpress.com/financials/earnings-and-sec-filings/sec-filings-details/default.aspx?FilingId=7907159,https://d18rn0p25nwr6d.cloudfront.net/CIK-0000004962/9fa276e3-e57d-4288-bd8c-fdb311f1dcb2.pdf,https://d18rn0p25nwr6d.cloudfront.net/CIK-0000004962/9531d62b-4541-4b19-96b5-b7ccb91edd46.xls
"May 04, 2011",Form 4,Statement of Changes in Beneficial Ownership,https://ir.americanexpress.com/financials/earnings-and-sec-filings/sec-filings-details/default.aspx?FilingId=7907170,https://d18rn0p25nwr6d.cloudfront.net/CIK-0000004962/71a0b73d-fb85-4ebb-8251-e2636de5e727.pdf,https://d18rn0p25nwr6d.cloudfront.net/CIK-0000004962/c12db420-b423-4b8c-ad5b-c46bcbf07ef7.xls
"May 04, 2011",Form 4,Statement of Changes in Beneficial Ownership,https://ir.americanexpress.com/financials/earnings-and-sec-filings/sec-filings-details/default.aspx?FilingId=7907187,https://d18rn0p25nwr6d.cloudfront.net/CIK-0000004962/09194877-35dd-4b8a-a88a-bbe804593508.pdf,https://d18rn0p25nwr6d.cloudfront.net/CIK-0000004962/490fb9b9-ad47-479d-b231-195c4f9f778f.xls
"May 04, 2011",Form 4,Statement of Changes in Beneficial Ownership,https://ir.americanexpress.com/financials/earnings-and-sec-filings/sec-filings-details/default.aspx?FilingId=7907200,https://d18rn0p25nwr6d.cloudfront.net/CIK-0000004962/90d728b6-426b-48f6-9f27-74ffd5b61292.pdf,https://d18rn0p25nwr6d.cloudfront.net/CIK-0000004962/38ca4f46-f115-4ddf-98f8-901982e2de55.xls
"May 04, 2011",Form 4,Statement of Changes in Beneficial Ownership,https://ir.americanexpress.com/financials/earnings-and-sec-filings/sec-filings-details/default.aspx?FilingId=7907206,https://d18rn0p25nwr6d.cloudfront.net/CIK-0000004962/4fcc54cf-55a8-4077-b444-56201764ae34.pdf,https://d18rn0p25nwr6d.cloudfront.net/CIK-0000004962/3d6ea553-7c83-44e9-8fbf-e6ef650dcaff.xls
"May 04, 2011",Form 4,Statement of Changes in Beneficial Ownership,https://ir.americanexpress.com/financials/earnings-and-sec-filings/sec-filings-details/default.aspx?FilingId=7907216,https://d18rn0p25nwr6d.cloudfront.net/CIK-0000004962/7bdb4c5d-6379-4669-87a0-abaf477a9a9f.pdf,https://d18rn0p25nwr6d.cloudfront.net/CIK-0000004962/b2155a80-2e81-4b3a-9e0a-da19244ef3f9.xls
"May 04, 2011",Form 4,Statement of Changes in Beneficial Ownership,https://ir.americanexpress.com/financials/earnings-and-sec-filings/sec-filings-details/default.aspx?FilingId=7907228,https://d18rn0p25nwr6d.cloudfront.net/CIK-0000004962/a9f2f03b-dccd-41f7-83f9-e10c0d575714.pdf,https://d18rn0p25nwr6d.cloudfront.net/CIK-0000004962/4e44ceb6-1b04-44b7-99f1-0c8596ad1884.xls
"May 03, 2011",Form 4,Statement of Changes in Beneficial Ownership,https://ir.americanexpress.com/financials/earnings-and-sec-filings/sec-filings-details/default.aspx?FilingId=7903160,https://d18rn0p25nwr6d.cloudfront.net/CIK-0000004962/77b9b692-66e5-45af-8887-610baad6d1f8.pdf,https://d18rn0p25nwr6d.cloudfront.net/CIK-0000004962/9a7281ea-7fb7-483b-9273-9be20ccd8c9c.xls
"May 03, 2011",Form 4,Statement of Changes in Beneficial Ownership,https://ir.americanexpress.com/financials/earnings-and-sec-filings/sec-filings-details/default.aspx?FilingId=7903313,https://d18rn0p25nwr6d.cloudfront.net/CIK-0000004962/e37b535f-7af0-47e5-b9ad-ffd013f58790.pdf,https://d18rn0p25nwr6d.cloudfront.net/CIK-0000004962/a9b214e5-c8fd-4532-b8d3-efb303631e16.xls
"May 02, 2011",Form 4,Statement of Changes in Beneficial Ownership,https://ir.americanexpress.com/financials/earnings-and-sec-filings/sec-filings-details/default.aspx?FilingId=7898361,https://d18rn0p25nwr6d.cloudfront.net/CIK-0000004962/232fe0db-3471-4fbe-aa78-1a4e993f1dd3.pdf,https://d18rn0p25nwr6d.cloudfront.net/CIK-0000004962/3bdcb8ce-f309-499d-ab2d-6e16782f375a.xls
"May 02, 2011",Form 4,Statement of Changes in Beneficial Ownership,https://ir.americanexpress.com/financials/earnings-and-sec-filings/sec-filings-details/default.aspx?FilingId=7898652,https://d18rn0p25nwr6d.cloudfront.net/CIK-0000004962/3f4d33c2-5a04-482f-9ce1-d1afe15cbba6.pdf,https://d18rn0p25nwr6d.cloudfront.net/CIK-0000004962/0ec01ab0-ff04-4c45-a17f-c2cb766a5250.xls
"May 02, 2011",Form 4,Statement of Changes in Beneficial Ownership,https://ir.americanexpress.com/financials/earnings-and-sec-filings/sec-filings-details/default.aspx?FilingId=7898680,https://d18rn0p25nwr6d.cloudfront.net/CIK-0000004962/4303b8cd-0923-4db4-9f2a-5729b9dd3c1a.pdf,https://d18rn0p25nwr6d.cloudfront.net/CIK-0000004962/071514db-4c12-4df1-a33a-2c71c444ef3d.xls
"Apr 04, 2011",Form 4,Statement of Changes in Beneficial Ownership,https://ir.americanexpress.com/financials/earnings-and-sec-filings/sec-filings-details/default.aspx?FilingId=7840724,https://d18rn0p25nwr6d.cloudfront.net/CIK-0000004962/d399ce41-9b35-4c2f-bc29-2f9d2d4249dd.pdf,https://d18rn0p25nwr6d.cloudfront.net/CIK-0000004962/1243f349-aa56-4f4b-9cd1-e0fad93b1270.xls
"Apr 04, 2011",Form 4,Statement of Changes in Beneficial Ownership,https://ir.americanexpress.com/financials/earnings-and-sec-filings/sec-filings-details/default.aspx?FilingId=7840744,https://d18rn0p25nwr6d.cloudfront.net/CIK-0000004962/43beb043-3341-46ec-bb27-f8c828e04f20.pdf,https://d18rn0p25nwr6d.cloudfront.net/CIK-0000004962/2dfedcf7-8a4b-46f5-803b-20944686aaf3.xls
"Apr 04, 2011",Form 4,Statement of Changes in Beneficial Ownership,https://ir.americanexpress.com/financials/earnings-and-sec-filings/sec-filings-details/default.aspx?FilingId=7840809,https://d18rn0p25nwr6d.cloudfront.net/CIK-0000004962/0d7cd09d-d72c-448f-a13b-4e81038dff66.pdf,https://d18rn0p25nwr6d.cloudfront.net/CIK-0000004962/1f75b007-b36d-4b26-ae18-7c4dcc71182c.xls
"Apr 04, 2011",Form 4,Statement of Changes in Beneficial Ownership,https://ir.americanexpress.com/financials/earnings-and-sec-filings/sec-filings-details/default.aspx?FilingId=7840838,https://d18rn0p25nwr6d.cloudfront.net/CIK-0000004962/16ce3879-5a74-4a1a-b130-2763c49f78d4.pdf,https://d18rn0p25nwr6d.cloudfront.net/CIK-0000004962/ab470500-a3e1-4d3f-b834-96fc9427aab6.xls
"Apr 04, 2011",Form 4,Statement of Changes in Beneficial Ownership,https://ir.americanexpress.com/financials/earnings-and-sec-filings/sec-filings-details/default.aspx?FilingId=7840860,https://d18rn0p25nwr6d.cloudfront.net/CIK-0000004962/fa584ee1-00d2-416f-93e1-5bdef5fe956c.pdf,https://d18rn0p25nwr6d.cloudfront.net/CIK-0000004962/283c0ebc-6d27-401b-a042-f3dafbe34641.xls
"Feb 28, 2011",Form 4,Statement of Changes in Beneficial Ownership,https://ir.americanexpress.com/financials/earnings-and-sec-filings/sec-filings-details/default.aspx?FilingId=7757686,https://d18rn0p25nwr6d.cloudfront.net/CIK-0000004962/21e91cd1-0273-4341-8e70-67890e944fd9.pdf,https://d18rn0p25nwr6d.cloudfront.net/CIK-0000004962/cac82850-958a-43f5-a754-f4f89b0b067b.xls
"Feb 22, 2011",Form 4,Statement of Changes in Beneficial Ownership,https://ir.americanexpress.com/financials/earnings-and-sec-filings/sec-filings-details/default.aspx?FilingId=7744380,https://d18rn0p25nwr6d.cloudfront.net/CIK-0000004962/109ee8b8-60bb-4a01-a3eb-b1ddaf821dc4.pdf,https://d18rn0p25nwr6d.cloudfront.net/CIK-0000004962/9a8796fc-c4ce-43c0-bd3d-56d7b66d3b08.xls
"Feb 08, 2011",Form 4,Statement of Changes in Beneficial Ownership,https://ir.americanexpress.com/financials/earnings-and-sec-filings/sec-filings-details/default.aspx?FilingId=7703476,https://d18rn0p25nwr6d.cloudfront.net/CIK-0000004962/3f2bf3c1-105f-4958-93f7-674423b3920d.pdf,https://d18rn0p25nwr6d.cloudfront.net/CIK-0000004962/492c70fc-1ef7-4b5d-b902-e3ed1a9af5b2.xls
"Feb 02, 2011",Form 4,Statement of Changes in Beneficial Ownership,https://ir.americanexpress.com/financials/earnings-and-sec-filings/sec-filings-details/default.aspx?FilingId=7690492,https://d18rn0p25nwr6d.cloudfront.net/CIK-0000004962/455bdc99-a412-4293-aabd-dfa27382de13.pdf,https://d18rn0p25nwr6d.cloudfront.net/CIK-0000004962/82909368-80e5-4318-b56a-92c2a46b3bd6.xls
"Feb 02, 2011",Form 4,Statement of Changes in Beneficial Ownership,https://ir.americanexpress.com/financials/earnings-and-sec-filings/sec-filings-details/default.aspx?FilingId=7690497,https://d18rn0p25nwr6d.cloudfront.net/CIK-0000004962/942cf541-7563-4b7e-8aff-8cb089f09c92.pdf,https://d18rn0p25nwr6d.cloudfront.net/CIK-0000004962/3df85b9e-85f3-4a44-87bb-e1a6b50e2dd2.xls
"Feb 02, 2011",Form 4,Statement of Changes in Beneficial Ownership,https://ir.americanexpress.com/financials/earnings-and-sec-filings/sec-filings-details/default.aspx?FilingId=7690540,https://d18rn0p25nwr6d.cloudfront.net/CIK-0000004962/f5942e0d-10a6-401d-97f0-14b98e1ab277.pdf,https://d18rn0p25nwr6d.cloudfront.net/CIK-0000004962/2b01bfdd-c444-4dd5-a835-c41f56d6526a.xls
"Feb 02, 2011",Form 4,Statement of Changes in Beneficial Ownership,https://ir.americanexpress.com/financials/earnings-and-sec-filings/sec-filings-details/default.aspx?FilingId=7690555,https://d18rn0p25nwr6d.cloudfront.net/CIK-0000004962/8cfb00fe-8a90-463f-9e11-51453bbece4f.pdf,https://d18rn0p25nwr6d.cloudfront.net/CIK-0000004962/9e842eb1-73de-45d2-808b-828afd31ce02.xls
"Feb 02, 2011",Form 4,Statement of Changes in Beneficial Ownership,https://ir.americanexpress.com/financials/earnings-and-sec-filings/sec-filings-details/default.aspx?FilingId=7690577,https://d18rn0p25nwr6d.cloudfront.net/CIK-0000004962/56fce867-be37-410e-8c09-559358b46bbc.pdf,https://d18rn0p25nwr6d.cloudfront.net/CIK-0000004962/bf4559fe-6910-4f76-9fd2-533aec145cfc.xls
"Feb 01, 2011",Form 4,Statement of Changes in Beneficial Ownership,https://ir.americanexpress.com/financials/earnings-and-sec-filings/sec-filings-details/default.aspx?FilingId=7687080,https://d18rn0p25nwr6d.cloudfront.net/CIK-0000004962/ecfd7883-5c5a-4a31-b974-342f2f5d1089.pdf,https://d18rn0p25nwr6d.cloudfront.net/CIK-0000004962/1f8109f1-62c6-4792-b1e7-053d53366088.xls
"Feb 01, 2011",Form 4,Statement of Changes in Beneficial Ownership,https://ir.americanexpress.com/financials/earnings-and-sec-filings/sec-filings-details/default.aspx?FilingId=7687102,https://d18rn0p25nwr6d.cloudfront.net/CIK-0000004962/0f7c8dc8-e09b-4236-ae6d-741e7eb99053.pdf,https://d18rn0p25nwr6d.cloudfront.net/CIK-0000004962/d6106962-2329-4795-82bd-8db2eee1c10a.xls
"Jan 28, 2011",Form 4,Statement of Changes in Beneficial Ownership,https://ir.americanexpress.com/financials/earnings-and-sec-filings/sec-filings-details/default.aspx?FilingId=7679982,https://d18rn0p25nwr6d.cloudfront.net/CIK-0000004962/32eb056e-b84f-413f-9d69-579cb0271a31.pdf,https://d18rn0p25nwr6d.cloudfront.net/CIK-0000004962/95d26fe4-3dbf-49c1-9a33-fa50f230e091.xls
"Jan 28, 2011",Form 4,Statement of Changes in Beneficial Ownership,https://ir.americanexpress.com/financials/earnings-and-sec-filings/sec-filings-details/default.aspx?FilingId=7679995,https://d18rn0p25nwr6d.cloudfront.net/CIK-0000004962/76121e9f-9df4-4024-8609-6b90566c128e.pdf,https://d18rn0p25nwr6d.cloudfront.net/CIK-0000004962/7780af0d-525e-4b83-a266-c63ca48da1f6.xls
"Jan 28, 2011",Form 4,Statement of Changes in Beneficial Ownership,https://ir.americanexpress.com/financials/earnings-and-sec-filings/sec-filings-details/default.aspx?FilingId=7679996,https://d18rn0p25nwr6d.cloudfront.net/CIK-0000004962/5a8aa6f8-c028-4cf7-b628-fd2f79e1356a.pdf,https://d18rn0p25nwr6d.cloudfront.net/CIK-0000004962/14efd485-ed04-469c-85b7-4ff4cda18097.xls
"Jan 28, 2011",Form 4,Statement of Changes in Beneficial Ownership,https://ir.americanexpress.com/financials/earnings-and-sec-filings/sec-filings-details/default.aspx?FilingId=7680008,https://d18rn0p25nwr6d.cloudfront.net/CIK-0000004962/91314fe8-9e64-40fd-953c-7777f677c03a.pdf,https://d18rn0p25nwr6d.cloudfront.net/CIK-0000004962/233cacfe-bb44-4c4f-bc45-0eab3a221334.xls
"Jan 28, 2011",Form 4,Statement of Changes in Beneficial Ownership,https://ir.americanexpress.com/financials/earnings-and-sec-filings/sec-filings-details/default.aspx?FilingId=7680018,https://d18rn0p25nwr6d.cloudfront.net/CIK-0000004962/c6ce579a-dc30-4a2a-9eaf-ee31732180bf.pdf,https://d18rn0p25nwr6d.cloudfront.net/CIK-0000004962/0ed0430a-0d61-4714-95b4-0c8a401b447e.xls
"Jan 28, 2011",Form 4,Statement of Changes in Beneficial Ownership,https://ir.americanexpress.com/financials/earnings-and-sec-filings/sec-filings-details/default.aspx?FilingId=7680025,https://d18rn0p25nwr6d.cloudfront.net/CIK-0000004962/b2e185d1-0b32-42e4-9eea-8ee50d46a8fd.pdf,https://d18rn0p25nwr6d.cloudfront.net/CIK-0000004962/5e11e2c8-8570-4011-87ba-591e907a3b8e.xls
"Jan 28, 2011",Form 4,Statement of Changes in Beneficial Ownership,https://ir.americanexpress.com/financials/earnings-and-sec-filings/sec-filings-details/default.aspx?FilingId=7680032,https://d18rn0p25nwr6d.cloudfront.net/CIK-0000004962/6cf7322b-0f5d-454c-83ce-3063b9226f58.pdf,https://d18rn0p25nwr6d.cloudfront.net/CIK-0000004962/2d8e10b5-32ae-49d4-8773-49579ce3ad0d.xls
"Jan 28, 2011",Form 4,Statement of Changes in Beneficial Ownership,https://ir.americanexpress.com/financials/earnings-and-sec-filings/sec-filings-details/default.aspx?FilingId=7680037,https://d18rn0p25nwr6d.cloudfront.net/CIK-0000004962/e97a9ade-c01e-4789-8bae-fa9358205741.pdf,https://d18rn0p25nwr6d.cloudfront.net/CIK-0000004962/638d8f77-8900-45d7-972f-567909bbc1a5.xls
"Jan 28, 2011",Form 4,Statement of Changes in Beneficial Ownership,https://ir.americanexpress.com/financials/earnings-and-sec-filings/sec-filings-details/default.aspx?FilingId=7680049,https://d18rn0p25nwr6d.cloudfront.net/CIK-0000004962/de8732d5-2ef7-455e-8a03-5ac44ff3099a.pdf,https://d18rn0p25nwr6d.cloudfront.net/CIK-0000004962/76562f88-766c-4340-a0a1-8ec7fd5197dc.xls
"Jan 28, 2011",Form 4,Statement of Changes in Beneficial Ownership,https://ir.americanexpress.com/financials/earnings-and-sec-filings/sec-filings-details/default.aspx?FilingId=7680058,https://d18rn0p25nwr6d.cloudfront.net/CIK-0000004962/c816bc4e-5c53-4ffe-bf9b-d95b3db6707b.pdf,https://d18rn0p25nwr6d.cloudfront.net/CIK-0000004962/da4ee372-8e5d-4524-9942-fc3ac3b6d8dd.xls
"Jan 28, 2011",Form 4,Statement of Changes in Beneficial Ownership,https://ir.americanexpress.com/financials/earnings-and-sec-filings/sec-filings-details/default.aspx?FilingId=7680075,https://d18rn0p25nwr6d.cloudfront.net/CIK-0000004962/4111b868-aad5-492c-bbf3-eb80dc62b43d.pdf,https://d18rn0p25nwr6d.cloudfront.net/CIK-0000004962/5943f872-dbc2-4639-bb79-831c5f16cd6b.xls
"Jan 28, 2011",Form 4,Statement of Changes in Beneficial Ownership,https://ir.americanexpress.com/financials/earnings-and-sec-filings/sec-filings-details/default.aspx?FilingId=7680077,https://d18rn0p25nwr6d.cloudfront.net/CIK-0000004962/efef855e-9326-4812-8ec6-9bc56b62f6b5.pdf,https://d18rn0p25nwr6d.cloudfront.net/CIK-0000004962/a9cb8dca-1170-4022-a437-9ca7786109c2.xls
"Jan 28, 2011",Form 4,Statement of Changes in Beneficial Ownership,https://ir.americanexpress.com/financials/earnings-and-sec-filings/sec-filings-details/default.aspx?FilingId=7680081,https://d18rn0p25nwr6d.cloudfront.net/CIK-0000004962/ed464670-6ea2-4455-85fa-1f75e4b17945.pdf,https://d18rn0p25nwr6d.cloudfront.net/CIK-0000004962/89db6fc6-f181-48b8-a031-2a18325f8d7f.xls
"Jan 27, 2011",Form 4,Statement of Changes in Beneficial Ownership,https://ir.americanexpress.com/financials/earnings-and-sec-filings/sec-filings-details/default.aspx?FilingId=7676739,https://d18rn0p25nwr6d.cloudfront.net/CIK-0000004962/926883f5-1032-45ee-89c8-a48dae9369e0.pdf,https://d18rn0p25nwr6d.cloudfront.net/CIK-0000004962/9993808a-c1fc-413d-afaa-220bfaa64904.xls
"Jan 27, 2011",Form 4,Statement of Changes in Beneficial Ownership,https://ir.americanexpress.com/financials/earnings-and-sec-filings/sec-filings-details/default.aspx?FilingId=7676842,https://d18rn0p25nwr6d.cloudfront.net/CIK-0000004962/7adb1a4d-0335-44b8-96a2-cee25fcd95ef.pdf,https://d18rn0p25nwr6d.cloudfront.net/CIK-0000004962/075f69c2-3ec1-4364-be9c-5b09934e177c.xls
"Jan 04, 2011",Form 4,Statement of Changes in Beneficial Ownership,https://ir.americanexpress.com/financials/earnings-and-sec-filings/sec-filings-details/default.aspx?FilingId=7637572,https://d18rn0p25nwr6d.cloudfront.net/CIK-0000004962/faa74fbb-e9a8-4e95-8166-b855b085507a.pdf,https://d18rn0p25nwr6d.cloudfront.net/CIK-0000004962/ba175f83-2771-4ac1-8f54-d03eebf969c9.xls
"Jan 04, 2011",Form 4,Statement of Changes in Beneficial Ownership,https://ir.americanexpress.com/financials/earnings-and-sec-filings/sec-filings-details/default.aspx?FilingId=7637608,https://d18rn0p25nwr6d.cloudfront.net/CIK-0000004962/734122d9-dc25-4266-8581-ffe8f53a28d7.pdf,https://d18rn0p25nwr6d.cloudfront.net/CIK-0000004962/16afd6ba-1df5-4829-8a04-d390d68ac14c.xls
"Jan 04, 2011",Form 4,Statement of Changes in Beneficial Ownership,https://ir.americanexpress.com/financials/earnings-and-sec-filings/sec-filings-details/default.aspx?FilingId=7637740,https://d18rn0p25nwr6d.cloudfront.net/CIK-0000004962/d2205920-e964-42c1-b564-70dbc1a639e1.pdf,https://d18rn0p25nwr6d.cloudfront.net/CIK-0000004962/dd5ca789-fd11-4ea2-9f42-7a3d12c9bf84.xls
"Jan 04, 2011",Form 4,Statement of Changes in Beneficial Ownership,https://ir.americanexpress.com/financials/earnings-and-sec-filings/sec-filings-details/default.aspx?FilingId=7637789,https://d18rn0p25nwr6d.cloudfront.net/CIK-0000004962/f7b0429c-b4b5-4eaa-a461-f8d8c98720d5.pdf,https://d18rn0p25nwr6d.cloudfront.net/CIK-0000004962/98564e23-cfc0-4b8f-8f37-b6b6d08c445c.xls
"Dec 03, 2010",Form 4,Statement of Changes in Beneficial Ownership,https://ir.americanexpress.com/financials/earnings-and-sec-filings/sec-filings-details/default.aspx?FilingId=7592427,https://d18rn0p25nwr6d.cloudfront.net/CIK-0000004962/20f8e3ca-a67c-4c22-b5f2-9233a836dadf.pdf,https://d18rn0p25nwr6d.cloudfront.net/CIK-0000004962/69b6a1ca-9dec-4044-bf5e-9a0363d6352b.xls
"Dec 03, 2010",Form 4,Statement of Changes in Beneficial Ownership,https://ir.americanexpress.com/financials/earnings-and-sec-filings/sec-filings-details/default.aspx?FilingId=7592451,https://d18rn0p25nwr6d.cloudfront.net/CIK-0000004962/57c73a45-f18a-4000-a374-4a1a41e3755e.pdf,https://d18rn0p25nwr6d.cloudfront.net/CIK-0000004962/f059e09f-3714-4d23-a356-bd7c97d7adfe.xls
"Nov 29, 2010",Form 4,Statement of Changes in Beneficial Ownership,https://ir.americanexpress.com/financials/earnings-and-sec-filings/sec-filings-details/default.aspx?FilingId=7582131,https://d18rn0p25nwr6d.cloudfront.net/CIK-0000004962/24d7aefd-8622-44f8-869b-5faa0c84aa53.pdf,https://d18rn0p25nwr6d.cloudfront.net/CIK-0000004962/df09c95a-12c0-4bf9-aae4-48eab8714abd.xls
"Nov 29, 2010",Form 4,Statement of Changes in Beneficial Ownership,https://ir.americanexpress.com/financials/earnings-and-sec-filings/sec-filings-details/default.aspx?FilingId=7582171,https://d18rn0p25nwr6d.cloudfront.net/CIK-0000004962/81932d51-27b8-4d40-8fea-77be7fcf1968.pdf,https://d18rn0p25nwr6d.cloudfront.net/CIK-0000004962/b810ccd3-a32e-4200-8358-6f9f30f6a985.xls
"Nov 29, 2010",Form 4,Statement of Changes in Beneficial Ownership,https://ir.americanexpress.com/financials/earnings-and-sec-filings/sec-filings-details/default.aspx?FilingId=7582210,https://d18rn0p25nwr6d.cloudfront.net/CIK-0000004962/0226e8d7-0a5e-42af-a929-b83a793798bf.pdf,https://d18rn0p25nwr6d.cloudfront.net/CIK-0000004962/d7e42173-332d-4bf9-b309-24eeb0eab78b.xls
"Nov 09, 2010",Form 4,Statement of Changes in Beneficial Ownership,https://ir.americanexpress.com/financials/earnings-and-sec-filings/sec-filings-details/default.aspx?FilingId=7545515,https://d18rn0p25nwr6d.cloudfront.net/CIK-0000004962/98ea351f-7fe7-41e8-8c94-270c996f35dc.pdf,https://d18rn0p25nwr6d.cloudfront.net/CIK-0000004962/ab1b2bcb-fe38-4089-85cd-e705cdfc3e08.xls
"Nov 09, 2010",Form 4,Statement of Changes in Beneficial Ownership,https://ir.americanexpress.com/financials/earnings-and-sec-filings/sec-filings-details/default.aspx?FilingId=7545615,https://d18rn0p25nwr6d.cloudfront.net/CIK-0000004962/7b8bb55a-11fa-437a-b1ee-e7dbc8fdcfb9.pdf,https://d18rn0p25nwr6d.cloudfront.net/CIK-0000004962/0f882d7b-7813-4454-a62d-959059a30485.xls
"Nov 05, 2010",Form 4,Statement of Changes in Beneficial Ownership,https://ir.americanexpress.com/financials/earnings-and-sec-filings/sec-filings-details/default.aspx?FilingId=7539664,https://d18rn0p25nwr6d.cloudfront.net/CIK-0000004962/2ee50be2-8ede-4709-933c-4b1815a8f9ab.pdf,https://d18rn0p25nwr6d.cloudfront.net/CIK-0000004962/53c35047-2282-4423-be7f-9e83ed0c503f.xls
"Oct 26, 2010",Form 4,Statement of Changes in Beneficial Ownership,https://ir.americanexpress.com/financials/earnings-and-sec-filings/sec-filings-details/default.aspx?FilingId=7516769,https://d18rn0p25nwr6d.cloudfront.net/CIK-0000004962/0b2e7860-9900-4cc4-87e4-40a90194536c.pdf,https://d18rn0p25nwr6d.cloudfront.net/CIK-0000004962/b301792d-3313-4479-abf4-6d0079b8bc4a.xls
"Oct 04, 2010",Form 4,Statement of Changes in Beneficial Ownership,https://ir.americanexpress.com/financials/earnings-and-sec-filings/sec-filings-details/default.aspx?FilingId=7487573,https://d18rn0p25nwr6d.cloudfront.net/CIK-0000004962/b3026ed8-84e7-4e22-9e5f-1db3b35313e3.pdf,https://d18rn0p25nwr6d.cloudfront.net/CIK-0000004962/d13c2439-bbb6-4795-b240-57424ee139e4.xls
"Oct 04, 2010",Form 4,Statement of Changes in Beneficial Ownership,https://ir.americanexpress.com/financials/earnings-and-sec-filings/sec-filings-details/default.aspx?FilingId=7487654,https://d18rn0p25nwr6d.cloudfront.net/CIK-0000004962/c505d852-f7c3-4a1d-ab60-dfc7ab36e07d.pdf,https://d18rn0p25nwr6d.cloudfront.net/CIK-0000004962/b88607ab-12eb-4d12-868e-99fc36baa2cf.xls
"Oct 04, 2010",Form 4,Statement of Changes in Beneficial Ownership,https://ir.americanexpress.com/financials/earnings-and-sec-filings/sec-filings-details/default.aspx?FilingId=7487738,https://d18rn0p25nwr6d.cloudfront.net/CIK-0000004962/c1f3251b-6041-450c-9575-ae026c613a91.pdf,https://d18rn0p25nwr6d.cloudfront.net/CIK-0000004962/29faedf8-c522-4182-b161-a4ddfb8dc5f6.xls
"Oct 04, 2010",Form 4,Statement of Changes in Beneficial Ownership,https://ir.americanexpress.com/financials/earnings-and-sec-filings/sec-filings-details/default.aspx?FilingId=7487826,https://d18rn0p25nwr6d.cloudfront.net/CIK-0000004962/2c90a747-2b1c-48cd-b634-f5f14fa40cbe.pdf,https://d18rn0p25nwr6d.cloudfront.net/CIK-0000004962/51d188be-4a8a-4341-b52b-d79cd952fc18.xls
"Sep 02, 2010",Form 4,Statement of Changes in Beneficial Ownership,https://ir.americanexpress.com/financials/earnings-and-sec-filings/sec-filings-details/default.aspx?FilingId=7446782,https://d18rn0p25nwr6d.cloudfront.net/CIK-0000004962/45071c06-4c61-4785-bcec-b60cc887e28b.pdf,https://d18rn0p25nwr6d.cloudfront.net/CIK-0000004962/9b2847e6-d088-440b-af8f-3c07ebe907fd.xls
"Aug 31, 2010",Form 3,Initial Statement of Beneficial Ownership,https://ir.americanexpress.com/financials/earnings-and-sec-filings/sec-filings-details/default.aspx?FilingId=7442556,https://d18rn0p25nwr6d.cloudfront.net/CIK-0000004962/c08aa026-b879-4bcb-8dfa-3ea52c47cd3b.pdf,https://d18rn0p25nwr6d.cloudfront.net/CIK-0000004962/703ad1f3-912c-423d-9e3b-781a3f00360f.xls
"Aug 03, 2010",Form 4,Statement of Changes in Beneficial Ownership,https://ir.americanexpress.com/financials/earnings-and-sec-filings/sec-filings-details/default.aspx?FilingId=7389371,https://d18rn0p25nwr6d.cloudfront.net/CIK-0000004962/7b8cc276-2356-4318-a282-a79fd7b8828c.pdf,https://d18rn0p25nwr6d.cloudfront.net/CIK-0000004962/c82a1ef1-3c8b-4f35-a39f-1cbdb1355005.xls
"Jul 28, 2010",Form 4,Statement of Changes in Beneficial Ownership,https://ir.americanexpress.com/financials/earnings-and-sec-filings/sec-filings-details/default.aspx?FilingId=7377406,https://d18rn0p25nwr6d.cloudfront.net/CIK-0000004962/b63522a7-f5db-444a-8fd7-75e7f23efaf5.pdf,https://d18rn0p25nwr6d.cloudfront.net/CIK-0000004962/fd61e75b-66e0-4717-9931-36cdffe99ea4.xls
"Jul 28, 2010",Form 4,Statement of Changes in Beneficial Ownership,https://ir.americanexpress.com/financials/earnings-and-sec-filings/sec-filings-details/default.aspx?FilingId=7377413,https://d18rn0p25nwr6d.cloudfront.net/CIK-0000004962/60957b01-5520-43e1-822b-f7dfaa11b238.pdf,https://d18rn0p25nwr6d.cloudfront.net/CIK-0000004962/f95951a6-a067-4c6c-8d3b-4edfc68bede5.xls
"Jul 27, 2010",Form 4,Statement of Changes in Beneficial Ownership,https://ir.americanexpress.com/financials/earnings-and-sec-filings/sec-filings-details/default.aspx?FilingId=7374503,https://d18rn0p25nwr6d.cloudfront.net/CIK-0000004962/897c3639-1570-45a6-94b5-27906ff33902.pdf,https://d18rn0p25nwr6d.cloudfront.net/CIK-0000004962/9aafee64-8f52-44bf-854f-59c92f09982d.xls
"Jul 22, 2010",Form 3,Initial Statement of Beneficial Ownership,https://ir.americanexpress.com/financials/earnings-and-sec-filings/sec-filings-details/default.aspx?FilingId=7369844,https://d18rn0p25nwr6d.cloudfront.net/CIK-0000004962/cff058db-a5d1-4eb7-847d-8f3f4980b82c.pdf,https://d18rn0p25nwr6d.cloudfront.net/CIK-0000004962/57c33c19-5783-4a91-92ba-5d8fb5e4ba34.xls
"Jul 16, 2010",Form 4,Statement of Changes in Beneficial Ownership,https://ir.americanexpress.com/financials/earnings-and-sec-filings/sec-filings-details/default.aspx?FilingId=7362939,https://d18rn0p25nwr6d.cloudfront.net/CIK-0000004962/88c80e55-8fa0-4996-a455-cf917ac69b7f.pdf,https://d18rn0p25nwr6d.cloudfront.net/CIK-0000004962/ad5fb3c5-0a24-48a5-9629-d0f33c9c52c9.xls
"Jul 02, 2010",Form 4,Statement of Changes in Beneficial Ownership,https://ir.americanexpress.com/financials/earnings-and-sec-filings/sec-filings-details/default.aspx?FilingId=7345517,https://d18rn0p25nwr6d.cloudfront.net/CIK-0000004962/2cc76ddd-70e3-47a0-a0fb-7a1eac9be736.pdf,https://d18rn0p25nwr6d.cloudfront.net/CIK-0000004962/dceb2659-3218-4f95-a321-12f2310ddd63.xls
"Jul 02, 2010",Form 4,Statement of Changes in Beneficial Ownership,https://ir.americanexpress.com/financials/earnings-and-sec-filings/sec-filings-details/default.aspx?FilingId=7345548,https://d18rn0p25nwr6d.cloudfront.net/CIK-0000004962/407b15d2-eed3-4208-8884-71637cb7d5a3.pdf,https://d18rn0p25nwr6d.cloudfront.net/CIK-0000004962/eb94cd56-eb4f-4f10-b998-316b4193335c.xls
"Jul 02, 2010",Form 4,Statement of Changes in Beneficial Ownership,https://ir.americanexpress.com/financials/earnings-and-sec-filings/sec-filings-details/default.aspx?FilingId=7345632,https://d18rn0p25nwr6d.cloudfront.net/CIK-0000004962/e03423b9-cc03-4ce1-bad7-8fa07730281a.pdf,https://d18rn0p25nwr6d.cloudfront.net/CIK-0000004962/6e681e34-7479-41a0-8cd6-f1e6ee7de329.xls
"Jul 02, 2010",Form 4,Statement of Changes in Beneficial Ownership,https://ir.americanexpress.com/financials/earnings-and-sec-filings/sec-filings-details/default.aspx?FilingId=7345682,https://d18rn0p25nwr6d.cloudfront.net/CIK-0000004962/d6ae8be8-20b4-4931-b7b7-93e6dc63ebee.pdf,https://d18rn0p25nwr6d.cloudfront.net/CIK-0000004962/949ef2af-62a1-456a-9821-adfd9baf158d.xls
"May 04, 2010",Form 4,Statement of Changes in Beneficial Ownership,https://ir.americanexpress.com/financials/earnings-and-sec-filings/sec-filings-details/default.aspx?FilingId=7227216,https://d18rn0p25nwr6d.cloudfront.net/CIK-0000004962/52a41da1-9595-4d48-9ebc-bc2e8fb36195.pdf,https://d18rn0p25nwr6d.cloudfront.net/CIK-0000004962/bc162ed8-7cd3-47c0-a8e9-f6b27c9af89c.xls
"Apr 30, 2010",Form 4,Statement of Changes in Beneficial Ownership,https://ir.americanexpress.com/financials/earnings-and-sec-filings/sec-filings-details/default.aspx?FilingId=7218770,https://d18rn0p25nwr6d.cloudfront.net/CIK-0000004962/2d50daa5-5740-4137-9a60-e26044d79b3a.pdf,https://d18rn0p25nwr6d.cloudfront.net/CIK-0000004962/d402d72f-2f4d-401e-b964-b72936217c57.xls
"Apr 30, 2010",Form 4,Statement of Changes in Beneficial Ownership,https://ir.americanexpress.com/financials/earnings-and-sec-filings/sec-filings-details/default.aspx?FilingId=7219345,https://d18rn0p25nwr6d.cloudfront.net/CIK-0000004962/f590a157-903b-439a-9ac0-07cd283df904.pdf,https://d18rn0p25nwr6d.cloudfront.net/CIK-0000004962/ec7337dc-b148-4cba-9389-377156bfd741.xls
"Apr 30, 2010",Form 4,Statement of Changes in Beneficial Ownership,https://ir.americanexpress.com/financials/earnings-and-sec-filings/sec-filings-details/default.aspx?FilingId=7219347,https://d18rn0p25nwr6d.cloudfront.net/CIK-0000004962/0bb3ac2c-5e3d-4a3c-aa31-e160f011a8dd.pdf,https://d18rn0p25nwr6d.cloudfront.net/CIK-0000004962/868cdbc4-e993-48f4-a4dd-7fa15e339cb6.xls
"Apr 28, 2010",Form 4,Statement of Changes in Beneficial Ownership,https://ir.americanexpress.com/financials/earnings-and-sec-filings/sec-filings-details/default.aspx?FilingId=7209987,https://d18rn0p25nwr6d.cloudfront.net/CIK-0000004962/e9d4a15a-d9a0-44bf-a471-a91a16d695fd.pdf,https://d18rn0p25nwr6d.cloudfront.net/CIK-0000004962/a3a1e835-835d-4e09-8028-bd03eb565b40.xls
"Apr 28, 2010",Form 4,Statement of Changes in Beneficial Ownership,https://ir.americanexpress.com/financials/earnings-and-sec-filings/sec-filings-details/default.aspx?FilingId=7209990,https://d18rn0p25nwr6d.cloudfront.net/CIK-0000004962/cdaddc04-8a79-40ca-b21e-df46243c537a.pdf,https://d18rn0p25nwr6d.cloudfront.net/CIK-0000004962/de0dc944-3386-4a98-97dd-caa3b24b4bd8.xls
"Apr 27, 2010",Form 4,Statement of Changes in Beneficial Ownership,https://ir.americanexpress.com/financials/earnings-and-sec-filings/sec-filings-details/default.aspx?FilingId=7206999,https://d18rn0p25nwr6d.cloudfront.net/CIK-0000004962/84677bc3-8afe-4c8e-943d-6cba4a09b57d.pdf,https://d18rn0p25nwr6d.cloudfront.net/CIK-0000004962/84a679af-011a-40ec-b163-c8ce92ecfb77.xls
"Apr 27, 2010",Form 4,Statement of Changes in Beneficial Ownership,https://ir.americanexpress.com/financials/earnings-and-sec-filings/sec-filings-details/default.aspx?FilingId=7207053,https://d18rn0p25nwr6d.cloudfront.net/CIK-0000004962/df0670c4-4b6d-40ff-8cab-d1027f1ff8f7.pdf,https://d18rn0p25nwr6d.cloudfront.net/CIK-0000004962/fe8be55b-5a91-4329-a243-a03fd8e21ef3.xls
"Apr 27, 2010",Form 4,Statement of Changes in Beneficial Ownership,https://ir.americanexpress.com/financials/earnings-and-sec-filings/sec-filings-details/default.aspx?FilingId=7207064,https://d18rn0p25nwr6d.cloudfront.net/CIK-0000004962/901debb5-8f94-48ad-961a-14e5227de513.pdf,https://d18rn0p25nwr6d.cloudfront.net/CIK-0000004962/f29bffb2-c56a-43ec-b99e-491c58b017da.xls
"Apr 27, 2010",Form 4,Statement of Changes in Beneficial Ownership,https://ir.americanexpress.com/financials/earnings-and-sec-filings/sec-filings-details/default.aspx?FilingId=7207078,https://d18rn0p25nwr6d.cloudfront.net/CIK-0000004962/48d97576-bc1d-469c-a4b3-ab6274e6f1a8.pdf,https://d18rn0p25nwr6d.cloudfront.net/CIK-0000004962/3c70a349-5a8a-40af-9161-8cfb5d1236b8.xls
"Apr 27, 2010",Form 4,Statement of Changes in Beneficial Ownership,https://ir.americanexpress.com/financials/earnings-and-sec-filings/sec-filings-details/default.aspx?FilingId=7207219,https://d18rn0p25nwr6d.cloudfront.net/CIK-0000004962/65a2fb55-a628-4477-8d2e-8210058ef245.pdf,https://d18rn0p25nwr6d.cloudfront.net/CIK-0000004962/bb9420c1-6695-48f5-ab23-b4733ee338d9.xls
"Apr 27, 2010",Form 4,Statement of Changes in Beneficial Ownership,https://ir.americanexpress.com/financials/earnings-and-sec-filings/sec-filings-details/default.aspx?FilingId=7207221,https://d18rn0p25nwr6d.cloudfront.net/CIK-0000004962/b0a5b429-edcf-431b-bdd8-4e8842e9a2ba.pdf,https://d18rn0p25nwr6d.cloudfront.net/CIK-0000004962/afb9df00-54b9-43e8-9870-aac96f763944.xls
"Apr 27, 2010",Form 4,Statement of Changes in Beneficial Ownership,https://ir.americanexpress.com/financials/earnings-and-sec-filings/sec-filings-details/default.aspx?FilingId=7207222,https://d18rn0p25nwr6d.cloudfront.net/CIK-0000004962/7fb626ca-d029-4451-b8f4-cd0a93c487a2.pdf,https://d18rn0p25nwr6d.cloudfront.net/CIK-0000004962/3d22517a-a9b0-4370-ae59-6aa566dbb0f5.xls
"Apr 27, 2010",Form 4,Statement of Changes in Beneficial Ownership,https://ir.americanexpress.com/financials/earnings-and-sec-filings/sec-filings-details/default.aspx?FilingId=7207223,https://d18rn0p25nwr6d.cloudfront.net/CIK-0000004962/94528191-276e-4a33-9a31-b4b35babf6e1.pdf,https://d18rn0p25nwr6d.cloudfront.net/CIK-0000004962/b8522ed4-b8ad-48ed-8c41-82fcb04a70f6.xls
"Apr 27, 2010",Form 4,Statement of Changes in Beneficial Ownership,https://ir.americanexpress.com/financials/earnings-and-sec-filings/sec-filings-details/default.aspx?FilingId=7207227,https://d18rn0p25nwr6d.cloudfront.net/CIK-0000004962/18e156c7-c170-48de-a7bc-ead31ed17170.pdf,https://d18rn0p25nwr6d.cloudfront.net/CIK-0000004962/34eb9994-c251-4b47-a33a-84cc01e86ce6.xls
"Apr 27, 2010",Form 4,Statement of Changes in Beneficial Ownership,https://ir.americanexpress.com/financials/earnings-and-sec-filings/sec-filings-details/default.aspx?FilingId=7207231,https://d18rn0p25nwr6d.cloudfront.net/CIK-0000004962/24382221-ce0a-45c2-a487-634a5b6fe4cb.pdf,https://d18rn0p25nwr6d.cloudfront.net/CIK-0000004962/a78257bf-0d86-495d-8c9b-b7b3c7db6fb4.xls
"Apr 27, 2010",Form 4,Statement of Changes in Beneficial Ownership,https://ir.americanexpress.com/financials/earnings-and-sec-filings/sec-filings-details/default.aspx?FilingId=7207232,https://d18rn0p25nwr6d.cloudfront.net/CIK-0000004962/28fe5b25-088b-4a76-ab75-380d3f63883d.pdf,https://d18rn0p25nwr6d.cloudfront.net/CIK-0000004962/bbc024c8-17e5-4360-8a0f-2d49f23cae55.xls
"Apr 26, 2010",Form 4,Statement of Changes in Beneficial Ownership,https://ir.americanexpress.com/financials/earnings-and-sec-filings/sec-filings-details/default.aspx?FilingId=7202967,https://d18rn0p25nwr6d.cloudfront.net/CIK-0000004962/14056984-7fa0-4fcc-9e6b-e65d6c1a34eb.pdf,https://d18rn0p25nwr6d.cloudfront.net/CIK-0000004962/90a06583-c847-4a4d-8c13-d9e8366a0db7.xls
"Apr 26, 2010",Form 4,Statement of Changes in Beneficial Ownership,https://ir.americanexpress.com/financials/earnings-and-sec-filings/sec-filings-details/default.aspx?FilingId=7202970,https://d18rn0p25nwr6d.cloudfront.net/CIK-0000004962/764e2690-45b9-4c66-bf1f-d21ac798528e.pdf,https://d18rn0p25nwr6d.cloudfront.net/CIK-0000004962/90f4ee33-34c8-459e-b8b5-fced7d71c34f.xls
"Apr 02, 2010",Form 4,Statement of Changes in Beneficial Ownership,https://ir.americanexpress.com/financials/earnings-and-sec-filings/sec-filings-details/default.aspx?FilingId=7166264,https://d18rn0p25nwr6d.cloudfront.net/CIK-0000004962/83d75a80-46aa-44d1-92d2-483bb5cacf40.pdf,https://d18rn0p25nwr6d.cloudfront.net/CIK-0000004962/d956d062-4210-400f-a896-61cdd5ea913e.xls
"Apr 02, 2010",Form 4,Statement of Changes in Beneficial Ownership,https://ir.americanexpress.com/financials/earnings-and-sec-filings/sec-filings-details/default.aspx?FilingId=7166522,https://d18rn0p25nwr6d.cloudfront.net/CIK-0000004962/b68e8698-6e8d-4331-8610-da4068796a0b.pdf,https://d18rn0p25nwr6d.cloudfront.net/CIK-0000004962/03fc2ef0-3468-477f-9aca-1328a075a25e.xls
"Apr 02, 2010",Form 4,Statement of Changes in Beneficial Ownership,https://ir.americanexpress.com/financials/earnings-and-sec-filings/sec-filings-details/default.aspx?FilingId=7166536,https://d18rn0p25nwr6d.cloudfront.net/CIK-0000004962/8e0b2330-f75f-437b-a4f1-ea48f2433514.pdf,https://d18rn0p25nwr6d.cloudfront.net/CIK-0000004962/8698b5ae-1c12-419c-b89c-28bf43d2c408.xls
"Apr 02, 2010",Form 4,Statement of Changes in Beneficial Ownership,https://ir.americanexpress.com/financials/earnings-and-sec-filings/sec-filings-details/default.aspx?FilingId=7166573,https://d18rn0p25nwr6d.cloudfront.net/CIK-0000004962/1353394a-a6fe-479e-b6f5-b9a9a9e2d163.pdf,https://d18rn0p25nwr6d.cloudfront.net/CIK-0000004962/b6d70552-e0ca-49fe-8614-2ae31c1aeb15.xls
"Mar 19, 2010",Form 4,Statement of Changes in Beneficial Ownership,https://ir.americanexpress.com/financials/earnings-and-sec-filings/sec-filings-details/default.aspx?FilingId=7137981,https://d18rn0p25nwr6d.cloudfront.net/CIK-0000004962/590d92e5-eedc-471b-878c-09f7a0e9d766.pdf,https://d18rn0p25nwr6d.cloudfront.net/CIK-0000004962/e76ccf7b-03ac-4302-802a-8843016dcae6.xls
"Mar 16, 2010",Form 4,Statement of Changes in Beneficial Ownership,https://ir.americanexpress.com/financials/earnings-and-sec-filings/sec-filings-details/default.aspx?FilingId=7129780,https://d18rn0p25nwr6d.cloudfront.net/CIK-0000004962/527c85cd-6a76-410b-a37f-b41dfc8693d4.pdf,https://d18rn0p25nwr6d.cloudfront.net/CIK-0000004962/92d89028-0ac7-4127-b7cf-99f0cd76d5dc.xls
"Mar 02, 2010",Form 4,Statement of Changes in Beneficial Ownership,https://ir.americanexpress.com/financials/earnings-and-sec-filings/sec-filings-details/default.aspx?FilingId=7094972,https://d18rn0p25nwr6d.cloudfront.net/CIK-0000004962/b513da54-b692-47ff-8091-9a44de150001.pdf,https://d18rn0p25nwr6d.cloudfront.net/CIK-0000004962/9565057a-fd81-493e-b2d4-d15406eb779f.xls
"Feb 02, 2010",Form 4,Statement of Changes in Beneficial Ownership,https://ir.americanexpress.com/financials/earnings-and-sec-filings/sec-filings-details/default.aspx?FilingId=7021269,https://d18rn0p25nwr6d.cloudfront.net/CIK-0000004962/3b2f316b-f21a-4f0b-bfdb-4f81ad329c3c.pdf,https://d18rn0p25nwr6d.cloudfront.net/CIK-0000004962/90f64c92-0261-4d9d-921c-d2adc850ad6f.xls
"Feb 02, 2010",Form 4,Statement of Changes in Beneficial Ownership,https://ir.americanexpress.com/financials/earnings-and-sec-filings/sec-filings-details/default.aspx?FilingId=7021329,https://d18rn0p25nwr6d.cloudfront.net/CIK-0000004962/a80b9fb8-2f22-4a48-9fd5-71c6a47649c3.pdf,https://d18rn0p25nwr6d.cloudfront.net/CIK-0000004962/8da117b2-bcc8-4aaa-89cc-c837533a9e42.xls
"Feb 02, 2010",Form 4,Statement of Changes in Beneficial Ownership,https://ir.americanexpress.com/financials/earnings-and-sec-filings/sec-filings-details/default.aspx?FilingId=7021340,https://d18rn0p25nwr6d.cloudfront.net/CIK-0000004962/1b846725-8718-4243-962a-0662fce0f2cc.pdf,https://d18rn0p25nwr6d.cloudfront.net/CIK-0000004962/941bc40f-1b2e-4769-8ec5-aaf8fe28b6c4.xls
"Jan 28, 2010",Form 4,Statement of Changes in Beneficial Ownership,https://ir.americanexpress.com/financials/earnings-and-sec-filings/sec-filings-details/default.aspx?FilingId=7010011,https://d18rn0p25nwr6d.cloudfront.net/CIK-0000004962/939986a4-e197-42cd-ad3e-f608efc59089.pdf,https://d18rn0p25nwr6d.cloudfront.net/CIK-0000004962/80b17c18-e322-44e7-8830-eb61348a5aec.xls
"Jan 28, 2010",Form 4,Statement of Changes in Beneficial Ownership,https://ir.americanexpress.com/financials/earnings-and-sec-filings/sec-filings-details/default.aspx?FilingId=7010012,https://d18rn0p25nwr6d.cloudfront.net/CIK-0000004962/971847d5-575a-4fac-bdeb-2c8c6b7e9569.pdf,https://d18rn0p25nwr6d.cloudfront.net/CIK-0000004962/34eb30fb-6b82-4613-9c63-213d875bde11.xls
"Jan 28, 2010",Form 4,Statement of Changes in Beneficial Ownership,https://ir.americanexpress.com/financials/earnings-and-sec-filings/sec-filings-details/default.aspx?FilingId=7010013,https://d18rn0p25nwr6d.cloudfront.net/CIK-0000004962/27ee911f-3956-42a1-8373-4b1b69ee3343.pdf,https://d18rn0p25nwr6d.cloudfront.net/CIK-0000004962/6271d3b2-4c8e-4220-9738-a2b35657f439.xls
"Jan 28, 2010",Form 4,Statement of Changes in Beneficial Ownership,https://ir.americanexpress.com/financials/earnings-and-sec-filings/sec-filings-details/default.aspx?FilingId=7010015,https://d18rn0p25nwr6d.cloudfront.net/CIK-0000004962/392df3a7-edc2-4253-a928-36ee960bc6a6.pdf,https://d18rn0p25nwr6d.cloudfront.net/CIK-0000004962/8b3d1c22-146e-4fd0-9c35-fe783f28a0d4.xls
"Jan 28, 2010",Form 4,Statement of Changes in Beneficial Ownership,https://ir.americanexpress.com/financials/earnings-and-sec-filings/sec-filings-details/default.aspx?FilingId=7010016,https://d18rn0p25nwr6d.cloudfront.net/CIK-0000004962/79bd36b1-f50e-42ea-864d-d4455480428d.pdf,https://d18rn0p25nwr6d.cloudfront.net/CIK-0000004962/508e2798-3e48-4d1b-bd7d-f00783b8d5de.xls
"Jan 28, 2010",Form 4,Statement of Changes in Beneficial Ownership,https://ir.americanexpress.com/financials/earnings-and-sec-filings/sec-filings-details/default.aspx?FilingId=7010019,https://d18rn0p25nwr6d.cloudfront.net/CIK-0000004962/5b96357f-8795-4264-b27a-79cb49c40431.pdf,https://d18rn0p25nwr6d.cloudfront.net/CIK-0000004962/dcb6e79e-20a8-4494-8c72-27983b8a4403.xls
"Jan 28, 2010",Form 4,Statement of Changes in Beneficial Ownership,https://ir.americanexpress.com/financials/earnings-and-sec-filings/sec-filings-details/default.aspx?FilingId=7010020,https://d18rn0p25nwr6d.cloudfront.net/CIK-0000004962/3055e60f-19c8-41be-8ec2-1a1fe27c4b87.pdf,https://d18rn0p25nwr6d.cloudfront.net/CIK-0000004962/64ac1e7e-bfb6-42f2-9038-314d706ba534.xls
"Jan 28, 2010",Form 4,Statement of Changes in Beneficial Ownership,https://ir.americanexpress.com/financials/earnings-and-sec-filings/sec-filings-details/default.aspx?FilingId=7010021,https://d18rn0p25nwr6d.cloudfront.net/CIK-0000004962/5a78856b-3a25-43cb-9a8a-e9ba6a7479bd.pdf,https://d18rn0p25nwr6d.cloudfront.net/CIK-0000004962/96cbe469-05e1-40b4-ab17-ea881a6839c9.xls
"Jan 28, 2010",Form 4,Statement of Changes in Beneficial Ownership,https://ir.americanexpress.com/financials/earnings-and-sec-filings/sec-filings-details/default.aspx?FilingId=7010022,https://d18rn0p25nwr6d.cloudfront.net/CIK-0000004962/4f985f1a-096e-4e1a-bf1c-5b238c263d49.pdf,https://d18rn0p25nwr6d.cloudfront.net/CIK-0000004962/965ff78e-0754-4263-978d-52e4d30f2832.xls
"Jan 28, 2010",Form 4,Statement of Changes in Beneficial Ownership,https://ir.americanexpress.com/financials/earnings-and-sec-filings/sec-filings-details/default.aspx?FilingId=7010025,https://d18rn0p25nwr6d.cloudfront.net/CIK-0000004962/aa573839-be27-4eeb-8893-741a75b84fba.pdf,https://d18rn0p25nwr6d.cloudfront.net/CIK-0000004962/1df00261-9154-49fa-8390-f6ddc98c4c1a.xls
"Jan 28, 2010",Form 4,Statement of Changes in Beneficial Ownership,https://ir.americanexpress.com/financials/earnings-and-sec-filings/sec-filings-details/default.aspx?FilingId=7010027,https://d18rn0p25nwr6d.cloudfront.net/CIK-0000004962/c4ad4743-4f2c-46e5-88a2-d7f910dcd4a3.pdf,https://d18rn0p25nwr6d.cloudfront.net/CIK-0000004962/f611a197-ca69-4017-a6dc-9bd4c8b11eb8.xls
"Jan 28, 2010",Form 4,Statement of Changes in Beneficial Ownership,https://ir.americanexpress.com/financials/earnings-and-sec-filings/sec-filings-details/default.aspx?FilingId=7010028,https://d18rn0p25nwr6d.cloudfront.net/CIK-0000004962/68622e9e-981f-4bd4-aed3-3d181441049a.pdf,https://d18rn0p25nwr6d.cloudfront.net/CIK-0000004962/c5df86e5-e835-4853-8049-8a8829dac75b.xls
"Jan 28, 2010",Form 4,Statement of Changes in Beneficial Ownership,https://ir.americanexpress.com/financials/earnings-and-sec-filings/sec-filings-details/default.aspx?FilingId=7010029,https://d18rn0p25nwr6d.cloudfront.net/CIK-0000004962/b57c7f96-010d-49c9-97b7-310cdf2feffd.pdf,https://d18rn0p25nwr6d.cloudfront.net/CIK-0000004962/359c4e2f-5e88-4ddd-9c1f-79864ae916f1.xls
"Jan 28, 2010",Form 4,Statement of Changes in Beneficial Ownership,https://ir.americanexpress.com/financials/earnings-and-sec-filings/sec-filings-details/default.aspx?FilingId=7010030,https://d18rn0p25nwr6d.cloudfront.net/CIK-0000004962/630ed9f6-dccb-4e4b-b432-e3fd95f27dc7.pdf,https://d18rn0p25nwr6d.cloudfront.net/CIK-0000004962/e2c46e44-bc8e-4879-b33c-d6d4fa081a09.xls
"Jan 27, 2010",Form 4,Statement of Changes in Beneficial Ownership,https://ir.americanexpress.com/financials/earnings-and-sec-filings/sec-filings-details/default.aspx?FilingId=7005840,https://d18rn0p25nwr6d.cloudfront.net/CIK-0000004962/96126a52-d880-4519-92b0-159f8a5b6f15.pdf,https://d18rn0p25nwr6d.cloudfront.net/CIK-0000004962/1bd4913b-ce42-42f0-969f-efb1a4870807.xls
"Jan 27, 2010",Form 4,Statement of Changes in Beneficial Ownership,https://ir.americanexpress.com/financials/earnings-and-sec-filings/sec-filings-details/default.aspx?FilingId=7006206,https://d18rn0p25nwr6d.cloudfront.net/CIK-0000004962/ffbba8b5-e30c-4bd5-a179-dafee5b06b41.pdf,https://d18rn0p25nwr6d.cloudfront.net/CIK-0000004962/af4c50e3-bc45-44b3-ac73-2baf41513160.xls
"Jan 27, 2010",Form 4,Statement of Changes in Beneficial Ownership,https://ir.americanexpress.com/financials/earnings-and-sec-filings/sec-filings-details/default.aspx?FilingId=7006397,https://d18rn0p25nwr6d.cloudfront.net/CIK-0000004962/b2104f8f-a0c6-491e-8457-357e0e1df48c.pdf,https://d18rn0p25nwr6d.cloudfront.net/CIK-0000004962/36cf7807-6700-4894-95ac-5d52a4800318.xls
"Jan 27, 2010",Form 4,Statement of Changes in Beneficial Ownership,https://ir.americanexpress.com/financials/earnings-and-sec-filings/sec-filings-details/default.aspx?FilingId=7006826,https://d18rn0p25nwr6d.cloudfront.net/CIK-0000004962/85d7a17f-e1ad-4614-81be-9427a889f37f.pdf,https://d18rn0p25nwr6d.cloudfront.net/CIK-0000004962/b1740353-6266-41ab-8bea-eccb215dbd30.xls
"Jan 27, 2010",Form 4,Statement of Changes in Beneficial Ownership,https://ir.americanexpress.com/financials/earnings-and-sec-filings/sec-filings-details/default.aspx?FilingId=7006877,https://d18rn0p25nwr6d.cloudfront.net/CIK-0000004962/bc25df09-5133-448a-98a7-b041c8f32a8e.pdf,https://d18rn0p25nwr6d.cloudfront.net/CIK-0000004962/73e355d2-4a37-459d-9c4e-b1921133f493.xls
"Jan 26, 2010",Form 4,Statement of Changes in Beneficial Ownership,https://ir.americanexpress.com/financials/earnings-and-sec-filings/sec-filings-details/default.aspx?FilingId=7004351,https://d18rn0p25nwr6d.cloudfront.net/CIK-0000004962/81955a45-e241-4c56-8a83-6100f45c4f74.pdf,https://d18rn0p25nwr6d.cloudfront.net/CIK-0000004962/fcdfa4c3-e22f-4175-b25f-81020ef705b7.xls
"Jan 05, 2010",Form 4,Statement of Changes in Beneficial Ownership,https://ir.americanexpress.com/financials/earnings-and-sec-filings/sec-filings-details/default.aspx?FilingId=6970008,https://d18rn0p25nwr6d.cloudfront.net/CIK-0000004962/fa3ee470-d292-45e8-b2df-7c9401825edb.pdf,https://d18rn0p25nwr6d.cloudfront.net/CIK-0000004962/3685dafd-4890-4bdf-801c-fcef19d77b66.xls
"Jan 05, 2010",Form 4,Statement of Changes in Beneficial Ownership,https://ir.americanexpress.com/financials/earnings-and-sec-filings/sec-filings-details/default.aspx?FilingId=6970123,https://d18rn0p25nwr6d.cloudfront.net/CIK-0000004962/f061df2e-1b81-4068-8ebb-76d03d853de4.pdf,https://d18rn0p25nwr6d.cloudfront.net/CIK-0000004962/477ecc1f-d6cb-47dd-92d3-c5538d41acc9.xls
"Jan 05, 2010",Form 4,Statement of Changes in Beneficial Ownership,https://ir.americanexpress.com/financials/earnings-and-sec-filings/sec-filings-details/default.aspx?FilingId=6970233,https://d18rn0p25nwr6d.cloudfront.net/CIK-0000004962/2456dcf4-7c77-423f-86bf-75a9664876ec.pdf,https://d18rn0p25nwr6d.cloudfront.net/CIK-0000004962/ee82e76a-e18d-4465-82e2-a150dfbb62b4.xls
"Jan 05, 2010",Form 4,Statement of Changes in Beneficial Ownership,https://ir.americanexpress.com/financials/earnings-and-sec-filings/sec-filings-details/default.aspx?FilingId=6970295,https://d18rn0p25nwr6d.cloudfront.net/CIK-0000004962/2839ee05-c7fb-471e-9999-3f9ec26860e0.pdf,https://d18rn0p25nwr6d.cloudfront.net/CIK-0000004962/1369d54f-8aed-4269-b225-ad729e73f884.xls
"Dec 24, 2009",Form 4,Statement of Changes in Beneficial Ownership,https://ir.americanexpress.com/financials/earnings-and-sec-filings/sec-filings-details/default.aspx?FilingId=6957036,https://d18rn0p25nwr6d.cloudfront.net/CIK-0000004962/e22dfd6c-a6aa-47ed-8a51-d41ec260ec9a.pdf,https://d18rn0p25nwr6d.cloudfront.net/CIK-0000004962/a8891943-fe2b-441b-9cd3-d71a5f78ec61.xls
"Dec 18, 2009",Form 4,Statement of Changes in Beneficial Ownership,https://ir.americanexpress.com/financials/earnings-and-sec-filings/sec-filings-details/default.aspx?FilingId=6948033,https://d18rn0p25nwr6d.cloudfront.net/CIK-0000004962/78f16903-ec22-4cf6-af5b-fd0fa59e9668.pdf,https://d18rn0p25nwr6d.cloudfront.net/CIK-0000004962/f5e50c14-9aef-414c-bc96-ce201b1083ce.xls
"Dec 02, 2009",Form 3,Initial Statement of Beneficial Ownership,https://ir.americanexpress.com/financials/earnings-and-sec-filings/sec-filings-details/default.aspx?FilingId=6921913,https://d18rn0p25nwr6d.cloudfront.net/CIK-0000004962/28b8bbfb-6ccb-489d-8f75-e7dcd44bda04.pdf,https://d18rn0p25nwr6d.cloudfront.net/CIK-0000004962/f3f523de-dfec-4e09-9f3d-4a00aef84410.xls
"Dec 02, 2009",Form 4,Statement of Changes in Beneficial Ownership,https://ir.americanexpress.com/financials/earnings-and-sec-filings/sec-filings-details/default.aspx?FilingId=6922221,https://d18rn0p25nwr6d.cloudfront.net/CIK-0000004962/2fb29c5c-f6b0-4241-b4c6-953ca499e62e.pdf,https://d18rn0p25nwr6d.cloudfront.net/CIK-0000004962/2a1bd489-8f28-4d71-967e-351b78822dd6.xls
"Nov 12, 2009",Form 4,Statement of Changes in Beneficial Ownership,https://ir.americanexpress.com/financials/earnings-and-sec-filings/sec-filings-details/default.aspx?FilingId=6887227,https://d18rn0p25nwr6d.cloudfront.net/CIK-0000004962/dc3625f6-03b1-433f-9134-34a193b90820.pdf,https://d18rn0p25nwr6d.cloudfront.net/CIK-0000004962/0bb02bf6-9b6b-47ef-b38b-9609325445e1.xls
"Nov 03, 2009",Form 4,Statement of Changes in Beneficial Ownership,https://ir.americanexpress.com/financials/earnings-and-sec-filings/sec-filings-details/default.aspx?FilingId=6868807,https://d18rn0p25nwr6d.cloudfront.net/CIK-0000004962/6908bd67-27e6-4532-bef1-ad64b1c64a77.pdf,https://d18rn0p25nwr6d.cloudfront.net/CIK-0000004962/e1559d1b-1c6a-4eaa-9dee-9cb10b2af182.xls
"Nov 03, 2009",Form 4,Statement of Changes in Beneficial Ownership,https://ir.americanexpress.com/financials/earnings-and-sec-filings/sec-filings-details/default.aspx?FilingId=6868825,https://d18rn0p25nwr6d.cloudfront.net/CIK-0000004962/8be05c9e-35f4-417a-a0a6-0b6912fb54b8.pdf,https://d18rn0p25nwr6d.cloudfront.net/CIK-0000004962/f0144d68-6bdd-4436-bd06-288f93fed671.xls
"Oct 02, 2009",Form 4,Statement of Changes in Beneficial Ownership,https://ir.americanexpress.com/financials/earnings-and-sec-filings/sec-filings-details/default.aspx?FilingId=6824998,https://d18rn0p25nwr6d.cloudfront.net/CIK-0000004962/e86b6260-ef71-4857-b8fe-1022193dc314.pdf,https://d18rn0p25nwr6d.cloudfront.net/CIK-0000004962/4a52d506-7992-4584-9516-2cc8a418d19b.xls
"Oct 02, 2009",Form 4,Statement of Changes in Beneficial Ownership,https://ir.americanexpress.com/financials/earnings-and-sec-filings/sec-filings-details/default.aspx?FilingId=6825057,https://d18rn0p25nwr6d.cloudfront.net/CIK-0000004962/9885f86e-bb97-4547-bd67-9b26edf8f00f.pdf,https://d18rn0p25nwr6d.cloudfront.net/CIK-0000004962/e06ea333-d344-42d4-85b8-5b3cc483b930.xls
"Oct 02, 2009",Form 4,Statement of Changes in Beneficial Ownership,https://ir.americanexpress.com/financials/earnings-and-sec-filings/sec-filings-details/default.aspx?FilingId=6825081,https://d18rn0p25nwr6d.cloudfront.net/CIK-0000004962/cacb8440-ec20-4fb8-bf05-1e66142af1fd.pdf,https://d18rn0p25nwr6d.cloudfront.net/CIK-0000004962/36e5d2c8-060c-42ac-9d7c-2c9c66ffa076.xls
"Oct 02, 2009",Form 4,Statement of Changes in Beneficial Ownership,https://ir.americanexpress.com/financials/earnings-and-sec-filings/sec-filings-details/default.aspx?FilingId=6825590,https://d18rn0p25nwr6d.cloudfront.net/CIK-0000004962/4d800f80-768c-4e8a-916d-f2b64bae5ade.pdf,https://d18rn0p25nwr6d.cloudfront.net/CIK-0000004962/091f1c52-bc0f-44d1-bb5d-83f3386b2c12.xls
"Jul 28, 2009",Form 4,Statement of Changes in Beneficial Ownership,https://ir.americanexpress.com/financials/earnings-and-sec-filings/sec-filings-details/default.aspx?FilingId=6714931,https://d18rn0p25nwr6d.cloudfront.net/CIK-0000004962/45bcfc74-3c61-4a20-aa54-d7ab0decf242.pdf,https://d18rn0p25nwr6d.cloudfront.net/CIK-0000004962/c849a907-e8ba-4a13-9092-b8718bf291b5.xls
"Jul 02, 2009",Form 4,Statement of Changes in Beneficial Ownership,https://ir.americanexpress.com/financials/earnings-and-sec-filings/sec-filings-details/default.aspx?FilingId=6684338,https://d18rn0p25nwr6d.cloudfront.net/CIK-0000004962/170a9d13-dde0-45e0-8eb5-3880635969a6.pdf,https://d18rn0p25nwr6d.cloudfront.net/CIK-0000004962/040f4aa1-401d-47af-968d-98f87a0fbd26.xls
"Jul 02, 2009",Form 4,Statement of Changes in Beneficial Ownership,https://ir.americanexpress.com/financials/earnings-and-sec-filings/sec-filings-details/default.aspx?FilingId=6684404,https://d18rn0p25nwr6d.cloudfront.net/CIK-0000004962/15d9c150-37c3-4e34-8f45-193bd1038ddf.pdf,https://d18rn0p25nwr6d.cloudfront.net/CIK-0000004962/6500b54f-2622-4591-9e0d-64983d7f314e.xls
"Jul 02, 2009",Form 4,Statement of Changes in Beneficial Ownership,https://ir.americanexpress.com/financials/earnings-and-sec-filings/sec-filings-details/default.aspx?FilingId=6684421,https://d18rn0p25nwr6d.cloudfront.net/CIK-0000004962/359acdfe-6874-4ab8-ac3a-96b11e989b25.pdf,https://d18rn0p25nwr6d.cloudfront.net/CIK-0000004962/0247160b-82fa-4d94-8d55-eb416b75a6a4.xls
"Jul 02, 2009",Form 4,Statement of Changes in Beneficial Ownership,https://ir.americanexpress.com/financials/earnings-and-sec-filings/sec-filings-details/default.aspx?FilingId=6684450,https://d18rn0p25nwr6d.cloudfront.net/CIK-0000004962/115320da-c758-4014-9c23-ac46aacb6683.pdf,https://d18rn0p25nwr6d.cloudfront.net/CIK-0000004962/715b5c61-5fd0-4299-bb96-f9019a0b969e.xls
"Jun 05, 2009",Form 4,Statement of Changes in Beneficial Ownership,https://ir.americanexpress.com/financials/earnings-and-sec-filings/sec-filings-details/default.aspx?FilingId=6646140,https://d18rn0p25nwr6d.cloudfront.net/CIK-0000004962/5b7454f8-8a1d-4337-aef3-b8b7a9f0de77.pdf,https://d18rn0p25nwr6d.cloudfront.net/CIK-0000004962/6b17a4a6-c278-4efc-9fce-b17a5adbf615.xls
"Apr 29, 2009",Form 4,Statement of Changes in Beneficial Ownership,https://ir.americanexpress.com/financials/earnings-and-sec-filings/sec-filings-details/default.aspx?FilingId=6564597,https://d18rn0p25nwr6d.cloudfront.net/CIK-0000004962/f12162d4-9a9d-4a3b-baf9-beb6023d0377.pdf,https://d18rn0p25nwr6d.cloudfront.net/CIK-0000004962/24b90726-5c8e-4d7c-9cb5-55992329b1c5.xls
"Apr 29, 2009",Form 4,Statement of Changes in Beneficial Ownership,https://ir.americanexpress.com/financials/earnings-and-sec-filings/sec-filings-details/default.aspx?FilingId=6564638,https://d18rn0p25nwr6d.cloudfront.net/CIK-0000004962/9ec03492-bf56-4c5f-881c-83d1955f20fe.pdf,https://d18rn0p25nwr6d.cloudfront.net/CIK-0000004962/dfa45bf1-2b49-48c3-9288-aababc16e04a.xls
"Apr 29, 2009",Form 4,Statement of Changes in Beneficial Ownership,https://ir.americanexpress.com/financials/earnings-and-sec-filings/sec-filings-details/default.aspx?FilingId=6564698,https://d18rn0p25nwr6d.cloudfront.net/CIK-0000004962/10a22fac-6863-4773-95fd-5a66e0936ef0.pdf,https://d18rn0p25nwr6d.cloudfront.net/CIK-0000004962/140ef707-c0ba-4524-ab14-86eba45a9a2e.xls
"Apr 29, 2009",Form 4,Statement of Changes in Beneficial Ownership,https://ir.americanexpress.com/financials/earnings-and-sec-filings/sec-filings-details/default.aspx?FilingId=6564719,https://d18rn0p25nwr6d.cloudfront.net/CIK-0000004962/8d92760e-58b5-4536-8be7-cce8e3a1005b.pdf,https://d18rn0p25nwr6d.cloudfront.net/CIK-0000004962/c4e1cb23-2670-4e39-93a4-e21849df2949.xls
"Apr 29, 2009",Form 4,Statement of Changes in Beneficial Ownership,https://ir.americanexpress.com/financials/earnings-and-sec-filings/sec-filings-details/default.aspx?FilingId=6564752,https://d18rn0p25nwr6d.cloudfront.net/CIK-0000004962/8ad0e111-1dfb-4e7d-9c43-e3f0c6bc24f8.pdf,https://d18rn0p25nwr6d.cloudfront.net/CIK-0000004962/17fb246b-98f0-43b1-a651-4beb54b29e34.xls
"Apr 29, 2009",Form 4,Statement of Changes in Beneficial Ownership,https://ir.americanexpress.com/financials/earnings-and-sec-filings/sec-filings-details/default.aspx?FilingId=6564762,https://d18rn0p25nwr6d.cloudfront.net/CIK-0000004962/aa80c353-88b5-4e96-bba3-70ab481f0a31.pdf,https://d18rn0p25nwr6d.cloudfront.net/CIK-0000004962/073273a3-9814-4c16-9063-40ba662ea9a7.xls
"Apr 29, 2009",Form 4,Statement of Changes in Beneficial Ownership,https://ir.americanexpress.com/financials/earnings-and-sec-filings/sec-filings-details/default.aspx?FilingId=6564853,https://d18rn0p25nwr6d.cloudfront.net/CIK-0000004962/1bc980a8-8ce2-4eff-8759-9501502ff395.pdf,https://d18rn0p25nwr6d.cloudfront.net/CIK-0000004962/01833bcc-223e-4000-9a55-d736a3b29b33.xls
"Apr 29, 2009",Form 4,Statement of Changes in Beneficial Ownership,https://ir.americanexpress.com/financials/earnings-and-sec-filings/sec-filings-details/default.aspx?FilingId=6564857,https://d18rn0p25nwr6d.cloudfront.net/CIK-0000004962/8677754b-b269-4193-9071-46a33aa964e3.pdf,https://d18rn0p25nwr6d.cloudfront.net/CIK-0000004962/e0ec7f65-d865-4778-89a5-2c601d4c5137.xls
"Apr 29, 2009",Form 4,Statement of Changes in Beneficial Ownership,https://ir.americanexpress.com/financials/earnings-and-sec-filings/sec-filings-details/default.aspx?FilingId=6564866,https://d18rn0p25nwr6d.cloudfront.net/CIK-0000004962/1a2f9b92-c18d-4b89-a951-5453733587a5.pdf,https://d18rn0p25nwr6d.cloudfront.net/CIK-0000004962/b1763b99-a712-4ecd-aa70-f70ca649eff1.xls
"Apr 29, 2009",Form 4,Statement of Changes in Beneficial Ownership,https://ir.americanexpress.com/financials/earnings-and-sec-filings/sec-filings-details/default.aspx?FilingId=6564899,https://d18rn0p25nwr6d.cloudfront.net/CIK-0000004962/75f8f637-dcad-4bbb-bd7b-533f6feb5260.pdf,https://d18rn0p25nwr6d.cloudfront.net/CIK-0000004962/3482aad2-23fa-49a1-a7e1-e8737ab221b5.xls
"Apr 29, 2009",Form 4,Statement of Changes in Beneficial Ownership,https://ir.americanexpress.com/financials/earnings-and-sec-filings/sec-filings-details/default.aspx?FilingId=6564962,https://d18rn0p25nwr6d.cloudfront.net/CIK-0000004962/34a535b4-7437-4389-8b3a-3d73644b7e39.pdf,https://d18rn0p25nwr6d.cloudfront.net/CIK-0000004962/7154735c-b424-4483-9210-f5fddd4fed81.xls
"Apr 02, 2009",Form 4,Statement of Changes in Beneficial Ownership,https://ir.americanexpress.com/financials/earnings-and-sec-filings/sec-filings-details/default.aspx?FilingId=6522497,https://d18rn0p25nwr6d.cloudfront.net/CIK-0000004962/6d080fb4-8687-46e9-8e51-f84cce78b260.pdf,https://d18rn0p25nwr6d.cloudfront.net/CIK-0000004962/6f12fe53-e26c-4caa-8af3-3ba8882836ea.xls
"Apr 02, 2009",Form 4,Statement of Changes in Beneficial Ownership,https://ir.americanexpress.com/financials/earnings-and-sec-filings/sec-filings-details/default.aspx?FilingId=6522522,https://d18rn0p25nwr6d.cloudfront.net/CIK-0000004962/4b3c73e6-ce45-4a3d-a0b5-e2ae04faa82b.pdf,https://d18rn0p25nwr6d.cloudfront.net/CIK-0000004962/27ece485-50c3-4cfc-b2f9-0304e14c3e0f.xls
"Apr 02, 2009",Form 4,Statement of Changes in Beneficial Ownership,https://ir.americanexpress.com/financials/earnings-and-sec-filings/sec-filings-details/default.aspx?FilingId=6522545,https://d18rn0p25nwr6d.cloudfront.net/CIK-0000004962/6b113150-7cd0-4829-8022-455746425d6a.pdf,https://d18rn0p25nwr6d.cloudfront.net/CIK-0000004962/78b42a07-7831-42b4-a31b-0bd50936a75b.xls
"Apr 02, 2009",Form 4,Statement of Changes in Beneficial Ownership,https://ir.americanexpress.com/financials/earnings-and-sec-filings/sec-filings-details/default.aspx?FilingId=6522646,https://d18rn0p25nwr6d.cloudfront.net/CIK-0000004962/218978ac-de80-4b04-8382-1ee64fe1b866.pdf,https://d18rn0p25nwr6d.cloudfront.net/CIK-0000004962/14f003f3-bcdd-4013-ba5a-ce0a5c37ab11.xls
"Mar 19, 2009",Form 4,Statement of Changes in Beneficial Ownership,https://ir.americanexpress.com/financials/earnings-and-sec-filings/sec-filings-details/default.aspx?FilingId=6490594,https://d18rn0p25nwr6d.cloudfront.net/CIK-0000004962/56a21294-9c75-4889-bb71-f2f0a234d695.pdf,https://d18rn0p25nwr6d.cloudfront.net/CIK-0000004962/8f0b02ca-17b9-4251-8bd1-5e3fbdf775f0.xls
"Feb 19, 2009",Form 4,Statement of Changes in Beneficial Ownership,https://ir.americanexpress.com/financials/earnings-and-sec-filings/sec-filings-details/default.aspx?FilingId=6426646,https://d18rn0p25nwr6d.cloudfront.net/CIK-0000004962/92363ae3-6c62-4f14-9970-2bc37d93ad9b.pdf,https://d18rn0p25nwr6d.cloudfront.net/CIK-0000004962/74dc2f25-8973-45f5-a1fa-5f8b4d8f4103.xls
"Feb 17, 2009",Form 5,Annual Statement of Changes in Beneficial Ownership,https://ir.americanexpress.com/financials/earnings-and-sec-filings/sec-filings-details/default.aspx?FilingId=6415716,https://d18rn0p25nwr6d.cloudfront.net/CIK-0000004962/fbb90d6f-cd75-4f0e-8b4f-2e442e38ceb9.pdf,https://d18rn0p25nwr6d.cloudfront.net/CIK-0000004962/f691b746-e2e1-4a1d-825e-f50047a8932e.xls
"Feb 02, 2009",Form 4,Statement of Changes in Beneficial Ownership,https://ir.americanexpress.com/financials/earnings-and-sec-filings/sec-filings-details/default.aspx?FilingId=6374733,https://d18rn0p25nwr6d.cloudfront.net/CIK-0000004962/9e2d457c-ff88-4e5e-b1a5-8f93b6ee4cc1.pdf,https://d18rn0p25nwr6d.cloudfront.net/CIK-0000004962/2c399243-2ed1-4353-b795-5a5757d66852.xls
"Feb 02, 2009",Form 4,Statement of Changes in Beneficial Ownership,https://ir.americanexpress.com/financials/earnings-and-sec-filings/sec-filings-details/default.aspx?FilingId=6374814,https://d18rn0p25nwr6d.cloudfront.net/CIK-0000004962/98a63499-82de-4f64-99d0-bd8cacd84527.pdf,https://d18rn0p25nwr6d.cloudfront.net/CIK-0000004962/23ee4afe-6f65-43a8-81cb-4e832af7ba43.xls
"Feb 02, 2009",Form 4,Statement of Changes in Beneficial Ownership,https://ir.americanexpress.com/financials/earnings-and-sec-filings/sec-filings-details/default.aspx?FilingId=6374913,https://d18rn0p25nwr6d.cloudfront.net/CIK-0000004962/a20240a1-35a9-4a2d-8154-d87b215f676f.pdf,https://d18rn0p25nwr6d.cloudfront.net/CIK-0000004962/c76fee38-98c1-4590-b915-b6c5b4b07612.xls
"Feb 02, 2009",Form 4,Statement of Changes in Beneficial Ownership,https://ir.americanexpress.com/financials/earnings-and-sec-filings/sec-filings-details/default.aspx?FilingId=6374967,https://d18rn0p25nwr6d.cloudfront.net/CIK-0000004962/5c2ac0c2-6f21-44a2-b2c3-96801de52d5c.pdf,https://d18rn0p25nwr6d.cloudfront.net/CIK-0000004962/5a13a7b2-20be-49fa-b3b7-bdf5933d7d6c.xls
"Feb 02, 2009",Form 4,Statement of Changes in Beneficial Ownership,https://ir.americanexpress.com/financials/earnings-and-sec-filings/sec-filings-details/default.aspx?FilingId=6374990,https://d18rn0p25nwr6d.cloudfront.net/CIK-0000004962/66bbd844-0dfc-4bc9-a0a0-7e42fd83f558.pdf,https://d18rn0p25nwr6d.cloudfront.net/CIK-0000004962/abd91b10-eee8-41e5-b1bc-bce080227b8f.xls
"Feb 02, 2009",Form 4,Statement of Changes in Beneficial Ownership,https://ir.americanexpress.com/financials/earnings-and-sec-filings/sec-filings-details/default.aspx?FilingId=6375008,https://d18rn0p25nwr6d.cloudfront.net/CIK-0000004962/d40f0e2d-650d-43de-a2c4-9fe1e8caf504.pdf,https://d18rn0p25nwr6d.cloudfront.net/CIK-0000004962/8af171be-86ba-4b9d-86f9-907c7ab5c8a2.xls
"Feb 02, 2009",Form 4,Statement of Changes in Beneficial Ownership,https://ir.americanexpress.com/financials/earnings-and-sec-filings/sec-filings-details/default.aspx?FilingId=6375021,https://d18rn0p25nwr6d.cloudfront.net/CIK-0000004962/bf2b751b-0e14-4eb8-8794-60b331fd01df.pdf,https://d18rn0p25nwr6d.cloudfront.net/CIK-0000004962/4801b5c0-8fd1-4af1-9e78-e42586f3e020.xls
"Feb 02, 2009",Form 4,Statement of Changes in Beneficial Ownership,https://ir.americanexpress.com/financials/earnings-and-sec-filings/sec-filings-details/default.aspx?FilingId=6375028,https://d18rn0p25nwr6d.cloudfront.net/CIK-0000004962/fc83252f-d50a-43fe-ac7d-b4bd0de294f6.pdf,https://d18rn0p25nwr6d.cloudfront.net/CIK-0000004962/fd143fad-a952-4cf9-aec2-98e3ca148336.xls
"Feb 02, 2009",Form 4,Statement of Changes in Beneficial Ownership,https://ir.americanexpress.com/financials/earnings-and-sec-filings/sec-filings-details/default.aspx?FilingId=6375040,https://d18rn0p25nwr6d.cloudfront.net/CIK-0000004962/1b04805b-1621-4f17-9b1a-27723cf26fc7.pdf,https://d18rn0p25nwr6d.cloudfront.net/CIK-0000004962/9c3799d5-af2c-49f2-a1a9-13b7852afb0d.xls
"Feb 02, 2009",Form 4,Statement of Changes in Beneficial Ownership,https://ir.americanexpress.com/financials/earnings-and-sec-filings/sec-filings-details/default.aspx?FilingId=6375056,https://d18rn0p25nwr6d.cloudfront.net/CIK-0000004962/56d7c374-10d4-494f-b31b-55b9221d4824.pdf,https://d18rn0p25nwr6d.cloudfront.net/CIK-0000004962/6e7e4374-aabd-4fd5-9c13-b911c8d86a84.xls
"Feb 02, 2009",Form 4,Statement of Changes in Beneficial Ownership,https://ir.americanexpress.com/financials/earnings-and-sec-filings/sec-filings-details/default.aspx?FilingId=6375080,https://d18rn0p25nwr6d.cloudfront.net/CIK-0000004962/60c4c32d-96f9-41f6-8081-5b41b800481e.pdf,https://d18rn0p25nwr6d.cloudfront.net/CIK-0000004962/59e0a1e1-70fd-4ecd-ae84-ccb1e01f053a.xls
"Feb 02, 2009",Form 4,Statement of Changes in Beneficial Ownership,https://ir.americanexpress.com/financials/earnings-and-sec-filings/sec-filings-details/default.aspx?FilingId=6375090,https://d18rn0p25nwr6d.cloudfront.net/CIK-0000004962/b5929e82-be18-40f8-ba38-90d24775379b.pdf,https://d18rn0p25nwr6d.cloudfront.net/CIK-0000004962/4543457d-2688-45ab-b154-ad65c550c668.xls
"Feb 02, 2009",Form 4,Statement of Changes in Beneficial Ownership,https://ir.americanexpress.com/financials/earnings-and-sec-filings/sec-filings-details/default.aspx?FilingId=6375100,https://d18rn0p25nwr6d.cloudfront.net/CIK-0000004962/eac755b0-5bdf-4e28-b596-15375676ac54.pdf,https://d18rn0p25nwr6d.cloudfront.net/CIK-0000004962/a99188ee-5b8a-4970-9acc-2b8028ecf6fd.xls
"Jan 29, 2009",Form 4,Statement of Changes in Beneficial Ownership,https://ir.americanexpress.com/financials/earnings-and-sec-filings/sec-filings-details/default.aspx?FilingId=6368765,https://d18rn0p25nwr6d.cloudfront.net/CIK-0000004962/64b9c05b-adbe-4b49-84c2-2502c2100ca4.pdf,https://d18rn0p25nwr6d.cloudfront.net/CIK-0000004962/7ae4ce9a-eca2-4ed0-905a-9c929c923e62.xls
"Jan 29, 2009",Form 4,Statement of Changes in Beneficial Ownership,https://ir.americanexpress.com/financials/earnings-and-sec-filings/sec-filings-details/default.aspx?FilingId=6368775,https://d18rn0p25nwr6d.cloudfront.net/CIK-0000004962/f685ff48-5857-4729-82db-ff0b889dfb72.pdf,https://d18rn0p25nwr6d.cloudfront.net/CIK-0000004962/eba3a0ff-8cff-4af4-90b4-d00efce6fd5a.xls
"Jan 28, 2009",Form 4,Statement of Changes in Beneficial Ownership,https://ir.americanexpress.com/financials/earnings-and-sec-filings/sec-filings-details/default.aspx?FilingId=6366893,https://d18rn0p25nwr6d.cloudfront.net/CIK-0000004962/d1fe374b-a972-4bf9-a183-d0256e499b97.pdf,https://d18rn0p25nwr6d.cloudfront.net/CIK-0000004962/44a9b4f9-4df3-4c0b-845d-240dcc602e97.xls
"Jan 28, 2009",Form 4,Statement of Changes in Beneficial Ownership,https://ir.americanexpress.com/financials/earnings-and-sec-filings/sec-filings-details/default.aspx?FilingId=6366910,https://d18rn0p25nwr6d.cloudfront.net/CIK-0000004962/2d162124-da6f-4668-a77f-04e08a214083.pdf,https://d18rn0p25nwr6d.cloudfront.net/CIK-0000004962/9e8f728f-b0c5-431a-ad0a-c9604b7f5153.xls
"Jan 28, 2009",Form 4,Statement of Changes in Beneficial Ownership,https://ir.americanexpress.com/financials/earnings-and-sec-filings/sec-filings-details/default.aspx?FilingId=6366988,https://d18rn0p25nwr6d.cloudfront.net/CIK-0000004962/8fdf6eea-bd7a-4df4-9231-bd9be4d950f1.pdf,https://d18rn0p25nwr6d.cloudfront.net/CIK-0000004962/f5256464-7158-42e3-8583-2ba5434655e7.xls
"Jan 27, 2009",Form 4,Statement of Changes in Beneficial Ownership,https://ir.americanexpress.com/financials/earnings-and-sec-filings/sec-filings-details/default.aspx?FilingId=6364119,https://d18rn0p25nwr6d.cloudfront.net/CIK-0000004962/7863beac-e888-4e50-a5d1-73703c08a67a.pdf,https://d18rn0p25nwr6d.cloudfront.net/CIK-0000004962/69284a49-0340-4021-9927-2de7a0ce510b.xls
"Jan 27, 2009",Form 4,Statement of Changes in Beneficial Ownership,https://ir.americanexpress.com/financials/earnings-and-sec-filings/sec-filings-details/default.aspx?FilingId=6364124,https://d18rn0p25nwr6d.cloudfront.net/CIK-0000004962/2652e634-b717-4f1c-93cc-7218337a0e18.pdf,https://d18rn0p25nwr6d.cloudfront.net/CIK-0000004962/dc7c1074-7d06-49eb-84d2-e48328d58025.xls
"Jan 27, 2009",Form 4,Statement of Changes in Beneficial Ownership,https://ir.americanexpress.com/financials/earnings-and-sec-filings/sec-filings-details/default.aspx?FilingId=6364128,https://d18rn0p25nwr6d.cloudfront.net/CIK-0000004962/0b5337bc-84ef-4ca3-9996-c6eba248954d.pdf,https://d18rn0p25nwr6d.cloudfront.net/CIK-0000004962/e04418c6-3e55-45dd-960f-0f1812a67cbb.xls
"Jan 27, 2009",Form 4,Statement of Changes in Beneficial Ownership,https://ir.americanexpress.com/financials/earnings-and-sec-filings/sec-filings-details/default.aspx?FilingId=6364131,https://d18rn0p25nwr6d.cloudfront.net/CIK-0000004962/4a105e28-6787-4726-8ced-e2c5aa6f8550.pdf,https://d18rn0p25nwr6d.cloudfront.net/CIK-0000004962/94d29c6d-e911-4e34-a57e-30eb0f9e8653.xls
"Jan 27, 2009",Form 4,Statement of Changes in Beneficial Ownership,https://ir.americanexpress.com/financials/earnings-and-sec-filings/sec-filings-details/default.aspx?FilingId=6364136,https://d18rn0p25nwr6d.cloudfront.net/CIK-0000004962/2ed0507f-ad10-4139-8641-a10f8ce3703e.pdf,https://d18rn0p25nwr6d.cloudfront.net/CIK-0000004962/3ca18c93-e97f-4a09-adda-4581706b2a6c.xls
"Jan 05, 2009",Form 4,Statement of Changes in Beneficial Ownership,https://ir.americanexpress.com/financials/earnings-and-sec-filings/sec-filings-details/default.aspx?FilingId=6327097,https://d18rn0p25nwr6d.cloudfront.net/CIK-0000004962/5a6b2829-452c-4f26-9ece-725d8015207b.pdf,https://d18rn0p25nwr6d.cloudfront.net/CIK-0000004962/2637758e-eb60-47c3-bd9b-154b5eaa5705.xls
"Jan 05, 2009",Form 4,Statement of Changes in Beneficial Ownership,https://ir.americanexpress.com/financials/earnings-and-sec-filings/sec-filings-details/default.aspx?FilingId=6327146,https://d18rn0p25nwr6d.cloudfront.net/CIK-0000004962/9dc9e558-d5fc-4377-a91f-4253a5b50fc9.pdf,https://d18rn0p25nwr6d.cloudfront.net/CIK-0000004962/1764c804-09b1-44d3-bd89-649a5784e03f.xls
"Jan 05, 2009",Form 4,Statement of Changes in Beneficial Ownership,https://ir.americanexpress.com/financials/earnings-and-sec-filings/sec-filings-details/default.aspx?FilingId=6327193,https://d18rn0p25nwr6d.cloudfront.net/CIK-0000004962/d422d4d7-20db-4d9a-adf5-dffa1c4e1e3f.pdf,https://d18rn0p25nwr6d.cloudfront.net/CIK-0000004962/32bade01-1b46-4c5c-9b87-724c5ba62684.xls
"Jan 05, 2009",Form 4,Statement of Changes in Beneficial Ownership,https://ir.americanexpress.com/financials/earnings-and-sec-filings/sec-filings-details/default.aspx?FilingId=6327220,https://d18rn0p25nwr6d.cloudfront.net/CIK-0000004962/672867e6-2ba5-4aa4-82a0-8d7ba86ee7e6.pdf,https://d18rn0p25nwr6d.cloudfront.net/CIK-0000004962/c223f63c-d9e8-4fea-9299-d70fe74a6cd0.xls
"Jan 05, 2009",Form 4,Statement of Changes in Beneficial Ownership,https://ir.americanexpress.com/financials/earnings-and-sec-filings/sec-filings-details/default.aspx?FilingId=6327265,https://d18rn0p25nwr6d.cloudfront.net/CIK-0000004962/d46caace-3011-4c73-8a0d-65e29adee339.pdf,https://d18rn0p25nwr6d.cloudfront.net/CIK-0000004962/7ef7ba8f-cf65-497c-8e39-8f2437297bc7.xls
"Jan 05, 2009",Form 4,Statement of Changes in Beneficial Ownership,https://ir.americanexpress.com/financials/earnings-and-sec-filings/sec-filings-details/default.aspx?FilingId=6327322,https://d18rn0p25nwr6d.cloudfront.net/CIK-0000004962/33d13d58-9f54-4feb-b3c2-95622d5a475b.pdf,https://d18rn0p25nwr6d.cloudfront.net/CIK-0000004962/5d2dda38-781d-4837-9ccb-d5cfcece211a.xls
"Dec 24, 2008",Form 4,Statement of Changes in Beneficial Ownership,https://ir.americanexpress.com/financials/earnings-and-sec-filings/sec-filings-details/default.aspx?FilingId=6316337,https://d18rn0p25nwr6d.cloudfront.net/CIK-0000004962/e43406c8-ce08-4925-969e-7f3517250343.pdf,https://d18rn0p25nwr6d.cloudfront.net/CIK-0000004962/0ab67662-c388-40a8-aba2-6e4a8a39c03d.xls
"Oct 02, 2008",Form 3,Initial Statement of Beneficial Ownership,https://ir.americanexpress.com/financials/earnings-and-sec-filings/sec-filings-details/default.aspx?FilingId=6177575,https://d18rn0p25nwr6d.cloudfront.net/CIK-0000004962/17d477e6-b20d-4038-8691-7478a41b7569.pdf,https://d18rn0p25nwr6d.cloudfront.net/CIK-0000004962/5b46ef32-4963-4703-a783-f7db5c2fc4e2.xls
"Oct 02, 2008",Form 4,Statement of Changes in Beneficial Ownership,https://ir.americanexpress.com/financials/earnings-and-sec-filings/sec-filings-details/default.aspx?FilingId=6177897,https://d18rn0p25nwr6d.cloudfront.net/CIK-0000004962/e31e2b34-c51e-496b-9593-bcc5128e4f0c.pdf,https://d18rn0p25nwr6d.cloudfront.net/CIK-0000004962/89807688-b052-41b1-895b-250201094823.xls
"Oct 02, 2008",Form 4,Statement of Changes in Beneficial Ownership,https://ir.americanexpress.com/financials/earnings-and-sec-filings/sec-filings-details/default.aspx?FilingId=6178016,https://d18rn0p25nwr6d.cloudfront.net/CIK-0000004962/e44dd904-864b-4ef0-ae51-1f1dc5f68818.pdf,https://d18rn0p25nwr6d.cloudfront.net/CIK-0000004962/b49c8a32-06dc-4645-9177-abf267ddb6b9.xls
"Oct 02, 2008",Form 4,Statement of Changes in Beneficial Ownership,https://ir.americanexpress.com/financials/earnings-and-sec-filings/sec-filings-details/default.aspx?FilingId=6178208,https://d18rn0p25nwr6d.cloudfront.net/CIK-0000004962/3e25bf47-d860-4c66-a732-005921c390f7.pdf,https://d18rn0p25nwr6d.cloudfront.net/CIK-0000004962/28e9fd55-2598-4533-ae53-0389dfac80e7.xls
"Oct 02, 2008",Form 4,Statement of Changes in Beneficial Ownership,https://ir.americanexpress.com/financials/earnings-and-sec-filings/sec-filings-details/default.aspx?FilingId=6178286,https://d18rn0p25nwr6d.cloudfront.net/CIK-0000004962/21ea0026-5f76-4701-b499-456d6b8935a6.pdf,https://d18rn0p25nwr6d.cloudfront.net/CIK-0000004962/f4440ae7-3a27-4a29-b0a5-7a62098f75f9.xls
"Oct 02, 2008",Form 4,Statement of Changes in Beneficial Ownership,https://ir.americanexpress.com/financials/earnings-and-sec-filings/sec-filings-details/default.aspx?FilingId=6178339,https://d18rn0p25nwr6d.cloudfront.net/CIK-0000004962/3c774114-4965-462b-81c1-c9f3460a87c0.pdf,https://d18rn0p25nwr6d.cloudfront.net/CIK-0000004962/b899cf9b-6730-44d4-9ed4-d72ae4d41b9e.xls
"Oct 02, 2008",Form 4,Statement of Changes in Beneficial Ownership,https://ir.americanexpress.com/financials/earnings-and-sec-filings/sec-filings-details/default.aspx?FilingId=6178376,https://d18rn0p25nwr6d.cloudfront.net/CIK-0000004962/7207f434-f6bd-4982-a1c9-2e0cf382634a.pdf,https://d18rn0p25nwr6d.cloudfront.net/CIK-0000004962/a7e69900-57af-4a77-9a65-689460bbbddf.xls
"Aug 07, 2008",Form 3,Initial Statement of Beneficial Ownership,https://ir.americanexpress.com/financials/earnings-and-sec-filings/sec-filings-details/default.aspx?FilingId=6085449,https://d18rn0p25nwr6d.cloudfront.net/CIK-0000004962/29097a0a-b902-40ae-94bf-cc885e4168d2.pdf,https://d18rn0p25nwr6d.cloudfront.net/CIK-0000004962/eea85372-b8c5-4a35-a48d-bd8bc582bd38.xls
"Jul 02, 2008",Form 4,Statement of Changes in Beneficial Ownership,https://ir.americanexpress.com/financials/earnings-and-sec-filings/sec-filings-details/default.aspx?FilingId=6026062,https://d18rn0p25nwr6d.cloudfront.net/CIK-0000004962/e46ec043-58f0-454e-b098-6668b4b79cb2.pdf,https://d18rn0p25nwr6d.cloudfront.net/CIK-0000004962/b73719a8-24b2-496b-a064-bbcf1b97eb31.xls
"Jul 02, 2008",Form 4,Statement of Changes in Beneficial Ownership,https://ir.americanexpress.com/financials/earnings-and-sec-filings/sec-filings-details/default.aspx?FilingId=6026095,https://d18rn0p25nwr6d.cloudfront.net/CIK-0000004962/68b5e8ac-46d2-4002-97f1-24ce0a708cee.pdf,https://d18rn0p25nwr6d.cloudfront.net/CIK-0000004962/9b386d3d-23a0-4f92-ac9a-67eff02d4f2e.xls
"Jul 02, 2008",Form 4,Statement of Changes in Beneficial Ownership,https://ir.americanexpress.com/financials/earnings-and-sec-filings/sec-filings-details/default.aspx?FilingId=6026164,https://d18rn0p25nwr6d.cloudfront.net/CIK-0000004962/e13c9123-1647-4181-9874-5f64008f6c9a.pdf,https://d18rn0p25nwr6d.cloudfront.net/CIK-0000004962/e39bbd62-c8ca-496c-8919-929ed3da9ca3.xls
"Jul 02, 2008",Form 4,Statement of Changes in Beneficial Ownership,https://ir.americanexpress.com/financials/earnings-and-sec-filings/sec-filings-details/default.aspx?FilingId=6026181,https://d18rn0p25nwr6d.cloudfront.net/CIK-0000004962/62b1add1-8fe7-4d54-a9ce-741933bc67c7.pdf,https://d18rn0p25nwr6d.cloudfront.net/CIK-0000004962/29893eaa-4ee4-4cd1-b7aa-6a8417fac7fb.xls
"Jul 02, 2008",Form 4,Statement of Changes in Beneficial Ownership,https://ir.americanexpress.com/financials/earnings-and-sec-filings/sec-filings-details/default.aspx?FilingId=6026881,https://d18rn0p25nwr6d.cloudfront.net/CIK-0000004962/ce77a113-87b6-4383-bb89-bbc1ed8395fe.pdf,https://d18rn0p25nwr6d.cloudfront.net/CIK-0000004962/51a10278-607a-438c-9df1-cea048976e7a.xls
"Jul 02, 2008",Form 4,Statement of Changes in Beneficial Ownership,https://ir.americanexpress.com/financials/earnings-and-sec-filings/sec-filings-details/default.aspx?FilingId=6027264,https://d18rn0p25nwr6d.cloudfront.net/CIK-0000004962/460140f8-6d56-4644-81c7-f6c7926c2257.pdf,https://d18rn0p25nwr6d.cloudfront.net/CIK-0000004962/ec8ab370-1938-48af-b689-c57e3aeec4bf.xls
"Jun 06, 2008",Form 4,Statement of Changes in Beneficial Ownership,https://ir.americanexpress.com/financials/earnings-and-sec-filings/sec-filings-details/default.aspx?FilingId=5984831,https://d18rn0p25nwr6d.cloudfront.net/CIK-0000004962/096462ea-09d1-40bb-ae74-33cf659534e8.pdf,https://d18rn0p25nwr6d.cloudfront.net/CIK-0000004962/8f86955f-21b9-4e11-bf74-4d037d0fde89.xls
"Apr 30, 2008",Form 4,Statement of Changes in Beneficial Ownership,https://ir.americanexpress.com/financials/earnings-and-sec-filings/sec-filings-details/default.aspx?FilingId=5895620,https://d18rn0p25nwr6d.cloudfront.net/CIK-0000004962/ed20d061-5b5b-42fe-81d2-eb032a70228f.pdf,https://d18rn0p25nwr6d.cloudfront.net/CIK-0000004962/a502f1c2-6f25-40bd-8dd4-52f0bbc6e027.xls
"Apr 30, 2008",Form 4,Statement of Changes in Beneficial Ownership,https://ir.americanexpress.com/financials/earnings-and-sec-filings/sec-filings-details/default.aspx?FilingId=5895662,https://d18rn0p25nwr6d.cloudfront.net/CIK-0000004962/faa86064-8951-4738-b23f-931d4b03db65.pdf,https://d18rn0p25nwr6d.cloudfront.net/CIK-0000004962/7af3de55-9996-4d6d-9cec-7e6f31f71661.xls
"Apr 30, 2008",Form 4,Statement of Changes in Beneficial Ownership,https://ir.americanexpress.com/financials/earnings-and-sec-filings/sec-filings-details/default.aspx?FilingId=5895683,https://d18rn0p25nwr6d.cloudfront.net/CIK-0000004962/09ea35b1-94c0-41ea-be1e-0c3fdb24a330.pdf,https://d18rn0p25nwr6d.cloudfront.net/CIK-0000004962/ff3eea01-5b86-4858-94ba-bd02d4c6af7e.xls
"Apr 30, 2008",Form 4,Statement of Changes in Beneficial Ownership,https://ir.americanexpress.com/financials/earnings-and-sec-filings/sec-filings-details/default.aspx?FilingId=5895710,https://d18rn0p25nwr6d.cloudfront.net/CIK-0000004962/2c4e7b85-daab-4d11-a2a8-820e3eb7fa8b.pdf,https://d18rn0p25nwr6d.cloudfront.net/CIK-0000004962/a7375020-2674-4a8d-95e0-04b062636b6d.xls
"Apr 30, 2008",Form 4,Statement of Changes in Beneficial Ownership,https://ir.americanexpress.com/financials/earnings-and-sec-filings/sec-filings-details/default.aspx?FilingId=5895761,https://d18rn0p25nwr6d.cloudfront.net/CIK-0000004962/357a81c6-fd4b-4a58-bcdf-13eb9da5d097.pdf,https://d18rn0p25nwr6d.cloudfront.net/CIK-0000004962/0a2f56c7-c83e-46c1-9b44-d43d48bccb7e.xls
"Apr 30, 2008",Form 4,Statement of Changes in Beneficial Ownership,https://ir.americanexpress.com/financials/earnings-and-sec-filings/sec-filings-details/default.aspx?FilingId=5895866,https://d18rn0p25nwr6d.cloudfront.net/CIK-0000004962/9d85aa8c-f3c1-452c-916c-5cf29a21cb7b.pdf,https://d18rn0p25nwr6d.cloudfront.net/CIK-0000004962/2c9d6802-edb7-4900-8036-7ba60845cb9f.xls
"Apr 30, 2008",Form 4,Statement of Changes in Beneficial Ownership,https://ir.americanexpress.com/financials/earnings-and-sec-filings/sec-filings-details/default.aspx?FilingId=5895907,https://d18rn0p25nwr6d.cloudfront.net/CIK-0000004962/07c048e0-0c2a-444f-80ea-f6f1b8299563.pdf,https://d18rn0p25nwr6d.cloudfront.net/CIK-0000004962/1bada029-62bb-4875-8aee-ce03bc7037fa.xls
"Apr 30, 2008",Form 4,Statement of Changes in Beneficial Ownership,https://ir.americanexpress.com/financials/earnings-and-sec-filings/sec-filings-details/default.aspx?FilingId=5895970,https://d18rn0p25nwr6d.cloudfront.net/CIK-0000004962/b07dca09-19f8-4eca-af80-1e696433f2c6.pdf,https://d18rn0p25nwr6d.cloudfront.net/CIK-0000004962/5d464fe0-1735-42de-9458-d3e1cb21b138.xls
"Apr 30, 2008",Form 4,Statement of Changes in Beneficial Ownership,https://ir.americanexpress.com/financials/earnings-and-sec-filings/sec-filings-details/default.aspx?FilingId=5895997,https://d18rn0p25nwr6d.cloudfront.net/CIK-0000004962/aac305f3-ce89-44ab-aabd-192e6d4d08dd.pdf,https://d18rn0p25nwr6d.cloudfront.net/CIK-0000004962/6048c3b2-8b43-4844-b8f8-672be95a6bf8.xls
"Apr 30, 2008",Form 4,Statement of Changes in Beneficial Ownership,https://ir.americanexpress.com/financials/earnings-and-sec-filings/sec-filings-details/default.aspx?FilingId=5896050,https://d18rn0p25nwr6d.cloudfront.net/CIK-0000004962/ae58d5ef-284f-47e7-8dc7-b9a3f7931dbf.pdf,https://d18rn0p25nwr6d.cloudfront.net/CIK-0000004962/21c49d98-e172-426c-82c0-28a85d1d0b5d.xls
"Apr 30, 2008",Form 4,Statement of Changes in Beneficial Ownership,https://ir.americanexpress.com/financials/earnings-and-sec-filings/sec-filings-details/default.aspx?FilingId=5896105,https://d18rn0p25nwr6d.cloudfront.net/CIK-0000004962/f323ffbd-a46b-42b5-9cfb-6d29a6a19ee2.pdf,https://d18rn0p25nwr6d.cloudfront.net/CIK-0000004962/7de2c7f2-0996-4186-ac9a-6507118ad783.xls
"Apr 29, 2008",Form 4,Statement of Changes in Beneficial Ownership,https://ir.americanexpress.com/financials/earnings-and-sec-filings/sec-filings-details/default.aspx?FilingId=5890636,https://d18rn0p25nwr6d.cloudfront.net/CIK-0000004962/aea8bece-9505-4733-ae9c-13cf89a712fc.pdf,https://d18rn0p25nwr6d.cloudfront.net/CIK-0000004962/2260421c-50f4-4642-b86e-aae7af8d4740.xls
"Apr 29, 2008",Form 4,Statement of Changes in Beneficial Ownership,https://ir.americanexpress.com/financials/earnings-and-sec-filings/sec-filings-details/default.aspx?FilingId=5890741,https://d18rn0p25nwr6d.cloudfront.net/CIK-0000004962/fc518f5d-7319-41ec-b667-e8a1f8d5f30f.pdf,https://d18rn0p25nwr6d.cloudfront.net/CIK-0000004962/1847b192-ec23-48b3-a553-b16a0990bc8e.xls
"Apr 08, 2008",Form 4,Statement of Changes in Beneficial Ownership,https://ir.americanexpress.com/financials/earnings-and-sec-filings/sec-filings-details/default.aspx?FilingId=5855787,https://d18rn0p25nwr6d.cloudfront.net/CIK-0000004962/277f7b1a-04f7-4bbb-91d0-4219168c65c8.pdf,https://d18rn0p25nwr6d.cloudfront.net/CIK-0000004962/426ec7b4-bfec-4356-8c70-41bbddf17cd4.xls
"Apr 02, 2008",Form 4,Statement of Changes in Beneficial Ownership,https://ir.americanexpress.com/financials/earnings-and-sec-filings/sec-filings-details/default.aspx?FilingId=5843793,https://d18rn0p25nwr6d.cloudfront.net/CIK-0000004962/b7f5d8c3-13d3-428b-aa26-63c26b339b7e.pdf,https://d18rn0p25nwr6d.cloudfront.net/CIK-0000004962/b2306059-6a24-436a-9d09-5a7fdd332aec.xls
"Apr 02, 2008",Form 4,Statement of Changes in Beneficial Ownership,https://ir.americanexpress.com/financials/earnings-and-sec-filings/sec-filings-details/default.aspx?FilingId=5843843,https://d18rn0p25nwr6d.cloudfront.net/CIK-0000004962/a4b0c2ea-5499-4e9c-817d-10ca9ddc6783.pdf,https://d18rn0p25nwr6d.cloudfront.net/CIK-0000004962/0821e5f2-80eb-467e-b065-23d5ec1e6cd5.xls
"Apr 02, 2008",Form 4,Statement of Changes in Beneficial Ownership,https://ir.americanexpress.com/financials/earnings-and-sec-filings/sec-filings-details/default.aspx?FilingId=5843899,https://d18rn0p25nwr6d.cloudfront.net/CIK-0000004962/66e716fb-f498-4fdd-ab0d-4cb3e7a6a983.pdf,https://d18rn0p25nwr6d.cloudfront.net/CIK-0000004962/cb4714c6-aa68-4027-bb03-e4f284fa854f.xls
"Apr 02, 2008",Form 4,Statement of Changes in Beneficial Ownership,https://ir.americanexpress.com/financials/earnings-and-sec-filings/sec-filings-details/default.aspx?FilingId=5843941,https://d18rn0p25nwr6d.cloudfront.net/CIK-0000004962/a8e791d4-195c-4903-9308-08b8a011d5bd.pdf,https://d18rn0p25nwr6d.cloudfront.net/CIK-0000004962/4dd6c698-0b71-4880-9030-30a88854045c.xls
"Apr 02, 2008",Form 4,Statement of Changes in Beneficial Ownership,https://ir.americanexpress.com/financials/earnings-and-sec-filings/sec-filings-details/default.aspx?FilingId=5843972,https://d18rn0p25nwr6d.cloudfront.net/CIK-0000004962/2397b8ec-952c-4bdd-a097-f33b64880843.pdf,https://d18rn0p25nwr6d.cloudfront.net/CIK-0000004962/f77847d5-c27f-46ce-91d2-be171ab6070d.xls
"Apr 02, 2008",Form 4,Statement of Changes in Beneficial Ownership,https://ir.americanexpress.com/financials/earnings-and-sec-filings/sec-filings-details/default.aspx?FilingId=5844004,https://d18rn0p25nwr6d.cloudfront.net/CIK-0000004962/b87e416e-e918-45dc-be4b-fc4b81e11345.pdf,https://d18rn0p25nwr6d.cloudfront.net/CIK-0000004962/9688952b-d50d-466c-8f3b-1a7531ddb924.xls
"Feb 26, 2008",Form 4,Statement of Changes in Beneficial Ownership,https://ir.americanexpress.com/financials/earnings-and-sec-filings/sec-filings-details/default.aspx?FilingId=5756284,https://d18rn0p25nwr6d.cloudfront.net/CIK-0000004962/ae544701-aa0d-44da-ac92-85856a1e266f.pdf,https://d18rn0p25nwr6d.cloudfront.net/CIK-0000004962/00d39a3e-473e-4e1b-9111-fbb1c073f20a.xls
"Feb 21, 2008",Form 4,Statement of Changes in Beneficial Ownership,https://ir.americanexpress.com/financials/earnings-and-sec-filings/sec-filings-details/default.aspx?FilingId=5747031,https://d18rn0p25nwr6d.cloudfront.net/CIK-0000004962/de1976bc-2343-40f4-bbf1-138c228f4dbd.pdf,https://d18rn0p25nwr6d.cloudfront.net/CIK-0000004962/78b441c8-9bbd-4ad9-a3b4-6522364f5a35.xls
"Feb 21, 2008",Form 4,Statement of Changes in Beneficial Ownership,https://ir.americanexpress.com/financials/earnings-and-sec-filings/sec-filings-details/default.aspx?FilingId=5747044,https://d18rn0p25nwr6d.cloudfront.net/CIK-0000004962/f236b0e6-4241-4c59-9de3-622c6d98c8cc.pdf,https://d18rn0p25nwr6d.cloudfront.net/CIK-0000004962/68868570-48ab-41b8-8730-85bdd65c5172.xls
"Feb 14, 2008",Form 5,Annual Statement of Changes in Beneficial Ownership,https://ir.americanexpress.com/financials/earnings-and-sec-filings/sec-filings-details/default.aspx?FilingId=5726240,https://d18rn0p25nwr6d.cloudfront.net/CIK-0000004962/5558ccdb-74bc-4215-89bb-ab004638464f.pdf,https://d18rn0p25nwr6d.cloudfront.net/CIK-0000004962/53d4458c-e40b-4f93-b7a0-539066b36b23.xls
"Feb 14, 2008",Form 5,Annual Statement of Changes in Beneficial Ownership,https://ir.americanexpress.com/financials/earnings-and-sec-filings/sec-filings-details/default.aspx?FilingId=5726268,https://d18rn0p25nwr6d.cloudfront.net/CIK-0000004962/d91914d1-53db-4ca5-b023-0786d768516a.pdf,https://d18rn0p25nwr6d.cloudfront.net/CIK-0000004962/a8594a01-da37-4d36-86a1-733640e587bc.xls
"Feb 14, 2008",Form 5,Annual Statement of Changes in Beneficial Ownership,https://ir.americanexpress.com/financials/earnings-and-sec-filings/sec-filings-details/default.aspx?FilingId=5726311,https://d18rn0p25nwr6d.cloudfront.net/CIK-0000004962/c9fb48dd-abc2-4c44-be13-70b3b35d6681.pdf,https://d18rn0p25nwr6d.cloudfront.net/CIK-0000004962/ca253226-1fca-4b4a-a295-464cd8a6d769.xls
"Feb 14, 2008",Form 5,Annual Statement of Changes in Beneficial Ownership,https://ir.americanexpress.com/financials/earnings-and-sec-filings/sec-filings-details/default.aspx?FilingId=5728522,https://d18rn0p25nwr6d.cloudfront.net/CIK-0000004962/647a5afc-323c-40ac-8120-ebf32bdc21cc.pdf,https://d18rn0p25nwr6d.cloudfront.net/CIK-0000004962/9c694f3c-ffe3-45be-920c-21d44c09dc16.xls
"Feb 14, 2008",Form 5,Annual Statement of Changes in Beneficial Ownership,https://ir.americanexpress.com/financials/earnings-and-sec-filings/sec-filings-details/default.aspx?FilingId=5729093,https://d18rn0p25nwr6d.cloudfront.net/CIK-0000004962/4429015b-58b7-4dfc-aa89-783aa3ff53a8.pdf,https://d18rn0p25nwr6d.cloudfront.net/CIK-0000004962/a714aaff-5e5f-4bec-82ae-dc871627f374.xls
"Feb 14, 2008",Form 5,Annual Statement of Changes in Beneficial Ownership,https://ir.americanexpress.com/financials/earnings-and-sec-filings/sec-filings-details/default.aspx?FilingId=5729238,https://d18rn0p25nwr6d.cloudfront.net/CIK-0000004962/0ad23ed1-734d-44bf-8837-71e3fba14753.pdf,https://d18rn0p25nwr6d.cloudfront.net/CIK-0000004962/35bc0ed6-3569-4fff-a768-5e56ae2f7e99.xls
"Feb 13, 2008",Form 5,Annual Statement of Changes in Beneficial Ownership,https://ir.americanexpress.com/financials/earnings-and-sec-filings/sec-filings-details/default.aspx?FilingId=5723230,https://d18rn0p25nwr6d.cloudfront.net/CIK-0000004962/e1f11e6f-e261-42b3-82f8-ea3ea0802fbe.pdf,https://d18rn0p25nwr6d.cloudfront.net/CIK-0000004962/b92384d8-480d-446e-8909-400719f437a0.xls
"Feb 13, 2008",Form 5,Annual Statement of Changes in Beneficial Ownership,https://ir.americanexpress.com/financials/earnings-and-sec-filings/sec-filings-details/default.aspx?FilingId=5723244,https://d18rn0p25nwr6d.cloudfront.net/CIK-0000004962/a392d6e6-c84d-43ef-965b-63d89496d4a9.pdf,https://d18rn0p25nwr6d.cloudfront.net/CIK-0000004962/ebcb356f-a353-4b73-87c9-ae4c0db2f44a.xls
"Feb 13, 2008",Form 5,Annual Statement of Changes in Beneficial Ownership,https://ir.americanexpress.com/financials/earnings-and-sec-filings/sec-filings-details/default.aspx?FilingId=5723343,https://d18rn0p25nwr6d.cloudfront.net/CIK-0000004962/daf52860-2bb2-49bc-8091-2f65301933c0.pdf,https://d18rn0p25nwr6d.cloudfront.net/CIK-0000004962/4cc4502a-b5ad-4b3d-ba05-b97add9c189c.xls
"Feb 13, 2008",Form 5,Annual Statement of Changes in Beneficial Ownership,https://ir.americanexpress.com/financials/earnings-and-sec-filings/sec-filings-details/default.aspx?FilingId=5723371,https://d18rn0p25nwr6d.cloudfront.net/CIK-0000004962/85bbcfad-d7b4-4692-a5a3-4f83f2050cca.pdf,https://d18rn0p25nwr6d.cloudfront.net/CIK-0000004962/1ebafa82-2d84-476b-89ca-d79a3807726c.xls
"Feb 13, 2008",Form 5,Annual Statement of Changes in Beneficial Ownership,https://ir.americanexpress.com/financials/earnings-and-sec-filings/sec-filings-details/default.aspx?FilingId=5723397,https://d18rn0p25nwr6d.cloudfront.net/CIK-0000004962/582860b6-8d98-40d1-ae60-931229b9f80a.pdf,https://d18rn0p25nwr6d.cloudfront.net/CIK-0000004962/884d080b-7c77-4900-bca7-b30ba967f15a.xls
"Feb 13, 2008",Form 5,Annual Statement of Changes in Beneficial Ownership,https://ir.americanexpress.com/financials/earnings-and-sec-filings/sec-filings-details/default.aspx?FilingId=5723403,https://d18rn0p25nwr6d.cloudfront.net/CIK-0000004962/f2d35283-e55d-4882-aae5-7a34d57d76ec.pdf,https://d18rn0p25nwr6d.cloudfront.net/CIK-0000004962/302c45a6-6c8c-41aa-9911-bfa07ebd6d7a.xls
"Feb 13, 2008",Form 5,Annual Statement of Changes in Beneficial Ownership,https://ir.americanexpress.com/financials/earnings-and-sec-filings/sec-filings-details/default.aspx?FilingId=5723408,https://d18rn0p25nwr6d.cloudfront.net/CIK-0000004962/ce101ab2-6c88-4b88-9686-aa19c3a2f69e.pdf,https://d18rn0p25nwr6d.cloudfront.net/CIK-0000004962/8aca0d7b-f635-476b-93b5-963618e1c237.xls
"Feb 08, 2008",Form 4,Statement of Changes in Beneficial Ownership,https://ir.americanexpress.com/financials/earnings-and-sec-filings/sec-filings-details/default.aspx?FilingId=5705492,https://d18rn0p25nwr6d.cloudfront.net/CIK-0000004962/864932ba-d56c-4b2c-9beb-0a837955d7c5.pdf,https://d18rn0p25nwr6d.cloudfront.net/CIK-0000004962/63b0c76a-f987-4b8e-8628-5d4ba6670cd8.xls
"Feb 04, 2008",Form 4,Statement of Changes in Beneficial Ownership,https://ir.americanexpress.com/financials/earnings-and-sec-filings/sec-filings-details/default.aspx?FilingId=5691482,https://d18rn0p25nwr6d.cloudfront.net/CIK-0000004962/cbb7302d-c977-4fb5-8be8-84dfcae57170.pdf,https://d18rn0p25nwr6d.cloudfront.net/CIK-0000004962/3a249d4a-a81e-4ee4-a8f9-75aeb463a084.xls
"Feb 04, 2008",Form 4,Statement of Changes in Beneficial Ownership,https://ir.americanexpress.com/financials/earnings-and-sec-filings/sec-filings-details/default.aspx?FilingId=5691534,https://d18rn0p25nwr6d.cloudfront.net/CIK-0000004962/b2f01a6b-01a6-45e9-a0df-d2752f14d158.pdf,https://d18rn0p25nwr6d.cloudfront.net/CIK-0000004962/d5318e77-29cb-4e68-8e05-38f0f815ca32.xls
"Feb 04, 2008",Form 4,Statement of Changes in Beneficial Ownership,https://ir.americanexpress.com/financials/earnings-and-sec-filings/sec-filings-details/default.aspx?FilingId=5691595,https://d18rn0p25nwr6d.cloudfront.net/CIK-0000004962/d0218176-f0a7-43c9-9370-27e68806d622.pdf,https://d18rn0p25nwr6d.cloudfront.net/CIK-0000004962/aa765479-302c-4bb4-8f8b-b913a2ae9809.xls
"Feb 04, 2008",Form 4,Statement of Changes in Beneficial Ownership,https://ir.americanexpress.com/financials/earnings-and-sec-filings/sec-filings-details/default.aspx?FilingId=5691629,https://d18rn0p25nwr6d.cloudfront.net/CIK-0000004962/8c7ba246-5757-4939-9bc5-85a9a086fc8c.pdf,https://d18rn0p25nwr6d.cloudfront.net/CIK-0000004962/6db86abf-4960-4e60-8226-8547eec281e7.xls
"Feb 04, 2008",Form 4,Statement of Changes in Beneficial Ownership,https://ir.americanexpress.com/financials/earnings-and-sec-filings/sec-filings-details/default.aspx?FilingId=5691671,https://d18rn0p25nwr6d.cloudfront.net/CIK-0000004962/83c2bf61-a582-4fae-b8c8-9529a631d46f.pdf,https://d18rn0p25nwr6d.cloudfront.net/CIK-0000004962/a3507303-fa75-4de4-93d5-4cf08bbd0a95.xls
"Feb 04, 2008",Form 4,Statement of Changes in Beneficial Ownership,https://ir.americanexpress.com/financials/earnings-and-sec-filings/sec-filings-details/default.aspx?FilingId=5691706,https://d18rn0p25nwr6d.cloudfront.net/CIK-0000004962/3c8bca34-f140-4df7-b9ec-09707d85842a.pdf,https://d18rn0p25nwr6d.cloudfront.net/CIK-0000004962/dc6688d6-cdbb-4fb5-82dd-f1227af64512.xls
"Feb 04, 2008",Form 4,Statement of Changes in Beneficial Ownership,https://ir.americanexpress.com/financials/earnings-and-sec-filings/sec-filings-details/default.aspx?FilingId=5691749,https://d18rn0p25nwr6d.cloudfront.net/CIK-0000004962/37d5ee55-9992-4d57-8d65-2ed688c8f45e.pdf,https://d18rn0p25nwr6d.cloudfront.net/CIK-0000004962/15f81285-e8f0-4576-8be7-d1f186202b78.xls
"Feb 04, 2008",Form 4,Statement of Changes in Beneficial Ownership,https://ir.americanexpress.com/financials/earnings-and-sec-filings/sec-filings-details/default.aspx?FilingId=5691813,https://d18rn0p25nwr6d.cloudfront.net/CIK-0000004962/3c65c91d-dd9e-4907-852a-62c093e1e62f.pdf,https://d18rn0p25nwr6d.cloudfront.net/CIK-0000004962/027f880c-4d14-423a-9da4-21fc53fcf0e2.xls
"Feb 04, 2008",Form 4,Statement of Changes in Beneficial Ownership,https://ir.americanexpress.com/financials/earnings-and-sec-filings/sec-filings-details/default.aspx?FilingId=5691860,https://d18rn0p25nwr6d.cloudfront.net/CIK-0000004962/34b64f60-2f6c-41f2-b82c-2feeeff1ed3b.pdf,https://d18rn0p25nwr6d.cloudfront.net/CIK-0000004962/d0e3f664-4d74-4725-a491-af883f09cb43.xls
"Feb 04, 2008",Form 4,Statement of Changes in Beneficial Ownership,https://ir.americanexpress.com/financials/earnings-and-sec-filings/sec-filings-details/default.aspx?FilingId=5691907,https://d18rn0p25nwr6d.cloudfront.net/CIK-0000004962/cc9f3a23-59b2-4012-92e7-2e1debf00f6e.pdf,https://d18rn0p25nwr6d.cloudfront.net/CIK-0000004962/7deb3eac-9b5c-4725-94d2-71739960549f.xls
"Feb 04, 2008",Form 4,Statement of Changes in Beneficial Ownership,https://ir.americanexpress.com/financials/earnings-and-sec-filings/sec-filings-details/default.aspx?FilingId=5691999,https://d18rn0p25nwr6d.cloudfront.net/CIK-0000004962/e18cd7db-3d4c-40ad-aa16-be2c6ab7f3d7.pdf,https://d18rn0p25nwr6d.cloudfront.net/CIK-0000004962/6a373908-1519-4e0d-a266-a60f73df9fd2.xls
"Feb 04, 2008",Form 4,Statement of Changes in Beneficial Ownership,https://ir.americanexpress.com/financials/earnings-and-sec-filings/sec-filings-details/default.aspx?FilingId=5692223,https://d18rn0p25nwr6d.cloudfront.net/CIK-0000004962/175d220b-235c-41cd-af14-67a56a72f685.pdf,https://d18rn0p25nwr6d.cloudfront.net/CIK-0000004962/b8954b2c-a6a0-4862-9aa6-0638b2a6e4c3.xls
"Jan 30, 2008",Form 4,Statement of Changes in Beneficial Ownership,https://ir.americanexpress.com/financials/earnings-and-sec-filings/sec-filings-details/default.aspx?FilingId=5682038,https://d18rn0p25nwr6d.cloudfront.net/CIK-0000004962/a9549fc2-3281-41d7-9bdd-1c1a7ad3bfa2.pdf,https://d18rn0p25nwr6d.cloudfront.net/CIK-0000004962/34f9ac73-af48-45bd-850e-9baa1faba919.xls
"Jan 30, 2008",Form 4,Statement of Changes in Beneficial Ownership,https://ir.americanexpress.com/financials/earnings-and-sec-filings/sec-filings-details/default.aspx?FilingId=5682053,https://d18rn0p25nwr6d.cloudfront.net/CIK-0000004962/1db4f205-1213-442b-bb56-134438932b4c.pdf,https://d18rn0p25nwr6d.cloudfront.net/CIK-0000004962/151bebed-b350-41fc-8be3-f584b5461ec5.xls
"Jan 30, 2008",Form 4,Statement of Changes in Beneficial Ownership,https://ir.americanexpress.com/financials/earnings-and-sec-filings/sec-filings-details/default.aspx?FilingId=5682074,https://d18rn0p25nwr6d.cloudfront.net/CIK-0000004962/da8f0109-5ec4-4ca6-8610-8b822643fc00.pdf,https://d18rn0p25nwr6d.cloudfront.net/CIK-0000004962/8d20e71e-149f-40b8-a0fb-7fea3944aa00.xls
"Jan 30, 2008",Form 4,Statement of Changes in Beneficial Ownership,https://ir.americanexpress.com/financials/earnings-and-sec-filings/sec-filings-details/default.aspx?FilingId=5682087,https://d18rn0p25nwr6d.cloudfront.net/CIK-0000004962/3d0243aa-449a-4423-94b9-db7fa2219e49.pdf,https://d18rn0p25nwr6d.cloudfront.net/CIK-0000004962/ea806257-9c1c-4016-a3d2-630eb94eeb5d.xls
"Jan 30, 2008",Form 4,Statement of Changes in Beneficial Ownership,https://ir.americanexpress.com/financials/earnings-and-sec-filings/sec-filings-details/default.aspx?FilingId=5682093,https://d18rn0p25nwr6d.cloudfront.net/CIK-0000004962/71f54cbb-c6b5-4ad1-81a7-b816443bd4c8.pdf,https://d18rn0p25nwr6d.cloudfront.net/CIK-0000004962/72dc85d4-d8a9-4b4d-988c-37558c437c45.xls
"Jan 28, 2008",Form 4,Statement of Changes in Beneficial Ownership,https://ir.americanexpress.com/financials/earnings-and-sec-filings/sec-filings-details/default.aspx?FilingId=5674659,https://d18rn0p25nwr6d.cloudfront.net/CIK-0000004962/1c27d040-5a75-4b18-9572-41cd44718aaa.pdf,https://d18rn0p25nwr6d.cloudfront.net/CIK-0000004962/891d2c45-6c63-4874-a455-7530f349e014.xls
"Jan 28, 2008",Form 4,Statement of Changes in Beneficial Ownership,https://ir.americanexpress.com/financials/earnings-and-sec-filings/sec-filings-details/default.aspx?FilingId=5674752,https://d18rn0p25nwr6d.cloudfront.net/CIK-0000004962/d387e1a5-d9d0-4cd8-9295-db3c6eed3d83.pdf,https://d18rn0p25nwr6d.cloudfront.net/CIK-0000004962/ee39422e-d421-4360-8798-a5151615b26d.xls
"Jan 28, 2008",Form 4,Statement of Changes in Beneficial Ownership,https://ir.americanexpress.com/financials/earnings-and-sec-filings/sec-filings-details/default.aspx?FilingId=5674820,https://d18rn0p25nwr6d.cloudfront.net/CIK-0000004962/bb82b8c4-1fb2-4d3e-b37e-2b723bf6401d.pdf,https://d18rn0p25nwr6d.cloudfront.net/CIK-0000004962/775cb5ef-cf51-4d2a-8408-3911a0462064.xls
"Jan 28, 2008",Form 4,Statement of Changes in Beneficial Ownership,https://ir.americanexpress.com/financials/earnings-and-sec-filings/sec-filings-details/default.aspx?FilingId=5674892,https://d18rn0p25nwr6d.cloudfront.net/CIK-0000004962/98d45499-13ce-457d-b216-1619afdce36b.pdf,https://d18rn0p25nwr6d.cloudfront.net/CIK-0000004962/d0f44353-e786-4678-a06e-2e5b0881ab7f.xls
"Jan 25, 2008",Form 4,Statement of Changes in Beneficial Ownership,https://ir.americanexpress.com/financials/earnings-and-sec-filings/sec-filings-details/default.aspx?FilingId=5672263,https://d18rn0p25nwr6d.cloudfront.net/CIK-0000004962/bc9aa263-dbc7-4c81-ab89-e943ba95ed98.pdf,https://d18rn0p25nwr6d.cloudfront.net/CIK-0000004962/fafd58af-0640-4f0b-90eb-a45cdeffa7d0.xls
"Jan 03, 2008",Form 4,Statement of Changes in Beneficial Ownership,https://ir.americanexpress.com/financials/earnings-and-sec-filings/sec-filings-details/default.aspx?FilingId=5629651,https://d18rn0p25nwr6d.cloudfront.net/CIK-0000004962/f0cac4bf-ce7b-433c-9be4-c5927159c573.pdf,https://d18rn0p25nwr6d.cloudfront.net/CIK-0000004962/0adce7d1-10cc-40b2-b762-bc541f6c8181.xls
"Jan 03, 2008",Form 4,Statement of Changes in Beneficial Ownership,https://ir.americanexpress.com/financials/earnings-and-sec-filings/sec-filings-details/default.aspx?FilingId=5629701,https://d18rn0p25nwr6d.cloudfront.net/CIK-0000004962/4c9dfae8-0856-4e8c-8d21-88d70cdf5249.pdf,https://d18rn0p25nwr6d.cloudfront.net/CIK-0000004962/b37abf6c-4fc7-4ece-90e6-6cee411ff646.xls
"Jan 03, 2008",Form 4,Statement of Changes in Beneficial Ownership,https://ir.americanexpress.com/financials/earnings-and-sec-filings/sec-filings-details/default.aspx?FilingId=5629718,https://d18rn0p25nwr6d.cloudfront.net/CIK-0000004962/a24d36dc-3486-467a-850b-24bbf4a2e728.pdf,https://d18rn0p25nwr6d.cloudfront.net/CIK-0000004962/e4b72695-47b6-4872-a51f-c1968e59d7e8.xls
"Jan 03, 2008",Form 4,Statement of Changes in Beneficial Ownership,https://ir.americanexpress.com/financials/earnings-and-sec-filings/sec-filings-details/default.aspx?FilingId=5629730,https://d18rn0p25nwr6d.cloudfront.net/CIK-0000004962/41ef6d3e-ebf5-47f2-91e4-7b94ee567512.pdf,https://d18rn0p25nwr6d.cloudfront.net/CIK-0000004962/d13f02f0-7c61-4413-acd5-e3fe758867af.xls
"Jan 03, 2008",Form 4,Statement of Changes in Beneficial Ownership,https://ir.americanexpress.com/financials/earnings-and-sec-filings/sec-filings-details/default.aspx?FilingId=5629743,https://d18rn0p25nwr6d.cloudfront.net/CIK-0000004962/6196b409-d77b-434b-975e-d37dede7fd7d.pdf,https://d18rn0p25nwr6d.cloudfront.net/CIK-0000004962/67bf3960-9de4-4289-9bac-a9ad8fee9d8e.xls
"Jan 03, 2008",Form 4,Statement of Changes in Beneficial Ownership,https://ir.americanexpress.com/financials/earnings-and-sec-filings/sec-filings-details/default.aspx?FilingId=5629755,https://d18rn0p25nwr6d.cloudfront.net/CIK-0000004962/79d990d7-723a-42f2-a009-7c5bdf6d4a09.pdf,https://d18rn0p25nwr6d.cloudfront.net/CIK-0000004962/c04ac7e7-0bc4-4895-9cca-302218d0287d.xls
"Dec 28, 2007",Form 4,Statement of Changes in Beneficial Ownership,https://ir.americanexpress.com/financials/earnings-and-sec-filings/sec-filings-details/default.aspx?FilingId=5621251,https://d18rn0p25nwr6d.cloudfront.net/CIK-0000004962/eba1450d-0617-4c83-8191-db77e4667e4a.pdf,https://d18rn0p25nwr6d.cloudfront.net/CIK-0000004962/1bcd6454-0ff1-4a70-b11c-caad78a5cdf1.xls
"Dec 26, 2007",Form 4,Statement of Changes in Beneficial Ownership,https://ir.americanexpress.com/financials/earnings-and-sec-filings/sec-filings-details/default.aspx?FilingId=5617051,https://d18rn0p25nwr6d.cloudfront.net/CIK-0000004962/c9944194-32c6-441f-a77b-54655062f624.pdf,https://d18rn0p25nwr6d.cloudfront.net/CIK-0000004962/7004b24e-bdeb-4445-919b-09ba4ff16e2e.xls
"Dec 13, 2007",Form 4,Statement of Changes in Beneficial Ownership,https://ir.americanexpress.com/financials/earnings-and-sec-filings/sec-filings-details/default.aspx?FilingId=5597303,https://d18rn0p25nwr6d.cloudfront.net/CIK-0000004962/0a0db9ea-ac06-48eb-8ffa-88e463429aa1.pdf,https://d18rn0p25nwr6d.cloudfront.net/CIK-0000004962/0689fc4e-05c8-4424-a58a-d3e1b1165174.xls
"Dec 11, 2007",Form 4,Statement of Changes in Beneficial Ownership,https://ir.americanexpress.com/financials/earnings-and-sec-filings/sec-filings-details/default.aspx?FilingId=5593954,https://d18rn0p25nwr6d.cloudfront.net/CIK-0000004962/ec0cb7f7-766c-4d8d-9982-0584709af350.pdf,https://d18rn0p25nwr6d.cloudfront.net/CIK-0000004962/627b894c-1a31-42d0-aab3-1b82e20ce663.xls
"Dec 04, 2007",Form 4,Statement of Changes in Beneficial Ownership,https://ir.americanexpress.com/financials/earnings-and-sec-filings/sec-filings-details/default.aspx?FilingId=5580496,https://d18rn0p25nwr6d.cloudfront.net/CIK-0000004962/7d5ce7d9-2069-4223-83a4-170dd1cef89e.pdf,https://d18rn0p25nwr6d.cloudfront.net/CIK-0000004962/be0b54a6-9f70-439a-b747-e461eed052d8.xls
"Dec 04, 2007",Form 4,Statement of Changes in Beneficial Ownership,https://ir.americanexpress.com/financials/earnings-and-sec-filings/sec-filings-details/default.aspx?FilingId=5580517,https://d18rn0p25nwr6d.cloudfront.net/CIK-0000004962/af13e8a9-4e3d-4277-9814-998126ce65b5.pdf,https://d18rn0p25nwr6d.cloudfront.net/CIK-0000004962/17e314e2-ae1c-46e4-9bdc-21f34ac6474f.xls
"Nov 13, 2007",Form 4,Statement of Changes in Beneficial Ownership,https://ir.americanexpress.com/financials/earnings-and-sec-filings/sec-filings-details/default.aspx?FilingId=5535376,https://d18rn0p25nwr6d.cloudfront.net/CIK-0000004962/b46bcb93-6207-48b1-9e64-9e2325d0edf3.pdf,https://d18rn0p25nwr6d.cloudfront.net/CIK-0000004962/c8e6e6bc-a5e8-40d2-886a-8ed392a825a4.xls
"Nov 13, 2007",Form 4,Statement of Changes in Beneficial Ownership,https://ir.americanexpress.com/financials/earnings-and-sec-filings/sec-filings-details/default.aspx?FilingId=5535403,https://d18rn0p25nwr6d.cloudfront.net/CIK-0000004962/3ef9a158-1403-4542-9a50-80db86e410d6.pdf,https://d18rn0p25nwr6d.cloudfront.net/CIK-0000004962/c587c3f9-52ce-4a91-a614-4ec2b5d31983.xls
"Nov 13, 2007",Form 4,Statement of Changes in Beneficial Ownership,https://ir.americanexpress.com/financials/earnings-and-sec-filings/sec-filings-details/default.aspx?FilingId=5538146,https://d18rn0p25nwr6d.cloudfront.net/CIK-0000004962/c575b478-1372-4baf-88e2-3b5b81cb16cd.pdf,https://d18rn0p25nwr6d.cloudfront.net/CIK-0000004962/17ce693a-22e8-453f-a917-b3a777965068.xls
"Nov 13, 2007",Form 4,Statement of Changes in Beneficial Ownership,https://ir.americanexpress.com/financials/earnings-and-sec-filings/sec-filings-details/default.aspx?FilingId=5538280,https://d18rn0p25nwr6d.cloudfront.net/CIK-0000004962/47539c7a-1179-42a2-a4f2-e3be872664d2.pdf,https://d18rn0p25nwr6d.cloudfront.net/CIK-0000004962/33f6adc7-0f66-40c5-b10c-594b5d0648c7.xls
"Nov 02, 2007",Form 4,Statement of Changes in Beneficial Ownership,https://ir.americanexpress.com/financials/earnings-and-sec-filings/sec-filings-details/default.aspx?FilingId=5510218,https://d18rn0p25nwr6d.cloudfront.net/CIK-0000004962/d43af055-5427-4bb8-b7fc-82dc38a4905e.pdf,https://d18rn0p25nwr6d.cloudfront.net/CIK-0000004962/c97512c2-3359-4430-9e5a-8b599c2546c1.xls
"Oct 02, 2007",Form 4,Statement of Changes in Beneficial Ownership,https://ir.americanexpress.com/financials/earnings-and-sec-filings/sec-filings-details/default.aspx?FilingId=5455284,https://d18rn0p25nwr6d.cloudfront.net/CIK-0000004962/0beaf595-241b-465a-9a79-bb274861f003.pdf,https://d18rn0p25nwr6d.cloudfront.net/CIK-0000004962/6dec4c86-cf7d-48e6-9e88-a270273cfe14.xls
"Oct 02, 2007",Form 4,Statement of Changes in Beneficial Ownership,https://ir.americanexpress.com/financials/earnings-and-sec-filings/sec-filings-details/default.aspx?FilingId=5455305,https://d18rn0p25nwr6d.cloudfront.net/CIK-0000004962/e5e7cf3d-1222-49a6-93b9-7aa16cdf53c2.pdf,https://d18rn0p25nwr6d.cloudfront.net/CIK-0000004962/6995b71b-bdd9-4eb4-9b83-6fed169fe713.xls
"Oct 02, 2007",Form 4,Statement of Changes in Beneficial Ownership,https://ir.americanexpress.com/financials/earnings-and-sec-filings/sec-filings-details/default.aspx?FilingId=5455326,https://d18rn0p25nwr6d.cloudfront.net/CIK-0000004962/a0124601-2f32-4c10-8039-fb04f8c7fd19.pdf,https://d18rn0p25nwr6d.cloudfront.net/CIK-0000004962/2fb28302-0984-42b1-9db7-5d7131480956.xls
"Oct 02, 2007",Form 4,Statement of Changes in Beneficial Ownership,https://ir.americanexpress.com/financials/earnings-and-sec-filings/sec-filings-details/default.aspx?FilingId=5455362,https://d18rn0p25nwr6d.cloudfront.net/CIK-0000004962/b0d8e1fe-daab-4fd3-9cdd-7b7339c66cc9.pdf,https://d18rn0p25nwr6d.cloudfront.net/CIK-0000004962/fe3df4c9-fb98-4634-8bd6-836ee6156b5a.xls
"Oct 02, 2007",Form 4,Statement of Changes in Beneficial Ownership,https://ir.americanexpress.com/financials/earnings-and-sec-filings/sec-filings-details/default.aspx?FilingId=5455396,https://d18rn0p25nwr6d.cloudfront.net/CIK-0000004962/d9f2077c-d32c-4e3a-8822-1f68047700f6.pdf,https://d18rn0p25nwr6d.cloudfront.net/CIK-0000004962/1788e733-b5ed-48d5-81b0-d4df6ea2b53e.xls
"Oct 02, 2007",Form 4,Statement of Changes in Beneficial Ownership,https://ir.americanexpress.com/financials/earnings-and-sec-filings/sec-filings-details/default.aspx?FilingId=5455424,https://d18rn0p25nwr6d.cloudfront.net/CIK-0000004962/4f44e431-bbb8-46df-b7d8-2fe092c90716.pdf,https://d18rn0p25nwr6d.cloudfront.net/CIK-0000004962/04453658-0d5f-4eeb-b21a-a476ed96fc83.xls
"Sep 07, 2007",Form 4,Statement of Changes in Beneficial Ownership,https://ir.americanexpress.com/financials/earnings-and-sec-filings/sec-filings-details/default.aspx?FilingId=5417240,https://d18rn0p25nwr6d.cloudfront.net/CIK-0000004962/ebf55e46-0449-48ca-a7cc-00a03f285d80.pdf,https://d18rn0p25nwr6d.cloudfront.net/CIK-0000004962/538f198e-b159-4ac5-b0fd-3af7cc64c6e9.xls
"Aug 13, 2007",Form 4,Statement of Changes in Beneficial Ownership,https://ir.americanexpress.com/financials/earnings-and-sec-filings/sec-filings-details/default.aspx?FilingId=5364560,https://d18rn0p25nwr6d.cloudfront.net/CIK-0000004962/f24c434a-0884-465b-abc8-e12275efb95f.pdf,https://d18rn0p25nwr6d.cloudfront.net/CIK-0000004962/b9161e80-e82a-4135-ba25-604e131e054b.xls
"Aug 13, 2007",Form 4,Statement of Changes in Beneficial Ownership,https://ir.americanexpress.com/financials/earnings-and-sec-filings/sec-filings-details/default.aspx?FilingId=5364588,https://d18rn0p25nwr6d.cloudfront.net/CIK-0000004962/16cfb5e4-5330-4b62-a752-ead0d74fe5d9.pdf,https://d18rn0p25nwr6d.cloudfront.net/CIK-0000004962/bf2a3a9c-6743-43d8-98bb-532e9ae9a477.xls
"Aug 09, 2007",Form 4,Statement of Changes in Beneficial Ownership,https://ir.americanexpress.com/financials/earnings-and-sec-filings/sec-filings-details/default.aspx?FilingId=5358452,https://d18rn0p25nwr6d.cloudfront.net/CIK-0000004962/809e53c0-2f20-4a4d-b91f-94e7cbfe1097.pdf,https://d18rn0p25nwr6d.cloudfront.net/CIK-0000004962/c1d5d6a7-50ea-477c-861c-6709194094a0.xls
"Aug 08, 2007",Form 4,Statement of Changes in Beneficial Ownership,https://ir.americanexpress.com/financials/earnings-and-sec-filings/sec-filings-details/default.aspx?FilingId=5352986,https://d18rn0p25nwr6d.cloudfront.net/CIK-0000004962/c19b3542-1f98-42f5-b3b9-d100c0b498e5.pdf,https://d18rn0p25nwr6d.cloudfront.net/CIK-0000004962/6bef6666-9b24-4ee7-a442-ba52197e98c4.xls
"Aug 08, 2007",Form 4,Statement of Changes in Beneficial Ownership,https://ir.americanexpress.com/financials/earnings-and-sec-filings/sec-filings-details/default.aspx?FilingId=5352994,https://d18rn0p25nwr6d.cloudfront.net/CIK-0000004962/a25eb59e-9564-4219-9984-f68016cf0722.pdf,https://d18rn0p25nwr6d.cloudfront.net/CIK-0000004962/c0f5bd02-8679-4a6c-aec3-a5f9eb098347.xls
"Aug 02, 2007",Form 4,Statement of Changes in Beneficial Ownership,https://ir.americanexpress.com/financials/earnings-and-sec-filings/sec-filings-details/default.aspx?FilingId=5338035,https://d18rn0p25nwr6d.cloudfront.net/CIK-0000004962/f101c583-5682-4763-9f40-be63570bf58e.pdf,https://d18rn0p25nwr6d.cloudfront.net/CIK-0000004962/ed24cc52-7b11-4363-ad75-9e3646a34a20.xls
"Aug 02, 2007",Form 4,Statement of Changes in Beneficial Ownership,https://ir.americanexpress.com/financials/earnings-and-sec-filings/sec-filings-details/default.aspx?FilingId=5338049,https://d18rn0p25nwr6d.cloudfront.net/CIK-0000004962/1d1392c7-13d2-4eb3-baf4-8630b63d87f6.pdf,https://d18rn0p25nwr6d.cloudfront.net/CIK-0000004962/de5921cc-8022-4e6c-98dd-cd3959ccb7d0.xls
"Aug 02, 2007",Form 4,Statement of Changes in Beneficial Ownership,https://ir.americanexpress.com/financials/earnings-and-sec-filings/sec-filings-details/default.aspx?FilingId=5339845,https://d18rn0p25nwr6d.cloudfront.net/CIK-0000004962/f4987c02-5540-4b4f-8021-6441ca21d9bf.pdf,https://d18rn0p25nwr6d.cloudfront.net/CIK-0000004962/1ac403ff-d90a-4374-848b-d07441eab502.xls
"Aug 02, 2007",Form 4,Statement of Changes in Beneficial Ownership,https://ir.americanexpress.com/financials/earnings-and-sec-filings/sec-filings-details/default.aspx?FilingId=5339859,https://d18rn0p25nwr6d.cloudfront.net/CIK-0000004962/c04b9d1c-456f-46d6-8525-b289a63bc01f.pdf,https://d18rn0p25nwr6d.cloudfront.net/CIK-0000004962/64af6039-f111-4856-8c74-e17f4b4d256e.xls
"Jul 12, 2007",Form 3,Initial Statement of Beneficial Ownership,https://ir.americanexpress.com/financials/earnings-and-sec-filings/sec-filings-details/default.aspx?FilingId=5297877,https://d18rn0p25nwr6d.cloudfront.net/CIK-0000004962/94f95079-6d78-4bff-a844-1ceb1cb844ba.pdf,https://d18rn0p25nwr6d.cloudfront.net/CIK-0000004962/d49ad8ce-2e54-4f9b-8d04-76a2faaa6572.xls
"Jul 12, 2007",Form 3,Initial Statement of Beneficial Ownership,https://ir.americanexpress.com/financials/earnings-and-sec-filings/sec-filings-details/default.aspx?FilingId=5297955,https://d18rn0p25nwr6d.cloudfront.net/CIK-0000004962/c796d6b1-d917-44bc-a2c0-797cdc9e0a92.pdf,https://d18rn0p25nwr6d.cloudfront.net/CIK-0000004962/9d517933-0d8b-4a98-a68b-b9ce722695b6.xls
"Jul 03, 2007",Form 4,Statement of Changes in Beneficial Ownership,https://ir.americanexpress.com/financials/earnings-and-sec-filings/sec-filings-details/default.aspx?FilingId=5282446,https://d18rn0p25nwr6d.cloudfront.net/CIK-0000004962/236e9607-3e8d-4fcb-a203-e69f63181bea.pdf,https://d18rn0p25nwr6d.cloudfront.net/CIK-0000004962/cca95713-d69f-4b1d-b45a-86a640cdbd0a.xls
"Jul 03, 2007",Form 4,Statement of Changes in Beneficial Ownership,https://ir.americanexpress.com/financials/earnings-and-sec-filings/sec-filings-details/default.aspx?FilingId=5282570,https://d18rn0p25nwr6d.cloudfront.net/CIK-0000004962/01c4eae2-7e32-4aea-896b-70ce47cd512e.pdf,https://d18rn0p25nwr6d.cloudfront.net/CIK-0000004962/5e655169-7475-4b30-9238-cabc0699964a.xls
"Jul 03, 2007",Form 4,Statement of Changes in Beneficial Ownership,https://ir.americanexpress.com/financials/earnings-and-sec-filings/sec-filings-details/default.aspx?FilingId=5282652,https://d18rn0p25nwr6d.cloudfront.net/CIK-0000004962/d9674a7c-bc04-4506-8431-be47c11b34a0.pdf,https://d18rn0p25nwr6d.cloudfront.net/CIK-0000004962/7b9ca475-a4d4-46a0-b1de-02a061cb895d.xls
"Jul 03, 2007",Form 4,Statement of Changes in Beneficial Ownership,https://ir.americanexpress.com/financials/earnings-and-sec-filings/sec-filings-details/default.aspx?FilingId=5282707,https://d18rn0p25nwr6d.cloudfront.net/CIK-0000004962/ec67ad02-f011-4d7a-9792-02f2e9318858.pdf,https://d18rn0p25nwr6d.cloudfront.net/CIK-0000004962/ee8e87d2-6d35-45f1-b451-665949a8d385.xls
"Jul 03, 2007",Form 4,Statement of Changes in Beneficial Ownership,https://ir.americanexpress.com/financials/earnings-and-sec-filings/sec-filings-details/default.aspx?FilingId=5282752,https://d18rn0p25nwr6d.cloudfront.net/CIK-0000004962/e71593f0-b420-45ca-8cbe-68ae5fecc18a.pdf,https://d18rn0p25nwr6d.cloudfront.net/CIK-0000004962/c129ee8d-c860-4e11-b7b2-68abc5a3a151.xls
"Jul 03, 2007",Form 4,Statement of Changes in Beneficial Ownership,https://ir.americanexpress.com/financials/earnings-and-sec-filings/sec-filings-details/default.aspx?FilingId=5282874,https://d18rn0p25nwr6d.cloudfront.net/CIK-0000004962/bd54b847-c7a7-48a5-a31f-d6cefb710109.pdf,https://d18rn0p25nwr6d.cloudfront.net/CIK-0000004962/a92e7ad8-860a-4611-b0f5-cd7b44246b3d.xls
"Jun 01, 2007",Form 4,Statement of Changes in Beneficial Ownership,https://ir.americanexpress.com/financials/earnings-and-sec-filings/sec-filings-details/default.aspx?FilingId=5220125,https://d18rn0p25nwr6d.cloudfront.net/CIK-0000004962/ce2831d4-d60e-4552-8adc-fa1cb45f5ce3.pdf,https://d18rn0p25nwr6d.cloudfront.net/CIK-0000004962/fbfe62f0-5b88-4bdb-9936-3805ac97c3c5.xls
"May 24, 2007",Form 4,Statement of Changes in Beneficial Ownership,https://ir.americanexpress.com/financials/earnings-and-sec-filings/sec-filings-details/default.aspx?FilingId=5205891,https://d18rn0p25nwr6d.cloudfront.net/CIK-0000004962/93287174-06c2-44f9-a806-1d618ef3cca5.pdf,https://d18rn0p25nwr6d.cloudfront.net/CIK-0000004962/83a897d4-3b97-4a29-a3f2-69ffd2dc8856.xls
"May 23, 2007",Form 4,Statement of Changes in Beneficial Ownership,https://ir.americanexpress.com/financials/earnings-and-sec-filings/sec-filings-details/default.aspx?FilingId=5201721,https://d18rn0p25nwr6d.cloudfront.net/CIK-0000004962/14ec59f0-cf66-40f1-9de9-078876b22d80.pdf,https://d18rn0p25nwr6d.cloudfront.net/CIK-0000004962/112b507c-68bf-4ccf-8e0f-f0396127f187.xls
"May 16, 2007",Form 4,Statement of Changes in Beneficial Ownership,https://ir.americanexpress.com/financials/earnings-and-sec-filings/sec-filings-details/default.aspx?FilingId=5187263,https://d18rn0p25nwr6d.cloudfront.net/CIK-0000004962/e82c844d-1d04-4bb9-a449-9f721b44bd58.pdf,https://d18rn0p25nwr6d.cloudfront.net/CIK-0000004962/b3e06803-3139-448e-b394-2446ac26d54e.xls
"May 15, 2007",Form 4,Statement of Changes in Beneficial Ownership,https://ir.americanexpress.com/financials/earnings-and-sec-filings/sec-filings-details/default.aspx?FilingId=5184922,https://d18rn0p25nwr6d.cloudfront.net/CIK-0000004962/177e2036-e831-4767-bdcf-532bbba00af4.pdf,https://d18rn0p25nwr6d.cloudfront.net/CIK-0000004962/abb3a85e-dfed-4e18-bdf7-496b7e22c75e.xls
"May 15, 2007",Form 4,Statement of Changes in Beneficial Ownership,https://ir.americanexpress.com/financials/earnings-and-sec-filings/sec-filings-details/default.aspx?FilingId=5185001,https://d18rn0p25nwr6d.cloudfront.net/CIK-0000004962/e6e67372-54d9-420e-9d82-6896af1d53df.pdf,https://d18rn0p25nwr6d.cloudfront.net/CIK-0000004962/a78d77a1-d835-493e-844e-982a3e400699.xls
"Apr 25, 2007",Form 3,Initial Statement of Beneficial Ownership,https://ir.americanexpress.com/financials/earnings-and-sec-filings/sec-filings-details/default.aspx?FilingId=5120829,https://d18rn0p25nwr6d.cloudfront.net/CIK-0000004962/27cdda07-a003-44b8-8847-7ac73fa65baf.pdf,https://d18rn0p25nwr6d.cloudfront.net/CIK-0000004962/6858f2c0-4f7d-466e-87b3-9392f0af4285.xls
"Apr 25, 2007",Form 4,Statement of Changes in Beneficial Ownership,https://ir.americanexpress.com/financials/earnings-and-sec-filings/sec-filings-details/default.aspx?FilingId=5121251,https://d18rn0p25nwr6d.cloudfront.net/CIK-0000004962/99f12903-1d35-4f73-8431-3c0c5bb09d86.pdf,https://d18rn0p25nwr6d.cloudfront.net/CIK-0000004962/94b86d6f-252e-41b6-87aa-eead182f7d92.xls
"Apr 25, 2007",Form 4,Statement of Changes in Beneficial Ownership,https://ir.americanexpress.com/financials/earnings-and-sec-filings/sec-filings-details/default.aspx?FilingId=5121757,https://d18rn0p25nwr6d.cloudfront.net/CIK-0000004962/df9ad0bc-b84a-4d09-a908-77d5cc077544.pdf,https://d18rn0p25nwr6d.cloudfront.net/CIK-0000004962/c24d6a6a-5376-4c66-9b29-9e3633b2cfa1.xls
"Apr 25, 2007",Form 4,Statement of Changes in Beneficial Ownership,https://ir.americanexpress.com/financials/earnings-and-sec-filings/sec-filings-details/default.aspx?FilingId=5121815,https://d18rn0p25nwr6d.cloudfront.net/CIK-0000004962/b4969148-5c04-47b5-9d1b-dc4f36e21eae.pdf,https://d18rn0p25nwr6d.cloudfront.net/CIK-0000004962/9a86f8a9-809e-4069-9fe7-459835841916.xls
"Apr 25, 2007",Form 4,Statement of Changes in Beneficial Ownership,https://ir.americanexpress.com/financials/earnings-and-sec-filings/sec-filings-details/default.aspx?FilingId=5122106,https://d18rn0p25nwr6d.cloudfront.net/CIK-0000004962/a598aa70-3f22-4f38-87e4-f7c4fc953ed8.pdf,https://d18rn0p25nwr6d.cloudfront.net/CIK-0000004962/bd0cedc3-f5f8-4f7a-ac53-f5c05d3ab10a.xls
"Apr 25, 2007",Form 4,Statement of Changes in Beneficial Ownership,https://ir.americanexpress.com/financials/earnings-and-sec-filings/sec-filings-details/default.aspx?FilingId=5122133,https://d18rn0p25nwr6d.cloudfront.net/CIK-0000004962/0857c036-526f-44ef-9f1d-d6fd9bb32e10.pdf,https://d18rn0p25nwr6d.cloudfront.net/CIK-0000004962/0df7760d-6438-4783-bb59-13a3558a07a3.xls
"Apr 25, 2007",Form 4,Statement of Changes in Beneficial Ownership,https://ir.americanexpress.com/financials/earnings-and-sec-filings/sec-filings-details/default.aspx?FilingId=5122158,https://d18rn0p25nwr6d.cloudfront.net/CIK-0000004962/d4c25630-5160-43c0-98ba-c7d0d9c8e362.pdf,https://d18rn0p25nwr6d.cloudfront.net/CIK-0000004962/a24f3b39-e3c3-4c68-927e-70b703dee81d.xls
"Apr 25, 2007",Form 4,Statement of Changes in Beneficial Ownership,https://ir.americanexpress.com/financials/earnings-and-sec-filings/sec-filings-details/default.aspx?FilingId=5122187,https://d18rn0p25nwr6d.cloudfront.net/CIK-0000004962/17e92ca5-8beb-4137-b2e3-b4b1a508ef9a.pdf,https://d18rn0p25nwr6d.cloudfront.net/CIK-0000004962/bf5e7803-c3d2-49a1-90e8-df26293b5201.xls
"Apr 25, 2007",Form 4,Statement of Changes in Beneficial Ownership,https://ir.americanexpress.com/financials/earnings-and-sec-filings/sec-filings-details/default.aspx?FilingId=5122199,https://d18rn0p25nwr6d.cloudfront.net/CIK-0000004962/4a766950-c90f-4371-b2a7-b59f59f36f55.pdf,https://d18rn0p25nwr6d.cloudfront.net/CIK-0000004962/4feb6760-79a6-4477-849d-f38a227e9d81.xls
"Apr 25, 2007",Form 4,Statement of Changes in Beneficial Ownership,https://ir.americanexpress.com/financials/earnings-and-sec-filings/sec-filings-details/default.aspx?FilingId=5122268,https://d18rn0p25nwr6d.cloudfront.net/CIK-0000004962/82c34a0f-c8bb-4946-9a9b-252eb1359bb2.pdf,https://d18rn0p25nwr6d.cloudfront.net/CIK-0000004962/9ab55e8f-b8a4-40b3-9f06-89a61f95199d.xls
"Apr 25, 2007",Form 4,Statement of Changes in Beneficial Ownership,https://ir.americanexpress.com/financials/earnings-and-sec-filings/sec-filings-details/default.aspx?FilingId=5122283,https://d18rn0p25nwr6d.cloudfront.net/CIK-0000004962/29e41759-1fe7-443e-8295-53a8b1dbc7e1.pdf,https://d18rn0p25nwr6d.cloudfront.net/CIK-0000004962/af91a8c7-a839-496e-a103-66691bfa8156.xls
"Apr 25, 2007",Form 4,Statement of Changes in Beneficial Ownership,https://ir.americanexpress.com/financials/earnings-and-sec-filings/sec-filings-details/default.aspx?FilingId=5122308,https://d18rn0p25nwr6d.cloudfront.net/CIK-0000004962/35bafaf1-cf9a-4870-a9ac-28d872f67838.pdf,https://d18rn0p25nwr6d.cloudfront.net/CIK-0000004962/eef868de-35db-4f2d-9804-ed159ece9218.xls
"Apr 25, 2007",Form 4,Statement of Changes in Beneficial Ownership,https://ir.americanexpress.com/financials/earnings-and-sec-filings/sec-filings-details/default.aspx?FilingId=5122317,https://d18rn0p25nwr6d.cloudfront.net/CIK-0000004962/5c411d06-e226-4072-9a62-ffc971f5de5a.pdf,https://d18rn0p25nwr6d.cloudfront.net/CIK-0000004962/8848bdf3-fad6-45ee-ba47-276a06ea5308.xls
"Apr 25, 2007",Form 4,Statement of Changes in Beneficial Ownership,https://ir.americanexpress.com/financials/earnings-and-sec-filings/sec-filings-details/default.aspx?FilingId=5122339,https://d18rn0p25nwr6d.cloudfront.net/CIK-0000004962/7b53a5af-ede2-40c1-9486-fb9caa3598ab.pdf,https://d18rn0p25nwr6d.cloudfront.net/CIK-0000004962/96ee1eba-ad36-48a7-bda4-afa7dd326b61.xls
"Apr 25, 2007",Form 4,Statement of Changes in Beneficial Ownership,https://ir.americanexpress.com/financials/earnings-and-sec-filings/sec-filings-details/default.aspx?FilingId=5123034,https://d18rn0p25nwr6d.cloudfront.net/CIK-0000004962/d60d3ae2-5535-4222-8a44-248eec7773c3.pdf,https://d18rn0p25nwr6d.cloudfront.net/CIK-0000004962/11a8f4f2-b3c3-43d7-997e-bcf440b1817b.xls
"Apr 05, 2007",Form 4,Statement of Changes in Beneficial Ownership,https://ir.americanexpress.com/financials/earnings-and-sec-filings/sec-filings-details/default.aspx?FilingId=5089603,https://d18rn0p25nwr6d.cloudfront.net/CIK-0000004962/8a33d3a0-21ed-490a-8819-9e79c4ffc0da.pdf,https://d18rn0p25nwr6d.cloudfront.net/CIK-0000004962/67bbf6f9-d8bb-413d-81fe-56ed76a74f28.xls
"Apr 03, 2007",Form 4,Statement of Changes in Beneficial Ownership,https://ir.americanexpress.com/financials/earnings-and-sec-filings/sec-filings-details/default.aspx?FilingId=5080588,https://d18rn0p25nwr6d.cloudfront.net/CIK-0000004962/e965acc3-2d01-4d61-9ae0-912bf2bae611.pdf,https://d18rn0p25nwr6d.cloudfront.net/CIK-0000004962/1e57bfdb-6183-4126-984f-2578810fcbf8.xls
"Apr 03, 2007",Form 4,Statement of Changes in Beneficial Ownership,https://ir.americanexpress.com/financials/earnings-and-sec-filings/sec-filings-details/default.aspx?FilingId=5080723,https://d18rn0p25nwr6d.cloudfront.net/CIK-0000004962/80bc17ea-344d-4af6-9e10-27d80133f4a6.pdf,https://d18rn0p25nwr6d.cloudfront.net/CIK-0000004962/cd6b87f2-fb5d-4149-94c8-8255a610d41c.xls
"Apr 03, 2007",Form 4,Statement of Changes in Beneficial Ownership,https://ir.americanexpress.com/financials/earnings-and-sec-filings/sec-filings-details/default.aspx?FilingId=5082523,https://d18rn0p25nwr6d.cloudfront.net/CIK-0000004962/38e4d642-11f1-46f8-ab70-2f8bae025dd6.pdf,https://d18rn0p25nwr6d.cloudfront.net/CIK-0000004962/e1a48b62-988c-4348-8043-2a3da276854f.xls
"Apr 03, 2007",Form 4,Statement of Changes in Beneficial Ownership,https://ir.americanexpress.com/financials/earnings-and-sec-filings/sec-filings-details/default.aspx?FilingId=5082639,https://d18rn0p25nwr6d.cloudfront.net/CIK-0000004962/5e8e4d23-3255-4817-a8ad-b7d2b4c581ef.pdf,https://d18rn0p25nwr6d.cloudfront.net/CIK-0000004962/91f1fc3e-7107-4c9b-af3e-70cc8e6145a0.xls
"Apr 03, 2007",Form 4,Statement of Changes in Beneficial Ownership,https://ir.americanexpress.com/financials/earnings-and-sec-filings/sec-filings-details/default.aspx?FilingId=5082719,https://d18rn0p25nwr6d.cloudfront.net/CIK-0000004962/63c4d139-f1b8-4300-926d-c29c6229f8ee.pdf,https://d18rn0p25nwr6d.cloudfront.net/CIK-0000004962/73bfb528-fe4c-4213-8cad-b1395c8d424e.xls
"Apr 03, 2007",Form 4,Statement of Changes in Beneficial Ownership,https://ir.americanexpress.com/financials/earnings-and-sec-filings/sec-filings-details/default.aspx?FilingId=5082756,https://d18rn0p25nwr6d.cloudfront.net/CIK-0000004962/8cd0ba35-6cc0-4e0b-a820-31d8fcfc4a19.pdf,https://d18rn0p25nwr6d.cloudfront.net/CIK-0000004962/019c6d09-558a-48d9-8887-9b05c69559ee.xls
"Mar 21, 2007",Form 4,Statement of Changes in Beneficial Ownership,https://ir.americanexpress.com/financials/earnings-and-sec-filings/sec-filings-details/default.aspx?FilingId=5047492,https://d18rn0p25nwr6d.cloudfront.net/CIK-0000004962/6a0c99e9-2936-4002-818e-c7f8ebc0fb65.pdf,https://d18rn0p25nwr6d.cloudfront.net/CIK-0000004962/9bf3140f-1ad6-44bc-956a-2dcbf8717ae5.xls
"Mar 07, 2007",Form 3,Initial Statement of Beneficial Ownership,https://ir.americanexpress.com/financials/earnings-and-sec-filings/sec-filings-details/default.aspx?FilingId=5015864,https://d18rn0p25nwr6d.cloudfront.net/CIK-0000004962/2f6cb8db-3560-46d7-abda-f20d2243f370.pdf,https://d18rn0p25nwr6d.cloudfront.net/CIK-0000004962/b4dd9e7e-3bde-4421-9f55-fdc1438b80c9.xls
"Mar 05, 2007",Form 4,Statement of Changes in Beneficial Ownership,https://ir.americanexpress.com/financials/earnings-and-sec-filings/sec-filings-details/default.aspx?FilingId=5010284,https://d18rn0p25nwr6d.cloudfront.net/CIK-0000004962/85beb8f7-fdda-48b9-9a03-e51b972128e0.pdf,https://d18rn0p25nwr6d.cloudfront.net/CIK-0000004962/4e62dd11-a706-46ac-8cbc-e902ab9126e4.xls
"Mar 01, 2007",Form 4,Statement of Changes in Beneficial Ownership,https://ir.americanexpress.com/financials/earnings-and-sec-filings/sec-filings-details/default.aspx?FilingId=5003309,https://d18rn0p25nwr6d.cloudfront.net/CIK-0000004962/7131d51e-b7f3-4ae6-8ef6-741bf23d0288.pdf,https://d18rn0p25nwr6d.cloudfront.net/CIK-0000004962/673bdc05-65d6-472a-90cb-c08919f53fc7.xls
"Feb 23, 2007",Form 4,Statement of Changes in Beneficial Ownership,https://ir.americanexpress.com/financials/earnings-and-sec-filings/sec-filings-details/default.aspx?FilingId=4986194,https://d18rn0p25nwr6d.cloudfront.net/CIK-0000004962/2c9a3b3a-67ed-4917-992b-d7aa835b20e2.pdf,https://d18rn0p25nwr6d.cloudfront.net/CIK-0000004962/04b2a74f-ed46-49d0-b7e5-6f5205ee556a.xls
"Feb 22, 2007",Form 4,Statement of Changes in Beneficial Ownership,https://ir.americanexpress.com/financials/earnings-and-sec-filings/sec-filings-details/default.aspx?FilingId=4981895,https://d18rn0p25nwr6d.cloudfront.net/CIK-0000004962/6d3c6a6e-ca16-4bbf-ad2e-7d138220dbf8.pdf,https://d18rn0p25nwr6d.cloudfront.net/CIK-0000004962/dbbba217-6559-425b-88a8-6fd1708381a4.xls
"Feb 21, 2007",Form 4,Statement of Changes in Beneficial Ownership,https://ir.americanexpress.com/financials/earnings-and-sec-filings/sec-filings-details/default.aspx?FilingId=4979814,https://d18rn0p25nwr6d.cloudfront.net/CIK-0000004962/0f0c616e-57f1-495b-97ea-2aaa00c00d5a.pdf,https://d18rn0p25nwr6d.cloudfront.net/CIK-0000004962/3ba1941a-456c-440a-85a8-566d8a65820a.xls
"Feb 16, 2007",Form 4,Statement of Changes in Beneficial Ownership,https://ir.americanexpress.com/financials/earnings-and-sec-filings/sec-filings-details/default.aspx?FilingId=4973979,https://d18rn0p25nwr6d.cloudfront.net/CIK-0000004962/2c912b15-ecb3-4436-b68b-e1f90887b184.pdf,https://d18rn0p25nwr6d.cloudfront.net/CIK-0000004962/56c32635-835c-42db-bbeb-c1880350441f.xls
"Feb 16, 2007",Form 4,Statement of Changes in Beneficial Ownership,https://ir.americanexpress.com/financials/earnings-and-sec-filings/sec-filings-details/default.aspx?FilingId=4974162,https://d18rn0p25nwr6d.cloudfront.net/CIK-0000004962/d0ed4101-e396-43c5-b8e9-658089024e67.pdf,https://d18rn0p25nwr6d.cloudfront.net/CIK-0000004962/7454506c-d281-4bb3-8a27-1eef1732d99a.xls
"Feb 13, 2007",Form 4,Statement of Changes in Beneficial Ownership,https://ir.americanexpress.com/financials/earnings-and-sec-filings/sec-filings-details/default.aspx?FilingId=4953741,https://d18rn0p25nwr6d.cloudfront.net/CIK-0000004962/3a02682c-e3a8-4aa0-941b-f51ec2855835.pdf,https://d18rn0p25nwr6d.cloudfront.net/CIK-0000004962/646f6e7d-541e-494b-b9da-1a6a86dca345.xls
"Feb 13, 2007",Form 5,Annual Statement of Changes in Beneficial Ownership,https://ir.americanexpress.com/financials/earnings-and-sec-filings/sec-filings-details/default.aspx?FilingId=4954443,https://d18rn0p25nwr6d.cloudfront.net/CIK-0000004962/6bf55c2e-9040-4797-8d3e-0ffe0c082866.pdf,https://d18rn0p25nwr6d.cloudfront.net/CIK-0000004962/a5bf94fb-8e3e-4440-b33c-c4dc095be414.xls
"Feb 13, 2007",Form 5,Annual Statement of Changes in Beneficial Ownership,https://ir.americanexpress.com/financials/earnings-and-sec-filings/sec-filings-details/default.aspx?FilingId=4954990,https://d18rn0p25nwr6d.cloudfront.net/CIK-0000004962/bd319982-af18-401c-8ce8-607a4577d3bf.pdf,https://d18rn0p25nwr6d.cloudfront.net/CIK-0000004962/60612d23-f8f9-4d62-acb4-05c0d0a96ae2.xls
"Feb 13, 2007",Form 5,Annual Statement of Changes in Beneficial Ownership,https://ir.americanexpress.com/financials/earnings-and-sec-filings/sec-filings-details/default.aspx?FilingId=4955106,https://d18rn0p25nwr6d.cloudfront.net/CIK-0000004962/be836489-87ca-4881-8937-a6338c6629d7.pdf,https://d18rn0p25nwr6d.cloudfront.net/CIK-0000004962/ad7e5d73-8065-4dc7-9f7a-581a92d77cdc.xls
"Feb 13, 2007",Form 5,Annual Statement of Changes in Beneficial Ownership,https://ir.americanexpress.com/financials/earnings-and-sec-filings/sec-filings-details/default.aspx?FilingId=4955151,https://d18rn0p25nwr6d.cloudfront.net/CIK-0000004962/b7f6964c-710f-4085-b291-6dc077396b3c.pdf,https://d18rn0p25nwr6d.cloudfront.net/CIK-0000004962/28e7173f-b522-4727-8a88-1a79bf2b76ce.xls
"Feb 13, 2007",Form 5,Annual Statement of Changes in Beneficial Ownership,https://ir.americanexpress.com/financials/earnings-and-sec-filings/sec-filings-details/default.aspx?FilingId=4955231,https://d18rn0p25nwr6d.cloudfront.net/CIK-0000004962/101def0b-7a8e-40f7-a733-82071c4dc456.pdf,https://d18rn0p25nwr6d.cloudfront.net/CIK-0000004962/5f20ede3-7557-499e-b523-83da5e4b484d.xls
"Feb 13, 2007",Form 5,Annual Statement of Changes in Beneficial Ownership,https://ir.americanexpress.com/financials/earnings-and-sec-filings/sec-filings-details/default.aspx?FilingId=4955252,https://d18rn0p25nwr6d.cloudfront.net/CIK-0000004962/4be8ba1f-9e31-441e-a3c3-b78c2b502c90.pdf,https://d18rn0p25nwr6d.cloudfront.net/CIK-0000004962/0bd8ba2c-770c-4ab7-abcf-317e83e6022f.xls
"Feb 13, 2007",Form 5,Annual Statement of Changes in Beneficial Ownership,https://ir.americanexpress.com/financials/earnings-and-sec-filings/sec-filings-details/default.aspx?FilingId=4955275,https://d18rn0p25nwr6d.cloudfront.net/CIK-0000004962/8e981fe4-cb46-4934-9458-c80848a349b1.pdf,https://d18rn0p25nwr6d.cloudfront.net/CIK-0000004962/4c1093e1-93bb-4c78-8caa-fbb0daa547f5.xls
"Feb 13, 2007",Form 5,Annual Statement of Changes in Beneficial Ownership,https://ir.americanexpress.com/financials/earnings-and-sec-filings/sec-filings-details/default.aspx?FilingId=4955300,https://d18rn0p25nwr6d.cloudfront.net/CIK-0000004962/f34e3607-c3f6-4797-a086-b8fd8b02dd2c.pdf,https://d18rn0p25nwr6d.cloudfront.net/CIK-0000004962/af7fb8ca-da67-4170-9a60-21c29446080a.xls
"Feb 13, 2007",Form 5,Annual Statement of Changes in Beneficial Ownership,https://ir.americanexpress.com/financials/earnings-and-sec-filings/sec-filings-details/default.aspx?FilingId=4955314,https://d18rn0p25nwr6d.cloudfront.net/CIK-0000004962/6d3dbd56-49f7-4c64-b80f-8799360530bb.pdf,https://d18rn0p25nwr6d.cloudfront.net/CIK-0000004962/7bbe98dd-4d8c-4463-ac8a-c4cd1df61d5d.xls
"Jan 30, 2007",Form 4,Statement of Changes in Beneficial Ownership,https://ir.americanexpress.com/financials/earnings-and-sec-filings/sec-filings-details/default.aspx?FilingId=4911791,https://d18rn0p25nwr6d.cloudfront.net/CIK-0000004962/f6afd0f1-d87d-4af5-bbff-60f62422dc86.pdf,https://d18rn0p25nwr6d.cloudfront.net/CIK-0000004962/cb12631c-f49c-46ba-b38d-250389b5e538.xls
"Jan 30, 2007",Form 4,Statement of Changes in Beneficial Ownership,https://ir.americanexpress.com/financials/earnings-and-sec-filings/sec-filings-details/default.aspx?FilingId=4911820,https://d18rn0p25nwr6d.cloudfront.net/CIK-0000004962/19d59b7d-e27d-4b6a-918d-702b2ee673fa.pdf,https://d18rn0p25nwr6d.cloudfront.net/CIK-0000004962/2386e4f2-1356-45c2-8b2c-500e58e64c7e.xls
"Jan 30, 2007",Form 4,Statement of Changes in Beneficial Ownership,https://ir.americanexpress.com/financials/earnings-and-sec-filings/sec-filings-details/default.aspx?FilingId=4911878,https://d18rn0p25nwr6d.cloudfront.net/CIK-0000004962/cac8c8d7-872a-4051-a9bc-2f1b0af41739.pdf,https://d18rn0p25nwr6d.cloudfront.net/CIK-0000004962/da6fd0b2-a893-45da-8986-ed1098364d35.xls
"Jan 30, 2007",Form 4,Statement of Changes in Beneficial Ownership,https://ir.americanexpress.com/financials/earnings-and-sec-filings/sec-filings-details/default.aspx?FilingId=4911925,https://d18rn0p25nwr6d.cloudfront.net/CIK-0000004962/5f1fbd5b-a316-4d90-939f-ab3c5b8b8e59.pdf,https://d18rn0p25nwr6d.cloudfront.net/CIK-0000004962/3cf0d9af-1e1f-404f-a0e1-4a56a57c8cc4.xls
"Jan 30, 2007",Form 4,Statement of Changes in Beneficial Ownership,https://ir.americanexpress.com/financials/earnings-and-sec-filings/sec-filings-details/default.aspx?FilingId=4911962,https://d18rn0p25nwr6d.cloudfront.net/CIK-0000004962/c32dc11a-a582-4ee9-b209-bc77dcdb0cc4.pdf,https://d18rn0p25nwr6d.cloudfront.net/CIK-0000004962/88e9d1dd-0f3d-483f-8ca3-11985d413c8f.xls
"Jan 30, 2007",Form 4,Statement of Changes in Beneficial Ownership,https://ir.americanexpress.com/financials/earnings-and-sec-filings/sec-filings-details/default.aspx?FilingId=4912002,https://d18rn0p25nwr6d.cloudfront.net/CIK-0000004962/da79d682-4618-4dfa-bd71-3ede929bb44f.pdf,https://d18rn0p25nwr6d.cloudfront.net/CIK-0000004962/52057d96-0f38-4cb8-9d37-b6cc497c13c4.xls
"Jan 30, 2007",Form 4,Statement of Changes in Beneficial Ownership,https://ir.americanexpress.com/financials/earnings-and-sec-filings/sec-filings-details/default.aspx?FilingId=4912017,https://d18rn0p25nwr6d.cloudfront.net/CIK-0000004962/f8535d2d-7559-459b-9196-6e084bafe4e8.pdf,https://d18rn0p25nwr6d.cloudfront.net/CIK-0000004962/5af18377-a9e7-4b44-b179-686ccb4ff151.xls
"Jan 30, 2007",Form 3,Initial Statement of Beneficial Ownership,https://ir.americanexpress.com/financials/earnings-and-sec-filings/sec-filings-details/default.aspx?FilingId=4912164,https://d18rn0p25nwr6d.cloudfront.net/CIK-0000004962/c0413ca6-7704-4a01-8a69-7b12083f9923.pdf,https://d18rn0p25nwr6d.cloudfront.net/CIK-0000004962/c4ce34ae-3d40-41c8-831b-2a0946497da3.xls
"Jan 30, 2007",Form 3,Initial Statement of Beneficial Ownership,https://ir.americanexpress.com/financials/earnings-and-sec-filings/sec-filings-details/default.aspx?FilingId=4912192,https://d18rn0p25nwr6d.cloudfront.net/CIK-0000004962/15599489-7062-4a8e-a9c1-2fae89e4e37c.pdf,https://d18rn0p25nwr6d.cloudfront.net/CIK-0000004962/bd7b4c8a-1dcb-44e8-a795-417e6ae24599.xls
"Jan 29, 2007",Form 4,Statement of Changes in Beneficial Ownership,https://ir.americanexpress.com/financials/earnings-and-sec-filings/sec-filings-details/default.aspx?FilingId=4907991,https://d18rn0p25nwr6d.cloudfront.net/CIK-0000004962/fd54bc48-8e2b-4f5e-98b6-95e22791f848.pdf,https://d18rn0p25nwr6d.cloudfront.net/CIK-0000004962/6ad58b01-51c6-4735-a60a-e09bfcecf522.xls
"Jan 29, 2007",Form 4,Statement of Changes in Beneficial Ownership,https://ir.americanexpress.com/financials/earnings-and-sec-filings/sec-filings-details/default.aspx?FilingId=4908039,https://d18rn0p25nwr6d.cloudfront.net/CIK-0000004962/307aac0b-bdc3-4354-987a-4a224f59f80d.pdf,https://d18rn0p25nwr6d.cloudfront.net/CIK-0000004962/16abea0c-5eba-43b8-9973-4ca8672693aa.xls
"Jan 29, 2007",Form 4,Statement of Changes in Beneficial Ownership,https://ir.americanexpress.com/financials/earnings-and-sec-filings/sec-filings-details/default.aspx?FilingId=4908083,https://d18rn0p25nwr6d.cloudfront.net/CIK-0000004962/7f4664be-593a-44c2-8ef3-713525a81fba.pdf,https://d18rn0p25nwr6d.cloudfront.net/CIK-0000004962/ad77fb3a-06df-42e6-a697-add15bd56e84.xls
"Jan 29, 2007",Form 4,Statement of Changes in Beneficial Ownership,https://ir.americanexpress.com/financials/earnings-and-sec-filings/sec-filings-details/default.aspx?FilingId=4908106,https://d18rn0p25nwr6d.cloudfront.net/CIK-0000004962/02cb2a44-a0be-4a90-a6f1-efd51cdb030f.pdf,https://d18rn0p25nwr6d.cloudfront.net/CIK-0000004962/8ca9b3a7-8bad-4817-88dc-948adf0e7c76.xls
"Jan 29, 2007",Form 4,Statement of Changes in Beneficial Ownership,https://ir.americanexpress.com/financials/earnings-and-sec-filings/sec-filings-details/default.aspx?FilingId=4908166,https://d18rn0p25nwr6d.cloudfront.net/CIK-0000004962/47ba42c1-6db8-4a41-b425-b9f45615df4b.pdf,https://d18rn0p25nwr6d.cloudfront.net/CIK-0000004962/67fcce58-66a4-41ff-a9d7-5cfff5ee1c31.xls
"Jan 29, 2007",Form 4,Statement of Changes in Beneficial Ownership,https://ir.americanexpress.com/financials/earnings-and-sec-filings/sec-filings-details/default.aspx?FilingId=4908200,https://d18rn0p25nwr6d.cloudfront.net/CIK-0000004962/27ea91b5-830b-4868-add4-cf7512ec5d20.pdf,https://d18rn0p25nwr6d.cloudfront.net/CIK-0000004962/c4f99c8a-f9ea-40c1-a73c-54ea6c3dbc80.xls
"Jan 29, 2007",Form 4,Statement of Changes in Beneficial Ownership,https://ir.americanexpress.com/financials/earnings-and-sec-filings/sec-filings-details/default.aspx?FilingId=4908226,https://d18rn0p25nwr6d.cloudfront.net/CIK-0000004962/e11a0cbc-cc9d-435a-8ab0-64b3e7330e43.pdf,https://d18rn0p25nwr6d.cloudfront.net/CIK-0000004962/56d79178-324e-4379-a1a0-f65ce3c850ac.xls
"Jan 29, 2007",Form 4,Statement of Changes in Beneficial Ownership,https://ir.americanexpress.com/financials/earnings-and-sec-filings/sec-filings-details/default.aspx?FilingId=4908247,https://d18rn0p25nwr6d.cloudfront.net/CIK-0000004962/6c26ab86-292e-4a2f-816a-28b40af0ebd5.pdf,https://d18rn0p25nwr6d.cloudfront.net/CIK-0000004962/d79a3e51-cdc1-4d9e-b325-db151f1bd11f.xls
"Jan 29, 2007",Form 4,Statement of Changes in Beneficial Ownership,https://ir.americanexpress.com/financials/earnings-and-sec-filings/sec-filings-details/default.aspx?FilingId=4908268,https://d18rn0p25nwr6d.cloudfront.net/CIK-0000004962/ecf9b00e-c3a9-4e47-804e-d09e49849ada.pdf,https://d18rn0p25nwr6d.cloudfront.net/CIK-0000004962/95ee3047-a7fb-4856-b4fd-46e4c23cb7b1.xls
"Jan 29, 2007",Form 4,Statement of Changes in Beneficial Ownership,https://ir.americanexpress.com/financials/earnings-and-sec-filings/sec-filings-details/default.aspx?FilingId=4908337,https://d18rn0p25nwr6d.cloudfront.net/CIK-0000004962/5625b6ba-ce0b-431c-86f8-9c2c1b8e40c5.pdf,https://d18rn0p25nwr6d.cloudfront.net/CIK-0000004962/4a88d4b2-28dc-437e-ab72-40035bf3f75c.xls
"Jan 26, 2007",Form 4,Statement of Changes in Beneficial Ownership,https://ir.americanexpress.com/financials/earnings-and-sec-filings/sec-filings-details/default.aspx?FilingId=4902747,https://d18rn0p25nwr6d.cloudfront.net/CIK-0000004962/3646fa4b-b4a9-4a39-a93b-27d3f1ab4d2c.pdf,https://d18rn0p25nwr6d.cloudfront.net/CIK-0000004962/be3ea9dc-570a-4791-904a-00097b01b2cf.xls
"Jan 26, 2007",Form 4,Statement of Changes in Beneficial Ownership,https://ir.americanexpress.com/financials/earnings-and-sec-filings/sec-filings-details/default.aspx?FilingId=4902755,https://d18rn0p25nwr6d.cloudfront.net/CIK-0000004962/7709d6a2-150d-4785-9f92-b55b3fa05fa3.pdf,https://d18rn0p25nwr6d.cloudfront.net/CIK-0000004962/588c073f-ffbf-489c-a8b6-b3a963778d66.xls
"Jan 26, 2007",Form 4,Statement of Changes in Beneficial Ownership,https://ir.americanexpress.com/financials/earnings-and-sec-filings/sec-filings-details/default.aspx?FilingId=4903259,https://d18rn0p25nwr6d.cloudfront.net/CIK-0000004962/63a9d775-d501-49e4-807d-6ee678ac4d9d.pdf,https://d18rn0p25nwr6d.cloudfront.net/CIK-0000004962/277fd429-0878-4c4b-a71f-23d44b88d8b0.xls
"Jan 26, 2007",Form 4,Statement of Changes in Beneficial Ownership,https://ir.americanexpress.com/financials/earnings-and-sec-filings/sec-filings-details/default.aspx?FilingId=4903296,https://d18rn0p25nwr6d.cloudfront.net/CIK-0000004962/0fa6d8fd-9455-451e-9cf1-624a5cef1ad1.pdf,https://d18rn0p25nwr6d.cloudfront.net/CIK-0000004962/28ae55c7-8c2d-475f-87f6-9bafbf5d8377.xls
"Jan 26, 2007",Form 4,Statement of Changes in Beneficial Ownership,https://ir.americanexpress.com/financials/earnings-and-sec-filings/sec-filings-details/default.aspx?FilingId=4903316,https://d18rn0p25nwr6d.cloudfront.net/CIK-0000004962/b8c0bed0-7e19-46e6-bbb7-9d0331c1fef1.pdf,https://d18rn0p25nwr6d.cloudfront.net/CIK-0000004962/1b78bdc1-4f78-4c11-947f-6cf899dc13c4.xls
"Jan 26, 2007",Form 4,Statement of Changes in Beneficial Ownership,https://ir.americanexpress.com/financials/earnings-and-sec-filings/sec-filings-details/default.aspx?FilingId=4903325,https://d18rn0p25nwr6d.cloudfront.net/CIK-0000004962/7a62c47b-6fcd-4c03-99ed-762d15333c63.pdf,https://d18rn0p25nwr6d.cloudfront.net/CIK-0000004962/e28bcb5d-6f24-405c-a4e6-3d4f3cfee8df.xls
"Jan 26, 2007",Form 4,Statement of Changes in Beneficial Ownership,https://ir.americanexpress.com/financials/earnings-and-sec-filings/sec-filings-details/default.aspx?FilingId=4903344,https://d18rn0p25nwr6d.cloudfront.net/CIK-0000004962/410fb8ad-7d66-4399-b3e6-94dad7aad18c.pdf,https://d18rn0p25nwr6d.cloudfront.net/CIK-0000004962/18129f2a-afc0-47ab-a631-6d8c11122892.xls
"Jan 25, 2007",Form 4,Statement of Changes in Beneficial Ownership,https://ir.americanexpress.com/financials/earnings-and-sec-filings/sec-filings-details/default.aspx?FilingId=4902165,https://d18rn0p25nwr6d.cloudfront.net/CIK-0000004962/4a097acf-7d6a-4827-9b8f-18aad8d82c05.pdf,https://d18rn0p25nwr6d.cloudfront.net/CIK-0000004962/6106a96f-e529-45e9-831f-80a08df2bc63.xls
"Jan 25, 2007",Form 4,Statement of Changes in Beneficial Ownership,https://ir.americanexpress.com/financials/earnings-and-sec-filings/sec-filings-details/default.aspx?FilingId=4902205,https://d18rn0p25nwr6d.cloudfront.net/CIK-0000004962/e28323fb-accb-4478-b327-0143be81e58b.pdf,https://d18rn0p25nwr6d.cloudfront.net/CIK-0000004962/744d0115-33a4-4767-9ab2-888d5fc9d563.xls
"Jan 25, 2007",Form 4,Statement of Changes in Beneficial Ownership,https://ir.americanexpress.com/financials/earnings-and-sec-filings/sec-filings-details/default.aspx?FilingId=4902216,https://d18rn0p25nwr6d.cloudfront.net/CIK-0000004962/ca3d0133-efeb-49c6-a255-1d88d84551c3.pdf,https://d18rn0p25nwr6d.cloudfront.net/CIK-0000004962/e4a707ee-98df-4798-aa77-c567007df5d0.xls
"Jan 25, 2007",Form 4,Statement of Changes in Beneficial Ownership,https://ir.americanexpress.com/financials/earnings-and-sec-filings/sec-filings-details/default.aspx?FilingId=4902223,https://d18rn0p25nwr6d.cloudfront.net/CIK-0000004962/92013889-f72f-4c70-a084-d7af62beb8f3.pdf,https://d18rn0p25nwr6d.cloudfront.net/CIK-0000004962/31ff9454-019c-4d3f-a1ec-8509e72546fb.xls
"Jan 03, 2007",Form 4,Statement of Changes in Beneficial Ownership,https://ir.americanexpress.com/financials/earnings-and-sec-filings/sec-filings-details/default.aspx?FilingId=4853722,https://d18rn0p25nwr6d.cloudfront.net/CIK-0000004962/1ed3ca3d-59f7-4625-a7ff-fbfcf1a36100.pdf,https://d18rn0p25nwr6d.cloudfront.net/CIK-0000004962/9abba77d-79e7-4608-a04e-8e99cd6fe121.xls
"Jan 03, 2007",Form 4,Statement of Changes in Beneficial Ownership,https://ir.americanexpress.com/financials/earnings-and-sec-filings/sec-filings-details/default.aspx?FilingId=4853742,https://d18rn0p25nwr6d.cloudfront.net/CIK-0000004962/22b559d6-ac38-4087-ac5c-0791066fd071.pdf,https://d18rn0p25nwr6d.cloudfront.net/CIK-0000004962/80bd9319-4120-4176-a0de-af89bde1c1f6.xls
"Jan 03, 2007",Form 4,Statement of Changes in Beneficial Ownership,https://ir.americanexpress.com/financials/earnings-and-sec-filings/sec-filings-details/default.aspx?FilingId=4853775,https://d18rn0p25nwr6d.cloudfront.net/CIK-0000004962/363afb26-0bb3-411b-bcc8-460bd80b557a.pdf,https://d18rn0p25nwr6d.cloudfront.net/CIK-0000004962/a01cb86d-1409-40bf-90d7-30afa2bd037f.xls
"Jan 03, 2007",Form 4,Statement of Changes in Beneficial Ownership,https://ir.americanexpress.com/financials/earnings-and-sec-filings/sec-filings-details/default.aspx?FilingId=4853819,https://d18rn0p25nwr6d.cloudfront.net/CIK-0000004962/6ca42f75-12c5-4e3c-9746-03d47ba54ced.pdf,https://d18rn0p25nwr6d.cloudfront.net/CIK-0000004962/f90fdc07-99cc-4795-8179-530926c23e72.xls
"Jan 03, 2007",Form 4,Statement of Changes in Beneficial Ownership,https://ir.americanexpress.com/financials/earnings-and-sec-filings/sec-filings-details/default.aspx?FilingId=4853862,https://d18rn0p25nwr6d.cloudfront.net/CIK-0000004962/315c01e4-15e9-4eb7-82cf-5e432fc962e5.pdf,https://d18rn0p25nwr6d.cloudfront.net/CIK-0000004962/9dd6ebb9-1e54-4037-a0ad-698db979ac0f.xls
"Jan 03, 2007",Form 4,Statement of Changes in Beneficial Ownership,https://ir.americanexpress.com/financials/earnings-and-sec-filings/sec-filings-details/default.aspx?FilingId=4853904,https://d18rn0p25nwr6d.cloudfront.net/CIK-0000004962/93f5f43c-ad87-4665-ab7a-ca728b29ffc9.pdf,https://d18rn0p25nwr6d.cloudfront.net/CIK-0000004962/a2793571-137c-4a94-8632-bc4dee74ddc8.xls
"Dec 27, 2006",Form 4,Statement of Changes in Beneficial Ownership,https://ir.americanexpress.com/financials/earnings-and-sec-filings/sec-filings-details/default.aspx?FilingId=4844977,https://d18rn0p25nwr6d.cloudfront.net/CIK-0000004962/5107d48d-8f28-4de0-836a-35369677d92d.pdf,https://d18rn0p25nwr6d.cloudfront.net/CIK-0000004962/a7e18957-66a5-466d-9880-e1fc6a1cd4f4.xls
"Dec 19, 2006",Form 4,Statement of Changes in Beneficial Ownership,https://ir.americanexpress.com/financials/earnings-and-sec-filings/sec-filings-details/default.aspx?FilingId=4831717,https://d18rn0p25nwr6d.cloudfront.net/CIK-0000004962/da46214c-4f33-4a50-a8bb-9786e9c7a1aa.pdf,https://d18rn0p25nwr6d.cloudfront.net/CIK-0000004962/b205ecb6-6862-49a0-b5c9-361dbd202a20.xls
"Dec 01, 2006",Form 4,Statement of Changes in Beneficial Ownership,https://ir.americanexpress.com/financials/earnings-and-sec-filings/sec-filings-details/default.aspx?FilingId=4799571,https://d18rn0p25nwr6d.cloudfront.net/CIK-0000004962/e248ba85-0ff4-4bfc-a0b1-684fa1340985.pdf,https://d18rn0p25nwr6d.cloudfront.net/CIK-0000004962/214ee9ed-bf70-4849-b000-0c4badcbaa51.xls
"Nov 22, 2006",Form 4,Statement of Changes in Beneficial Ownership,https://ir.americanexpress.com/financials/earnings-and-sec-filings/sec-filings-details/default.aspx?FilingId=4786041,https://d18rn0p25nwr6d.cloudfront.net/CIK-0000004962/f5dba3f9-81ea-4749-91a7-f75e0ff312c7.pdf,https://d18rn0p25nwr6d.cloudfront.net/CIK-0000004962/46a0d48c-46a7-4a2c-9d55-0b2915a7eb4f.xls
"Nov 21, 2006",Form 4,Statement of Changes in Beneficial Ownership,https://ir.americanexpress.com/financials/earnings-and-sec-filings/sec-filings-details/default.aspx?FilingId=4783150,https://d18rn0p25nwr6d.cloudfront.net/CIK-0000004962/3ac6c430-02fa-41ba-a5b4-891fd78a9b0d.pdf,https://d18rn0p25nwr6d.cloudfront.net/CIK-0000004962/92f92db0-62e0-4b65-ab24-665d303e0c48.xls
"Nov 21, 2006",Form 4,Statement of Changes in Beneficial Ownership,https://ir.americanexpress.com/financials/earnings-and-sec-filings/sec-filings-details/default.aspx?FilingId=4783170,https://d18rn0p25nwr6d.cloudfront.net/CIK-0000004962/0ea1ca0e-0224-4ecc-9bb4-845c98c45e99.pdf,https://d18rn0p25nwr6d.cloudfront.net/CIK-0000004962/857e1e38-389d-4c28-9e00-159d4cc23bb2.xls
"Nov 21, 2006",Form 4,Statement of Changes in Beneficial Ownership,https://ir.americanexpress.com/financials/earnings-and-sec-filings/sec-filings-details/default.aspx?FilingId=4783579,https://d18rn0p25nwr6d.cloudfront.net/CIK-0000004962/37c425dc-9f19-4fab-882b-db0c2be83f83.pdf,https://d18rn0p25nwr6d.cloudfront.net/CIK-0000004962/6e90d4cc-2541-4391-b94a-3aec26c28f71.xls
"Nov 15, 2006",Form 4,Statement of Changes in Beneficial Ownership,https://ir.americanexpress.com/financials/earnings-and-sec-filings/sec-filings-details/default.aspx?FilingId=4771787,https://d18rn0p25nwr6d.cloudfront.net/CIK-0000004962/908bbefa-cdd7-40fb-89c0-1b2037dd5d1a.pdf,https://d18rn0p25nwr6d.cloudfront.net/CIK-0000004962/6116ceb1-f8b8-4cfb-9665-3f6e52816348.xls
"Nov 15, 2006",Form 4,Statement of Changes in Beneficial Ownership,https://ir.americanexpress.com/financials/earnings-and-sec-filings/sec-filings-details/default.aspx?FilingId=4772588,https://d18rn0p25nwr6d.cloudfront.net/CIK-0000004962/1e854e3d-eb1e-464a-befd-e93bc5212e18.pdf,https://d18rn0p25nwr6d.cloudfront.net/CIK-0000004962/15302b6c-7715-491a-89b1-4eead1a46795.xls
"Nov 15, 2006",Form 4,Statement of Changes in Beneficial Ownership,https://ir.americanexpress.com/financials/earnings-and-sec-filings/sec-filings-details/default.aspx?FilingId=4772658,https://d18rn0p25nwr6d.cloudfront.net/CIK-0000004962/efe17560-1da2-4564-aa75-d17c9c901f6c.pdf,https://d18rn0p25nwr6d.cloudfront.net/CIK-0000004962/47e8e97e-e998-4a1e-bc9c-4d16f51780b4.xls
"Nov 15, 2006",Form 4,Statement of Changes in Beneficial Ownership,https://ir.americanexpress.com/financials/earnings-and-sec-filings/sec-filings-details/default.aspx?FilingId=4772683,https://d18rn0p25nwr6d.cloudfront.net/CIK-0000004962/36f7d197-f35b-4126-b67f-17121c68c37a.pdf,https://d18rn0p25nwr6d.cloudfront.net/CIK-0000004962/0b394540-7c7c-40d5-90b7-1b28a20138ed.xls
"Oct 03, 2006",Form 4,Statement of Changes in Beneficial Ownership,https://ir.americanexpress.com/financials/earnings-and-sec-filings/sec-filings-details/default.aspx?FilingId=4682973,https://d18rn0p25nwr6d.cloudfront.net/CIK-0000004962/52a0eb9f-5ce1-4577-80a0-95e15ed9bd42.pdf,https://d18rn0p25nwr6d.cloudfront.net/CIK-0000004962/47256354-0826-41e9-a739-d3b181ce9096.xls
"Oct 03, 2006",Form 4,Statement of Changes in Beneficial Ownership,https://ir.americanexpress.com/financials/earnings-and-sec-filings/sec-filings-details/default.aspx?FilingId=4683001,https://d18rn0p25nwr6d.cloudfront.net/CIK-0000004962/2b241ee8-7893-456c-9949-1a3b47f6a746.pdf,https://d18rn0p25nwr6d.cloudfront.net/CIK-0000004962/8ec51827-8706-4982-abf1-ab088e45af07.xls
"Oct 03, 2006",Form 4,Statement of Changes in Beneficial Ownership,https://ir.americanexpress.com/financials/earnings-and-sec-filings/sec-filings-details/default.aspx?FilingId=4683037,https://d18rn0p25nwr6d.cloudfront.net/CIK-0000004962/402aae0d-a127-4f69-a318-b77fee249863.pdf,https://d18rn0p25nwr6d.cloudfront.net/CIK-0000004962/397917a1-6832-44aa-b921-babb0269de5e.xls
"Oct 03, 2006",Form 4,Statement of Changes in Beneficial Ownership,https://ir.americanexpress.com/financials/earnings-and-sec-filings/sec-filings-details/default.aspx?FilingId=4683104,https://d18rn0p25nwr6d.cloudfront.net/CIK-0000004962/e2b39b37-0483-4ff7-b00c-8d552fb1df0e.pdf,https://d18rn0p25nwr6d.cloudfront.net/CIK-0000004962/42a4a3db-dde4-4c03-a4e5-47e4b10e1c49.xls
"Oct 03, 2006",Form 4,Statement of Changes in Beneficial Ownership,https://ir.americanexpress.com/financials/earnings-and-sec-filings/sec-filings-details/default.aspx?FilingId=4683149,https://d18rn0p25nwr6d.cloudfront.net/CIK-0000004962/88736460-5880-4b48-83bf-a4a55af16b2c.pdf,https://d18rn0p25nwr6d.cloudfront.net/CIK-0000004962/0845a87d-f0e2-4aa7-a8f7-176066811544.xls
"Oct 03, 2006",Form 4,Statement of Changes in Beneficial Ownership,https://ir.americanexpress.com/financials/earnings-and-sec-filings/sec-filings-details/default.aspx?FilingId=4683180,https://d18rn0p25nwr6d.cloudfront.net/CIK-0000004962/05cd5de2-e368-4f38-86a6-84ecb643bf6b.pdf,https://d18rn0p25nwr6d.cloudfront.net/CIK-0000004962/79093dc6-0e0c-466b-953d-80ced55244ae.xls
"Jul 05, 2006",Form 4,Statement of Changes in Beneficial Ownership,https://ir.americanexpress.com/financials/earnings-and-sec-filings/sec-filings-details/default.aspx?FilingId=4516857,https://d18rn0p25nwr6d.cloudfront.net/CIK-0000004962/5c6be2f2-c022-4563-a6de-65bd607892ad.pdf,https://d18rn0p25nwr6d.cloudfront.net/CIK-0000004962/d3b5f2d7-42eb-46a0-91f0-05b1785cd79b.xls
"Jul 05, 2006",Form 4,Statement of Changes in Beneficial Ownership,https://ir.americanexpress.com/financials/earnings-and-sec-filings/sec-filings-details/default.aspx?FilingId=4516889,https://d18rn0p25nwr6d.cloudfront.net/CIK-0000004962/27495602-98f7-49e3-a1cb-5e690488ef31.pdf,https://d18rn0p25nwr6d.cloudfront.net/CIK-0000004962/98335a27-9422-4334-8ddf-a90f197f99a8.xls
"Jul 05, 2006",Form 4,Statement of Changes in Beneficial Ownership,https://ir.americanexpress.com/financials/earnings-and-sec-filings/sec-filings-details/default.aspx?FilingId=4516933,https://d18rn0p25nwr6d.cloudfront.net/CIK-0000004962/63c38059-01ae-4a28-b9b0-0c059a98b6aa.pdf,https://d18rn0p25nwr6d.cloudfront.net/CIK-0000004962/3e54acbc-155a-45bd-b5c5-b46c2040939d.xls
"Jul 05, 2006",Form 4,Statement of Changes in Beneficial Ownership,https://ir.americanexpress.com/financials/earnings-and-sec-filings/sec-filings-details/default.aspx?FilingId=4517002,https://d18rn0p25nwr6d.cloudfront.net/CIK-0000004962/4761bf2e-a4c5-44a3-b265-82eddbcc0e51.pdf,https://d18rn0p25nwr6d.cloudfront.net/CIK-0000004962/3af78e49-9b79-422f-984a-67590800ebf0.xls
"Jul 05, 2006",Form 4,Statement of Changes in Beneficial Ownership,https://ir.americanexpress.com/financials/earnings-and-sec-filings/sec-filings-details/default.aspx?FilingId=4517071,https://d18rn0p25nwr6d.cloudfront.net/CIK-0000004962/353f7369-54f7-494d-955f-7c7847c6c29e.pdf,https://d18rn0p25nwr6d.cloudfront.net/CIK-0000004962/1edaaba3-a8d5-42d6-b4f4-bd4634a10ffc.xls
"Jul 05, 2006",Form 4,Statement of Changes in Beneficial Ownership,https://ir.americanexpress.com/financials/earnings-and-sec-filings/sec-filings-details/default.aspx?FilingId=4517100,https://d18rn0p25nwr6d.cloudfront.net/CIK-0000004962/331b3969-9a56-4d79-ac03-92b842cd1ad0.pdf,https://d18rn0p25nwr6d.cloudfront.net/CIK-0000004962/2ae5e615-86c9-4ae7-93e6-1d9025a0f583.xls
"Jun 16, 2006",Form 4,Statement of Changes in Beneficial Ownership,https://ir.americanexpress.com/financials/earnings-and-sec-filings/sec-filings-details/default.aspx?FilingId=4487290,https://d18rn0p25nwr6d.cloudfront.net/CIK-0000004962/42bf1a5f-ca5f-4cd0-8287-2579aa004334.pdf,https://d18rn0p25nwr6d.cloudfront.net/CIK-0000004962/e2cb3848-85e3-4048-8c7f-cf81f81687dd.xls
"May 02, 2006",Form 4,Statement of Changes in Beneficial Ownership,https://ir.americanexpress.com/financials/earnings-and-sec-filings/sec-filings-details/default.aspx?FilingId=4381612,https://d18rn0p25nwr6d.cloudfront.net/CIK-0000004962/7fbdb6b6-a8f7-4383-ae1d-9fae4e46ed9e.pdf,https://d18rn0p25nwr6d.cloudfront.net/CIK-0000004962/4b4f4e17-f4dc-4c75-a202-5288cbfa8e1a.xls
"May 01, 2006",Form 4,Statement of Changes in Beneficial Ownership,https://ir.americanexpress.com/financials/earnings-and-sec-filings/sec-filings-details/default.aspx?FilingId=4379328,https://d18rn0p25nwr6d.cloudfront.net/CIK-0000004962/3f94f8a0-a3a0-4cc6-91d9-6004eb0154d7.pdf,https://d18rn0p25nwr6d.cloudfront.net/CIK-0000004962/87c0d587-d22c-4be8-9ddb-964e28ccc3da.xls
"May 01, 2006",Form 4,Statement of Changes in Beneficial Ownership,https://ir.americanexpress.com/financials/earnings-and-sec-filings/sec-filings-details/default.aspx?FilingId=4379379,https://d18rn0p25nwr6d.cloudfront.net/CIK-0000004962/f9c390b8-a43b-4e1c-a057-808db7514965.pdf,https://d18rn0p25nwr6d.cloudfront.net/CIK-0000004962/addfeea0-342a-4d2c-8aaf-2998b7fa9c19.xls
"Apr 26, 2006",Form 4,Statement of Changes in Beneficial Ownership,https://ir.americanexpress.com/financials/earnings-and-sec-filings/sec-filings-details/default.aspx?FilingId=4366551,https://d18rn0p25nwr6d.cloudfront.net/CIK-0000004962/392cd08b-c7da-4568-afff-fd2e18f690ab.pdf,https://d18rn0p25nwr6d.cloudfront.net/CIK-0000004962/40b03140-ec65-4621-baed-972e373c5c49.xls
"Apr 25, 2006",Form 4,Statement of Changes in Beneficial Ownership,https://ir.americanexpress.com/financials/earnings-and-sec-filings/sec-filings-details/default.aspx?FilingId=4362204,https://d18rn0p25nwr6d.cloudfront.net/CIK-0000004962/2755323e-1fd6-4504-a338-592555e72a4e.pdf,https://d18rn0p25nwr6d.cloudfront.net/CIK-0000004962/65b23d85-14f7-4c3c-9fbb-da5f8ee3d85b.xls
"Apr 25, 2006",Form 4,Statement of Changes in Beneficial Ownership,https://ir.americanexpress.com/financials/earnings-and-sec-filings/sec-filings-details/default.aspx?FilingId=4362258,https://d18rn0p25nwr6d.cloudfront.net/CIK-0000004962/53a9bbe1-066d-4a36-ad52-03cca138e3e1.pdf,https://d18rn0p25nwr6d.cloudfront.net/CIK-0000004962/35873255-701f-48e0-9cca-bffd912cbec4.xls
"Apr 25, 2006",Form 4,Statement of Changes in Beneficial Ownership,https://ir.americanexpress.com/financials/earnings-and-sec-filings/sec-filings-details/default.aspx?FilingId=4362278,https://d18rn0p25nwr6d.cloudfront.net/CIK-0000004962/892ea12d-2da4-4abf-ada3-c6efa15ce9a8.pdf,https://d18rn0p25nwr6d.cloudfront.net/CIK-0000004962/a909aed0-5217-44dc-a0be-bdd36fc887db.xls
"Apr 25, 2006",Form 4,Statement of Changes in Beneficial Ownership,https://ir.americanexpress.com/financials/earnings-and-sec-filings/sec-filings-details/default.aspx?FilingId=4362332,https://d18rn0p25nwr6d.cloudfront.net/CIK-0000004962/ce2db717-7d34-4097-b39e-ecf75a921ed0.pdf,https://d18rn0p25nwr6d.cloudfront.net/CIK-0000004962/26756369-f726-442d-9689-4d93559220dc.xls
"Apr 25, 2006",Form 4,Statement of Changes in Beneficial Ownership,https://ir.americanexpress.com/financials/earnings-and-sec-filings/sec-filings-details/default.aspx?FilingId=4362503,https://d18rn0p25nwr6d.cloudfront.net/CIK-0000004962/220f78d3-60aa-43b0-bdea-07e449192917.pdf,https://d18rn0p25nwr6d.cloudfront.net/CIK-0000004962/e2e4ba4b-7c1f-43c1-a553-bf53d47ea188.xls
"Apr 25, 2006",Form 4,Statement of Changes in Beneficial Ownership,https://ir.americanexpress.com/financials/earnings-and-sec-filings/sec-filings-details/default.aspx?FilingId=4362764,https://d18rn0p25nwr6d.cloudfront.net/CIK-0000004962/b6941073-7d2a-4c85-8c4b-482ff75e8719.pdf,https://d18rn0p25nwr6d.cloudfront.net/CIK-0000004962/441c4585-0ae7-429f-845f-3f9d8a063e68.xls
"Apr 25, 2006",Form 4,Statement of Changes in Beneficial Ownership,https://ir.americanexpress.com/financials/earnings-and-sec-filings/sec-filings-details/default.aspx?FilingId=4362829,https://d18rn0p25nwr6d.cloudfront.net/CIK-0000004962/8e5306ed-2f37-4a52-90df-d7f61602096d.pdf,https://d18rn0p25nwr6d.cloudfront.net/CIK-0000004962/89ac32a8-61ac-4c1b-a06e-99ff4c15d4b7.xls
"Apr 25, 2006",Form 4,Statement of Changes in Beneficial Ownership,https://ir.americanexpress.com/financials/earnings-and-sec-filings/sec-filings-details/default.aspx?FilingId=4362868,https://d18rn0p25nwr6d.cloudfront.net/CIK-0000004962/f694f89e-972c-4236-b29e-b418891924b1.pdf,https://d18rn0p25nwr6d.cloudfront.net/CIK-0000004962/cd564fe7-460b-41a8-b062-976366e20843.xls
"Apr 25, 2006",Form 4,Statement of Changes in Beneficial Ownership,https://ir.americanexpress.com/financials/earnings-and-sec-filings/sec-filings-details/default.aspx?FilingId=4362975,https://d18rn0p25nwr6d.cloudfront.net/CIK-0000004962/945489b9-c198-4c4a-8952-d67bae6c8919.pdf,https://d18rn0p25nwr6d.cloudfront.net/CIK-0000004962/621d5e4f-3738-4645-b848-17df951d96c4.xls
"Apr 25, 2006",Form 4,Statement of Changes in Beneficial Ownership,https://ir.americanexpress.com/financials/earnings-and-sec-filings/sec-filings-details/default.aspx?FilingId=4363188,https://d18rn0p25nwr6d.cloudfront.net/CIK-0000004962/60ab9787-3657-4b67-b52e-21953552b680.pdf,https://d18rn0p25nwr6d.cloudfront.net/CIK-0000004962/283d572c-3f56-4ecc-8d64-ad33dd28c518.xls
"Apr 04, 2006",Form 4,Statement of Changes in Beneficial Ownership,https://ir.americanexpress.com/financials/earnings-and-sec-filings/sec-filings-details/default.aspx?FilingId=4325941,https://d18rn0p25nwr6d.cloudfront.net/CIK-0000004962/d6c6d649-ac8f-4fdb-9ef9-6f5f04ba7f18.pdf,https://d18rn0p25nwr6d.cloudfront.net/CIK-0000004962/e65d172c-3c9f-4c41-8fdb-4cf4cb312906.xls
"Apr 04, 2006",Form 4,Statement of Changes in Beneficial Ownership,https://ir.americanexpress.com/financials/earnings-and-sec-filings/sec-filings-details/default.aspx?FilingId=4326144,https://d18rn0p25nwr6d.cloudfront.net/CIK-0000004962/521cd2a9-d70b-40f0-aca3-39b4616412a0.pdf,https://d18rn0p25nwr6d.cloudfront.net/CIK-0000004962/64dabd02-7893-4e7f-aea9-a68b835ca39d.xls
"Apr 04, 2006",Form 4,Statement of Changes in Beneficial Ownership,https://ir.americanexpress.com/financials/earnings-and-sec-filings/sec-filings-details/default.aspx?FilingId=4326443,https://d18rn0p25nwr6d.cloudfront.net/CIK-0000004962/7c5b1112-2ba7-4b5d-af57-5dc9b9f3755f.pdf,https://d18rn0p25nwr6d.cloudfront.net/CIK-0000004962/ae180c65-5844-4f3a-a5c3-b80b051affc2.xls
"Apr 04, 2006",Form 4,Statement of Changes in Beneficial Ownership,https://ir.americanexpress.com/financials/earnings-and-sec-filings/sec-filings-details/default.aspx?FilingId=4326510,https://d18rn0p25nwr6d.cloudfront.net/CIK-0000004962/c57e8ce6-fb46-40c2-8d3b-f3b784cb07cb.pdf,https://d18rn0p25nwr6d.cloudfront.net/CIK-0000004962/10fe4d7b-498b-47db-9a1e-b8f45c9822bd.xls
"Apr 04, 2006",Form 4,Statement of Changes in Beneficial Ownership,https://ir.americanexpress.com/financials/earnings-and-sec-filings/sec-filings-details/default.aspx?FilingId=4326575,https://d18rn0p25nwr6d.cloudfront.net/CIK-0000004962/80f25255-ba91-428a-9553-c64f0250d5b4.pdf,https://d18rn0p25nwr6d.cloudfront.net/CIK-0000004962/00b16ba9-74b3-4495-8535-7f0c906881b0.xls
"Apr 04, 2006",Form 4,Statement of Changes in Beneficial Ownership,https://ir.americanexpress.com/financials/earnings-and-sec-filings/sec-filings-details/default.aspx?FilingId=4326625,https://d18rn0p25nwr6d.cloudfront.net/CIK-0000004962/db4fa4f9-3e31-4673-97de-73bcd4bd043e.pdf,https://d18rn0p25nwr6d.cloudfront.net/CIK-0000004962/3d0fe95b-fa79-44bf-9389-f6bcfc1ba8eb.xls
"Mar 02, 2006",Form 4,Statement of Changes in Beneficial Ownership,https://ir.americanexpress.com/financials/earnings-and-sec-filings/sec-filings-details/default.aspx?FilingId=4250084,https://d18rn0p25nwr6d.cloudfront.net/CIK-0000004962/581cd4e1-db41-43b9-a0ac-5510080ff191.pdf,https://d18rn0p25nwr6d.cloudfront.net/CIK-0000004962/edae57c6-8892-45f2-8237-b29a5d99c399.xls
"Mar 01, 2006",Form 4,Statement of Changes in Beneficial Ownership,https://ir.americanexpress.com/financials/earnings-and-sec-filings/sec-filings-details/default.aspx?FilingId=4248450,https://d18rn0p25nwr6d.cloudfront.net/CIK-0000004962/7eac056b-cb46-4c11-8472-4aa5c8e34a14.pdf,https://d18rn0p25nwr6d.cloudfront.net/CIK-0000004962/d48b73ac-380f-4dcb-94ed-7d9922ce1d20.xls
"Feb 24, 2006",Form 4,Statement of Changes in Beneficial Ownership,https://ir.americanexpress.com/financials/earnings-and-sec-filings/sec-filings-details/default.aspx?FilingId=4234026,https://d18rn0p25nwr6d.cloudfront.net/CIK-0000004962/f74a1807-3230-44ed-8bf0-3f4b6756fbed.pdf,https://d18rn0p25nwr6d.cloudfront.net/CIK-0000004962/65f78fb4-5aea-41f1-87b4-c210b1f52c24.xls
"Feb 22, 2006",Form 4,Statement of Changes in Beneficial Ownership,https://ir.americanexpress.com/financials/earnings-and-sec-filings/sec-filings-details/default.aspx?FilingId=4228725,https://d18rn0p25nwr6d.cloudfront.net/CIK-0000004962/cdd48ffd-59f5-4ef1-a931-4c2cae1b4938.pdf,https://d18rn0p25nwr6d.cloudfront.net/CIK-0000004962/4af5c85b-c52b-4f05-8395-7cb5216b034a.xls
"Feb 22, 2006",Form 4,Statement of Changes in Beneficial Ownership,https://ir.americanexpress.com/financials/earnings-and-sec-filings/sec-filings-details/default.aspx?FilingId=4229013,https://d18rn0p25nwr6d.cloudfront.net/CIK-0000004962/5be75767-cd95-45e5-a378-04eaf1caded6.pdf,https://d18rn0p25nwr6d.cloudfront.net/CIK-0000004962/049751cb-6c48-4baa-8d82-e54aec5a5ab3.xls
"Feb 21, 2006",Form 4,Statement of Changes in Beneficial Ownership,https://ir.americanexpress.com/financials/earnings-and-sec-filings/sec-filings-details/default.aspx?FilingId=4226979,https://d18rn0p25nwr6d.cloudfront.net/CIK-0000004962/5dacef82-dacd-4dc6-b8a1-37352309b064.pdf,https://d18rn0p25nwr6d.cloudfront.net/CIK-0000004962/40a1ec23-ad49-4e3a-bc74-6f0ed56ec3e0.xls
"Feb 17, 2006",Form 4,Statement of Changes in Beneficial Ownership,https://ir.americanexpress.com/financials/earnings-and-sec-filings/sec-filings-details/default.aspx?FilingId=4222162,https://d18rn0p25nwr6d.cloudfront.net/CIK-0000004962/f942f242-351a-4c33-a73e-5af897097c72.pdf,https://d18rn0p25nwr6d.cloudfront.net/CIK-0000004962/19076065-98eb-43ae-a4c9-a03bcec42b62.xls
"Feb 15, 2006",Form 4,Statement of Changes in Beneficial Ownership,https://ir.americanexpress.com/financials/earnings-and-sec-filings/sec-filings-details/default.aspx?FilingId=4214377,https://d18rn0p25nwr6d.cloudfront.net/CIK-0000004962/e368e9cb-cff4-4219-8917-3015fa42106a.pdf,https://d18rn0p25nwr6d.cloudfront.net/CIK-0000004962/e8319dca-a055-4cc8-8304-86da0f8e8cd9.xls
"Feb 15, 2006",Form 4,Statement of Changes in Beneficial Ownership,https://ir.americanexpress.com/financials/earnings-and-sec-filings/sec-filings-details/default.aspx?FilingId=4214996,https://d18rn0p25nwr6d.cloudfront.net/CIK-0000004962/41f3b8fc-6381-427e-886d-f9c9ee20e27e.pdf,https://d18rn0p25nwr6d.cloudfront.net/CIK-0000004962/39642c96-4672-47c8-b65b-0a8c332f0b6e.xls
"Feb 14, 2006",Form 5,Annual Statement of Changes in Beneficial Ownership,https://ir.americanexpress.com/financials/earnings-and-sec-filings/sec-filings-details/default.aspx?FilingId=4208246,https://d18rn0p25nwr6d.cloudfront.net/CIK-0000004962/98dd1be5-35cd-4aa4-99d5-31cf06930ae5.pdf,https://d18rn0p25nwr6d.cloudfront.net/CIK-0000004962/2786b6bb-ce06-40f6-a9e6-afdf95290452.xls
"Feb 14, 2006",Form 5,Annual Statement of Changes in Beneficial Ownership,https://ir.americanexpress.com/financials/earnings-and-sec-filings/sec-filings-details/default.aspx?FilingId=4208608,https://d18rn0p25nwr6d.cloudfront.net/CIK-0000004962/35e2014c-2ddb-4672-b861-3f6f4028dc04.pdf,https://d18rn0p25nwr6d.cloudfront.net/CIK-0000004962/2cc2adea-0e21-4db1-a5b8-da87d666add4.xls
"Feb 14, 2006",Form 5,Annual Statement of Changes in Beneficial Ownership,https://ir.americanexpress.com/financials/earnings-and-sec-filings/sec-filings-details/default.aspx?FilingId=4208798,https://d18rn0p25nwr6d.cloudfront.net/CIK-0000004962/0165ca20-70dd-41c2-8376-27ca23bfaa2b.pdf,https://d18rn0p25nwr6d.cloudfront.net/CIK-0000004962/c35e7ee6-d34a-4180-bde6-1dd0ae4f07ee.xls
"Feb 14, 2006",Form 5,Annual Statement of Changes in Beneficial Ownership,https://ir.americanexpress.com/financials/earnings-and-sec-filings/sec-filings-details/default.aspx?FilingId=4208857,https://d18rn0p25nwr6d.cloudfront.net/CIK-0000004962/9bc0203e-c0ce-4d72-9d5c-16c75bda4b82.pdf,https://d18rn0p25nwr6d.cloudfront.net/CIK-0000004962/f6702e90-a24e-48b1-8f74-212763ee01cf.xls
"Feb 14, 2006",Form 5,Annual Statement of Changes in Beneficial Ownership,https://ir.americanexpress.com/financials/earnings-and-sec-filings/sec-filings-details/default.aspx?FilingId=4209053,https://d18rn0p25nwr6d.cloudfront.net/CIK-0000004962/1e7d8f72-c8fa-4fa7-8618-c9265c4123cd.pdf,https://d18rn0p25nwr6d.cloudfront.net/CIK-0000004962/7a5836f2-e63a-4022-baa5-9563a8edd122.xls
"Feb 14, 2006",Form 5,Annual Statement of Changes in Beneficial Ownership,https://ir.americanexpress.com/financials/earnings-and-sec-filings/sec-filings-details/default.aspx?FilingId=4209578,https://d18rn0p25nwr6d.cloudfront.net/CIK-0000004962/6cfa3258-c68b-46f5-87ec-10f918aa0d3c.pdf,https://d18rn0p25nwr6d.cloudfront.net/CIK-0000004962/de23784a-ad00-4788-baf2-54946fe85686.xls
"Feb 14, 2006",Form 5,Annual Statement of Changes in Beneficial Ownership,https://ir.americanexpress.com/financials/earnings-and-sec-filings/sec-filings-details/default.aspx?FilingId=4209577,https://d18rn0p25nwr6d.cloudfront.net/CIK-0000004962/e91b81a8-6c06-4b2a-982b-adc45553af09.pdf,https://d18rn0p25nwr6d.cloudfront.net/CIK-0000004962/3010ce91-2348-4344-8944-b3cae066a68b.xls
"Feb 14, 2006",Form 5,Annual Statement of Changes in Beneficial Ownership,https://ir.americanexpress.com/financials/earnings-and-sec-filings/sec-filings-details/default.aspx?FilingId=4209713,https://d18rn0p25nwr6d.cloudfront.net/CIK-0000004962/7c73e674-7502-4341-9e84-d2b2ca51e688.pdf,https://d18rn0p25nwr6d.cloudfront.net/CIK-0000004962/6be2c5de-8fbb-486d-9730-844c9bb59956.xls
"Feb 14, 2006",Form 5,Annual Statement of Changes in Beneficial Ownership,https://ir.americanexpress.com/financials/earnings-and-sec-filings/sec-filings-details/default.aspx?FilingId=4210145,https://d18rn0p25nwr6d.cloudfront.net/CIK-0000004962/966af653-e99a-42ab-b042-0d57b744b0bd.pdf,https://d18rn0p25nwr6d.cloudfront.net/CIK-0000004962/bff96638-2225-4720-b09b-a7e63581cba6.xls
"Feb 14, 2006",Form 5,Annual Statement of Changes in Beneficial Ownership,https://ir.americanexpress.com/financials/earnings-and-sec-filings/sec-filings-details/default.aspx?FilingId=4211715,https://d18rn0p25nwr6d.cloudfront.net/CIK-0000004962/946e4386-5622-4fba-a772-22dfd510f5ae.pdf,https://d18rn0p25nwr6d.cloudfront.net/CIK-0000004962/1a77f992-b59e-41ef-acf4-31cc0fa9fb75.xls
"Feb 14, 2006",Form 4,Statement of Changes in Beneficial Ownership,https://ir.americanexpress.com/financials/earnings-and-sec-filings/sec-filings-details/default.aspx?FilingId=4211966,https://d18rn0p25nwr6d.cloudfront.net/CIK-0000004962/f0a82ace-b859-45e4-9939-205d875abf1e.pdf,https://d18rn0p25nwr6d.cloudfront.net/CIK-0000004962/1df70ffd-abce-45f5-ba4b-053cb230d4fe.xls
"Feb 14, 2006",Form 5,Annual Statement of Changes in Beneficial Ownership,https://ir.americanexpress.com/financials/earnings-and-sec-filings/sec-filings-details/default.aspx?FilingId=4212021,https://d18rn0p25nwr6d.cloudfront.net/CIK-0000004962/b5c2f84a-4fe1-4790-88eb-ff02500d595a.pdf,https://d18rn0p25nwr6d.cloudfront.net/CIK-0000004962/280c74b3-ac2c-4945-ad2a-046d7c5e415c.xls
"Feb 14, 2006",Form 5,Annual Statement of Changes in Beneficial Ownership,https://ir.americanexpress.com/financials/earnings-and-sec-filings/sec-filings-details/default.aspx?FilingId=4212060,https://d18rn0p25nwr6d.cloudfront.net/CIK-0000004962/183473e6-0a2d-4d1a-8f34-5ee18626125c.pdf,https://d18rn0p25nwr6d.cloudfront.net/CIK-0000004962/0f0a2e1e-6552-4238-a478-9d3f15411981.xls
"Feb 14, 2006",Form 5,Annual Statement of Changes in Beneficial Ownership,https://ir.americanexpress.com/financials/earnings-and-sec-filings/sec-filings-details/default.aspx?FilingId=4212119,https://d18rn0p25nwr6d.cloudfront.net/CIK-0000004962/8c73b032-da9a-45ee-aa1c-33211da143dd.pdf,https://d18rn0p25nwr6d.cloudfront.net/CIK-0000004962/9384d205-e015-4e1d-9a39-a5c9093b39ce.xls
"Feb 14, 2006",Form 5,Annual Statement of Changes in Beneficial Ownership,https://ir.americanexpress.com/financials/earnings-and-sec-filings/sec-filings-details/default.aspx?FilingId=4212327,https://d18rn0p25nwr6d.cloudfront.net/CIK-0000004962/8c8d46ba-be2e-4ca6-9edd-15e12bc2f6d5.pdf,https://d18rn0p25nwr6d.cloudfront.net/CIK-0000004962/2b238177-a0b3-4d39-b06b-74ff0df0da0c.xls
"Feb 03, 2006",Form 4,Statement of Changes in Beneficial Ownership,https://ir.americanexpress.com/financials/earnings-and-sec-filings/sec-filings-details/default.aspx?FilingId=4174262,https://d18rn0p25nwr6d.cloudfront.net/CIK-0000004962/d77d1fbe-79a3-4ec0-b9f6-d084959f3766.pdf,https://d18rn0p25nwr6d.cloudfront.net/CIK-0000004962/2c622899-7081-490c-8a85-583b8d3eb201.xls
"Feb 03, 2006",Form 4,Statement of Changes in Beneficial Ownership,https://ir.americanexpress.com/financials/earnings-and-sec-filings/sec-filings-details/default.aspx?FilingId=4174293,https://d18rn0p25nwr6d.cloudfront.net/CIK-0000004962/4d0f189b-4025-4ae9-a8df-13ddd9b766d0.pdf,https://d18rn0p25nwr6d.cloudfront.net/CIK-0000004962/7c811ce4-0d20-4ff4-9ac7-58c8848c1cf3.xls
"Feb 01, 2006",Form 3,Initial Statement of Beneficial Ownership,https://ir.americanexpress.com/financials/earnings-and-sec-filings/sec-filings-details/default.aspx?FilingId=4166944,https://d18rn0p25nwr6d.cloudfront.net/CIK-0000004962/155fb4c3-9f56-42ae-92f0-54faee3b3614.pdf,https://d18rn0p25nwr6d.cloudfront.net/CIK-0000004962/08173c79-1939-4684-b8b1-2c736b97add6.xls
"Jan 31, 2006",Form 4,Statement of Changes in Beneficial Ownership,https://ir.americanexpress.com/financials/earnings-and-sec-filings/sec-filings-details/default.aspx?FilingId=4162976,https://d18rn0p25nwr6d.cloudfront.net/CIK-0000004962/b39916c9-2df9-469b-b3ba-81d5396fbfc4.pdf,https://d18rn0p25nwr6d.cloudfront.net/CIK-0000004962/d5000d4b-244d-48a8-96ca-f950e45ad27a.xls
"Jan 30, 2006",Form 4,Statement of Changes in Beneficial Ownership,https://ir.americanexpress.com/financials/earnings-and-sec-filings/sec-filings-details/default.aspx?FilingId=4160521,https://d18rn0p25nwr6d.cloudfront.net/CIK-0000004962/6b5fc86e-38f7-4d91-b224-529b4b0b2469.pdf,https://d18rn0p25nwr6d.cloudfront.net/CIK-0000004962/799ff9fc-4018-4700-94f0-5a4ecea8b38a.xls
"Jan 30, 2006",Form 4,Statement of Changes in Beneficial Ownership,https://ir.americanexpress.com/financials/earnings-and-sec-filings/sec-filings-details/default.aspx?FilingId=4160563,https://d18rn0p25nwr6d.cloudfront.net/CIK-0000004962/a56a6cce-e791-4c6b-b1a0-4a98c722e67d.pdf,https://d18rn0p25nwr6d.cloudfront.net/CIK-0000004962/c246785c-44bf-4618-8c67-473a115f6177.xls
"Jan 30, 2006",Form 4,Statement of Changes in Beneficial Ownership,https://ir.americanexpress.com/financials/earnings-and-sec-filings/sec-filings-details/default.aspx?FilingId=4160637,https://d18rn0p25nwr6d.cloudfront.net/CIK-0000004962/5a55f03d-0ae4-4ab7-bb6c-8ba86918ca08.pdf,https://d18rn0p25nwr6d.cloudfront.net/CIK-0000004962/315d12d3-67a0-403b-9551-2e04e0774a9b.xls
"Jan 30, 2006",Form 4,Statement of Changes in Beneficial Ownership,https://ir.americanexpress.com/financials/earnings-and-sec-filings/sec-filings-details/default.aspx?FilingId=4160644,https://d18rn0p25nwr6d.cloudfront.net/CIK-0000004962/f70c6154-fcc7-4bb0-8516-ab3f01ca5ca1.pdf,https://d18rn0p25nwr6d.cloudfront.net/CIK-0000004962/6f513792-c420-4203-81cb-1c9d8ba42502.xls
"Jan 30, 2006",Form 4,Statement of Changes in Beneficial Ownership,https://ir.americanexpress.com/financials/earnings-and-sec-filings/sec-filings-details/default.aspx?FilingId=4160654,https://d18rn0p25nwr6d.cloudfront.net/CIK-0000004962/acf050e0-0627-4c9a-bc71-33ec182e5dfe.pdf,https://d18rn0p25nwr6d.cloudfront.net/CIK-0000004962/b704bc13-4ab9-4790-900c-749ada7bc3da.xls
"Jan 30, 2006",Form 4,Statement of Changes in Beneficial Ownership,https://ir.americanexpress.com/financials/earnings-and-sec-filings/sec-filings-details/default.aspx?FilingId=4160672,https://d18rn0p25nwr6d.cloudfront.net/CIK-0000004962/06075a3b-2c9a-4eb8-aca4-6a1e32ec0bcf.pdf,https://d18rn0p25nwr6d.cloudfront.net/CIK-0000004962/d2b45ab3-c53f-483e-ae3d-4c635c2c0222.xls
"Jan 30, 2006",Form 4,Statement of Changes in Beneficial Ownership,https://ir.americanexpress.com/financials/earnings-and-sec-filings/sec-filings-details/default.aspx?FilingId=4160701,https://d18rn0p25nwr6d.cloudfront.net/CIK-0000004962/12ddc4e1-736d-457b-aa79-ba478a89c54b.pdf,https://d18rn0p25nwr6d.cloudfront.net/CIK-0000004962/4de89f79-86fa-4696-b326-ac3ee4fd26d4.xls
"Jan 26, 2006",Form 4,Statement of Changes in Beneficial Ownership,https://ir.americanexpress.com/financials/earnings-and-sec-filings/sec-filings-details/default.aspx?FilingId=4151618,https://d18rn0p25nwr6d.cloudfront.net/CIK-0000004962/8ba2172e-4acb-45b0-a6a7-3ec8c8005bb4.pdf,https://d18rn0p25nwr6d.cloudfront.net/CIK-0000004962/10a28047-858b-4370-aa40-10e8f804ad24.xls
"Jan 26, 2006",Form 4,Statement of Changes in Beneficial Ownership,https://ir.americanexpress.com/financials/earnings-and-sec-filings/sec-filings-details/default.aspx?FilingId=4151650,https://d18rn0p25nwr6d.cloudfront.net/CIK-0000004962/194202db-a714-4d36-90de-99b486f00e70.pdf,https://d18rn0p25nwr6d.cloudfront.net/CIK-0000004962/20b6767f-20bd-4e58-b0b3-d2600fe65354.xls
"Jan 26, 2006",Form 4,Statement of Changes in Beneficial Ownership,https://ir.americanexpress.com/financials/earnings-and-sec-filings/sec-filings-details/default.aspx?FilingId=4151700,https://d18rn0p25nwr6d.cloudfront.net/CIK-0000004962/ee040183-debd-4f27-ad2d-bc40da58b212.pdf,https://d18rn0p25nwr6d.cloudfront.net/CIK-0000004962/f23ef793-b5d3-4e86-997a-fc5bf6a157f8.xls
"Jan 26, 2006",Form 4,Statement of Changes in Beneficial Ownership,https://ir.americanexpress.com/financials/earnings-and-sec-filings/sec-filings-details/default.aspx?FilingId=4151838,https://d18rn0p25nwr6d.cloudfront.net/CIK-0000004962/1aa15df6-a206-41f6-88cf-3a8c90fb52e9.pdf,https://d18rn0p25nwr6d.cloudfront.net/CIK-0000004962/ca95a9b4-e844-49d4-b86b-c84f3b297e62.xls
"Jan 26, 2006",Form 4,Statement of Changes in Beneficial Ownership,https://ir.americanexpress.com/financials/earnings-and-sec-filings/sec-filings-details/default.aspx?FilingId=4151897,https://d18rn0p25nwr6d.cloudfront.net/CIK-0000004962/c3c25414-549d-4930-a26b-b9818d04901a.pdf,https://d18rn0p25nwr6d.cloudfront.net/CIK-0000004962/e3bdb1d2-9498-442c-8fb2-9799897c135d.xls
"Jan 25, 2006",Form 4,Statement of Changes in Beneficial Ownership,https://ir.americanexpress.com/financials/earnings-and-sec-filings/sec-filings-details/default.aspx?FilingId=4147943,https://d18rn0p25nwr6d.cloudfront.net/CIK-0000004962/30bfd85e-91af-4685-ba37-db18b644f2b9.pdf,https://d18rn0p25nwr6d.cloudfront.net/CIK-0000004962/f9d63de5-2ce0-4a57-91bb-85af7f45c202.xls
"Jan 25, 2006",Form 4,Statement of Changes in Beneficial Ownership,https://ir.americanexpress.com/financials/earnings-and-sec-filings/sec-filings-details/default.aspx?FilingId=4148111,https://d18rn0p25nwr6d.cloudfront.net/CIK-0000004962/d221b5dc-e059-4037-b0c0-e7dbeeecc791.pdf,https://d18rn0p25nwr6d.cloudfront.net/CIK-0000004962/eeedeee8-8af5-4212-bef0-52fecd23e8db.xls
"Jan 25, 2006",Form 4,Statement of Changes in Beneficial Ownership,https://ir.americanexpress.com/financials/earnings-and-sec-filings/sec-filings-details/default.aspx?FilingId=4148187,https://d18rn0p25nwr6d.cloudfront.net/CIK-0000004962/f9156cea-74d1-4ccc-9436-7f34702353bc.pdf,https://d18rn0p25nwr6d.cloudfront.net/CIK-0000004962/565e24a1-027e-467a-bd77-1d7c2e75a1c9.xls
"Jan 25, 2006",Form 4,Statement of Changes in Beneficial Ownership,https://ir.americanexpress.com/financials/earnings-and-sec-filings/sec-filings-details/default.aspx?FilingId=4148264,https://d18rn0p25nwr6d.cloudfront.net/CIK-0000004962/d812ce17-b552-49ac-918b-bd0cadfa00bf.pdf,https://d18rn0p25nwr6d.cloudfront.net/CIK-0000004962/a7f1e33b-35ea-47bf-86e3-499c5a144090.xls
"Jan 25, 2006",Form 4,Statement of Changes in Beneficial Ownership,https://ir.americanexpress.com/financials/earnings-and-sec-filings/sec-filings-details/default.aspx?FilingId=4148352,https://d18rn0p25nwr6d.cloudfront.net/CIK-0000004962/903805ba-e2cf-4e83-838e-f8167f1f48b1.pdf,https://d18rn0p25nwr6d.cloudfront.net/CIK-0000004962/072e9e2f-9339-456d-b61c-54dc38d867d1.xls
"Jan 25, 2006",Form 4,Statement of Changes in Beneficial Ownership,https://ir.americanexpress.com/financials/earnings-and-sec-filings/sec-filings-details/default.aspx?FilingId=4148413,https://d18rn0p25nwr6d.cloudfront.net/CIK-0000004962/58d4a07a-fca9-4420-b8e8-9d562554487d.pdf,https://d18rn0p25nwr6d.cloudfront.net/CIK-0000004962/73fdbd3b-8c69-47c1-a1ad-4b6baaecbb94.xls
"Jan 25, 2006",Form 4,Statement of Changes in Beneficial Ownership,https://ir.americanexpress.com/financials/earnings-and-sec-filings/sec-filings-details/default.aspx?FilingId=4148498,https://d18rn0p25nwr6d.cloudfront.net/CIK-0000004962/9214968a-2ad4-4248-95c0-59cc8682049b.pdf,https://d18rn0p25nwr6d.cloudfront.net/CIK-0000004962/b1abb6e0-1c6b-4c84-a686-0e9163995eff.xls
"Jan 25, 2006",Form 4,Statement of Changes in Beneficial Ownership,https://ir.americanexpress.com/financials/earnings-and-sec-filings/sec-filings-details/default.aspx?FilingId=4148539,https://d18rn0p25nwr6d.cloudfront.net/CIK-0000004962/f3caecaf-6e7e-4ddf-a868-5e9c04b9ed4b.pdf,https://d18rn0p25nwr6d.cloudfront.net/CIK-0000004962/ba2b5f20-c5d8-4806-bc32-8153672973d6.xls
"Jan 25, 2006",Form 4,Statement of Changes in Beneficial Ownership,https://ir.americanexpress.com/financials/earnings-and-sec-filings/sec-filings-details/default.aspx?FilingId=4148576,https://d18rn0p25nwr6d.cloudfront.net/CIK-0000004962/8f5403b0-c49e-4465-9731-77d3d151cff1.pdf,https://d18rn0p25nwr6d.cloudfront.net/CIK-0000004962/889708ce-2da5-4aa0-b912-9498682d6320.xls
"Jan 25, 2006",Form 4,Statement of Changes in Beneficial Ownership,https://ir.americanexpress.com/financials/earnings-and-sec-filings/sec-filings-details/default.aspx?FilingId=4148616,https://d18rn0p25nwr6d.cloudfront.net/CIK-0000004962/960f5ccb-b2a2-4670-908e-9599d6b6b26f.pdf,https://d18rn0p25nwr6d.cloudfront.net/CIK-0000004962/a1b70f94-cca1-4eff-964c-141c5eada35b.xls
"Jan 10, 2006",Form 4,Statement of Changes in Beneficial Ownership,https://ir.americanexpress.com/financials/earnings-and-sec-filings/sec-filings-details/default.aspx?FilingId=4122590,https://d18rn0p25nwr6d.cloudfront.net/CIK-0000004962/138f81d8-9f12-496f-91b6-6dcd6b192aea.pdf,https://d18rn0p25nwr6d.cloudfront.net/CIK-0000004962/5b249e4e-2450-49af-a718-460af4138703.xls
"Jan 04, 2006",Form 4,Statement of Changes in Beneficial Ownership,https://ir.americanexpress.com/financials/earnings-and-sec-filings/sec-filings-details/default.aspx?FilingId=4108551,https://d18rn0p25nwr6d.cloudfront.net/CIK-0000004962/cf17e387-66f2-44b3-9ef5-f924cbc95880.pdf,https://d18rn0p25nwr6d.cloudfront.net/CIK-0000004962/0ce92be8-5ab4-487f-a5cf-cbcd5533e44a.xls
"Jan 04, 2006",Form 4,Statement of Changes in Beneficial Ownership,https://ir.americanexpress.com/financials/earnings-and-sec-filings/sec-filings-details/default.aspx?FilingId=4108632,https://d18rn0p25nwr6d.cloudfront.net/CIK-0000004962/855badc9-f740-4122-9a09-ec00ceb030d1.pdf,https://d18rn0p25nwr6d.cloudfront.net/CIK-0000004962/18500330-e4f0-4959-9868-50c1aebea704.xls
"Jan 04, 2006",Form 4,Statement of Changes in Beneficial Ownership,https://ir.americanexpress.com/financials/earnings-and-sec-filings/sec-filings-details/default.aspx?FilingId=4108762,https://d18rn0p25nwr6d.cloudfront.net/CIK-0000004962/93cb5e11-8641-489a-b80c-657911126420.pdf,https://d18rn0p25nwr6d.cloudfront.net/CIK-0000004962/cee0f4fb-965e-4168-9e6f-737f51ab96e8.xls
"Jan 04, 2006",Form 4,Statement of Changes in Beneficial Ownership,https://ir.americanexpress.com/financials/earnings-and-sec-filings/sec-filings-details/default.aspx?FilingId=4108977,https://d18rn0p25nwr6d.cloudfront.net/CIK-0000004962/7dad796b-b537-40a2-8a9f-84dfd9a20e6f.pdf,https://d18rn0p25nwr6d.cloudfront.net/CIK-0000004962/37201917-170c-4221-8cab-04e02b845378.xls
"Jan 04, 2006",Form 4,Statement of Changes in Beneficial Ownership,https://ir.americanexpress.com/financials/earnings-and-sec-filings/sec-filings-details/default.aspx?FilingId=4109118,https://d18rn0p25nwr6d.cloudfront.net/CIK-0000004962/4fc3086c-0b70-4429-b1a7-ae652a64737d.pdf,https://d18rn0p25nwr6d.cloudfront.net/CIK-0000004962/3818777e-8a65-415a-b0df-ec51eb1b897a.xls
"Jan 04, 2006",Form 4,Statement of Changes in Beneficial Ownership,https://ir.americanexpress.com/financials/earnings-and-sec-filings/sec-filings-details/default.aspx?FilingId=4109178,https://d18rn0p25nwr6d.cloudfront.net/CIK-0000004962/99349798-adfd-47f6-bf69-61ee62a704f4.pdf,https://d18rn0p25nwr6d.cloudfront.net/CIK-0000004962/3d7f0570-f3ea-4e70-ae65-188863944bdb.xls
"Dec 15, 2005",Form 4,Statement of Changes in Beneficial Ownership,https://ir.americanexpress.com/financials/earnings-and-sec-filings/sec-filings-details/default.aspx?FilingId=4075829,https://d18rn0p25nwr6d.cloudfront.net/CIK-0000004962/b0827bd4-7473-4ff3-bf69-1a47cf50ffb8.pdf,https://d18rn0p25nwr6d.cloudfront.net/CIK-0000004962/8c13e47e-05da-455a-adc9-cd14155c9863.xls
"Dec 07, 2005",Form 4,Statement of Changes in Beneficial Ownership,https://ir.americanexpress.com/financials/earnings-and-sec-filings/sec-filings-details/default.aspx?FilingId=4060028,https://d18rn0p25nwr6d.cloudfront.net/CIK-0000004962/2f4e657c-9903-4c3d-b0b5-2f42a44570cf.pdf,https://d18rn0p25nwr6d.cloudfront.net/CIK-0000004962/e1190b4c-aa9b-451d-b4f7-229edcf95f74.xls
"Nov 29, 2005",Form 4,Statement of Changes in Beneficial Ownership,https://ir.americanexpress.com/financials/earnings-and-sec-filings/sec-filings-details/default.aspx?FilingId=4044527,https://d18rn0p25nwr6d.cloudfront.net/CIK-0000004962/47f8ec58-7592-4a23-b382-43aeab2b0816.pdf,https://d18rn0p25nwr6d.cloudfront.net/CIK-0000004962/537dfe60-5831-4091-b391-4ad3d4231c62.xls
"Nov 29, 2005",Form 4,Statement of Changes in Beneficial Ownership,https://ir.americanexpress.com/financials/earnings-and-sec-filings/sec-filings-details/default.aspx?FilingId=4044951,https://d18rn0p25nwr6d.cloudfront.net/CIK-0000004962/a9822020-8165-4227-99ef-891397a2a9dd.pdf,https://d18rn0p25nwr6d.cloudfront.net/CIK-0000004962/a88b04e8-2cb0-4dff-94e6-4a42ddf9bcc0.xls
"Nov 29, 2005",Form 4,Statement of Changes in Beneficial Ownership,https://ir.americanexpress.com/financials/earnings-and-sec-filings/sec-filings-details/default.aspx?FilingId=4045181,https://d18rn0p25nwr6d.cloudfront.net/CIK-0000004962/ebda7da0-1e96-496c-97f7-33c60d92dd66.pdf,https://d18rn0p25nwr6d.cloudfront.net/CIK-0000004962/8d85874f-e888-4e46-85ff-b21647116094.xls
"Nov 29, 2005",Form 4,Statement of Changes in Beneficial Ownership,https://ir.americanexpress.com/financials/earnings-and-sec-filings/sec-filings-details/default.aspx?FilingId=4045201,https://d18rn0p25nwr6d.cloudfront.net/CIK-0000004962/de8d99c0-f845-4c22-8924-a21c834f456b.pdf,https://d18rn0p25nwr6d.cloudfront.net/CIK-0000004962/8d34a183-17a3-4352-b992-434a5162e46a.xls
"Nov 29, 2005",Form 4,Statement of Changes in Beneficial Ownership,https://ir.americanexpress.com/financials/earnings-and-sec-filings/sec-filings-details/default.aspx?FilingId=4045227,https://d18rn0p25nwr6d.cloudfront.net/CIK-0000004962/c9b1c7b7-05b1-4ec0-9ea8-79eab9dc4b1e.pdf,https://d18rn0p25nwr6d.cloudfront.net/CIK-0000004962/8d0e9e7e-1ac1-47ae-bc91-4b883642f84f.xls
"Nov 29, 2005",Form 4,Statement of Changes in Beneficial Ownership,https://ir.americanexpress.com/financials/earnings-and-sec-filings/sec-filings-details/default.aspx?FilingId=4045242,https://d18rn0p25nwr6d.cloudfront.net/CIK-0000004962/bc91f717-0cef-4c4d-af95-c1326dcb34dd.pdf,https://d18rn0p25nwr6d.cloudfront.net/CIK-0000004962/64286a2b-ffcb-4c7c-9f45-53ef90111451.xls
"Nov 29, 2005",Form 4,Statement of Changes in Beneficial Ownership,https://ir.americanexpress.com/financials/earnings-and-sec-filings/sec-filings-details/default.aspx?FilingId=4045255,https://d18rn0p25nwr6d.cloudfront.net/CIK-0000004962/f0c9a936-988f-463a-8b4c-6c966bb0de1a.pdf,https://d18rn0p25nwr6d.cloudfront.net/CIK-0000004962/454bea2f-21cf-43c6-bb08-ab1c9fcdc497.xls
"Nov 29, 2005",Form 4,Statement of Changes in Beneficial Ownership,https://ir.americanexpress.com/financials/earnings-and-sec-filings/sec-filings-details/default.aspx?FilingId=4045267,https://d18rn0p25nwr6d.cloudfront.net/CIK-0000004962/84b32896-7a33-4c5e-9019-929eee752ddb.pdf,https://d18rn0p25nwr6d.cloudfront.net/CIK-0000004962/2de19bad-e08f-4c37-9562-d00cc8d5684f.xls
"Nov 23, 2005",Form 4,Statement of Changes in Beneficial Ownership,https://ir.americanexpress.com/financials/earnings-and-sec-filings/sec-filings-details/default.aspx?FilingId=4036168,https://d18rn0p25nwr6d.cloudfront.net/CIK-0000004962/59d72fcf-d3c6-492b-97ff-2ee6ca3134f0.pdf,https://d18rn0p25nwr6d.cloudfront.net/CIK-0000004962/6f11a19d-40db-4d69-b89a-37e4baf5a5ae.xls
"Nov 10, 2005",Form 4,Statement of Changes in Beneficial Ownership,https://ir.americanexpress.com/financials/earnings-and-sec-filings/sec-filings-details/default.aspx?FilingId=4008964,https://d18rn0p25nwr6d.cloudfront.net/CIK-0000004962/aabac1cd-3c48-4efa-9f05-e3bf5b6e305e.pdf,https://d18rn0p25nwr6d.cloudfront.net/CIK-0000004962/ebb8d9e4-43dd-436f-a843-df0805139123.xls
"Nov 08, 2005",Form 4,Statement of Changes in Beneficial Ownership,https://ir.americanexpress.com/financials/earnings-and-sec-filings/sec-filings-details/default.aspx?FilingId=4001757,https://d18rn0p25nwr6d.cloudfront.net/CIK-0000004962/82293e98-fb57-476e-848e-7b1dc9958b5c.pdf,https://d18rn0p25nwr6d.cloudfront.net/CIK-0000004962/0c2a6b15-2086-4595-b82b-7ed1b7e43ec9.xls
"Oct 28, 2005",Form 4,Statement of Changes in Beneficial Ownership,https://ir.americanexpress.com/financials/earnings-and-sec-filings/sec-filings-details/default.aspx?FilingId=3981634,https://d18rn0p25nwr6d.cloudfront.net/CIK-0000004962/b6e0b195-e276-4814-8ef5-ba68ed7915d5.pdf,https://d18rn0p25nwr6d.cloudfront.net/CIK-0000004962/49eb7955-6a91-477a-8ce0-7e24ce278af2.xls
"Oct 27, 2005",Form 4,Statement of Changes in Beneficial Ownership,https://ir.americanexpress.com/financials/earnings-and-sec-filings/sec-filings-details/default.aspx?FilingId=3977740,https://d18rn0p25nwr6d.cloudfront.net/CIK-0000004962/1d474958-2c33-4864-b69f-86af1b083023.pdf,https://d18rn0p25nwr6d.cloudfront.net/CIK-0000004962/29eb473f-5167-468a-8aa0-dce29fcbdf85.xls
"Oct 25, 2005",Form 4,Statement of Changes in Beneficial Ownership,https://ir.americanexpress.com/financials/earnings-and-sec-filings/sec-filings-details/default.aspx?FilingId=3972526,https://d18rn0p25nwr6d.cloudfront.net/CIK-0000004962/8066fed2-40f1-4b9e-8466-9b1673d84a7f.pdf,https://d18rn0p25nwr6d.cloudfront.net/CIK-0000004962/b552bfa4-4050-4d26-aaea-a884c44dbd68.xls
"Oct 04, 2005",Form 4,Statement of Changes in Beneficial Ownership,https://ir.americanexpress.com/financials/earnings-and-sec-filings/sec-filings-details/default.aspx?FilingId=3942479,https://d18rn0p25nwr6d.cloudfront.net/CIK-0000004962/d82871d8-a8f3-401f-b9fb-5fc7991b4ee8.pdf,https://d18rn0p25nwr6d.cloudfront.net/CIK-0000004962/1e049a07-54c3-4393-9143-0b55648a0c38.xls
"Oct 04, 2005",Form 4,Statement of Changes in Beneficial Ownership,https://ir.americanexpress.com/financials/earnings-and-sec-filings/sec-filings-details/default.aspx?FilingId=3942492,https://d18rn0p25nwr6d.cloudfront.net/CIK-0000004962/5a722099-c5e8-4845-81fd-2dd6adfc7302.pdf,https://d18rn0p25nwr6d.cloudfront.net/CIK-0000004962/06fcbb5d-fa7a-4de6-94a2-10a5264d0f8d.xls
"Oct 04, 2005",Form 4,Statement of Changes in Beneficial Ownership,https://ir.americanexpress.com/financials/earnings-and-sec-filings/sec-filings-details/default.aspx?FilingId=3942537,https://d18rn0p25nwr6d.cloudfront.net/CIK-0000004962/eea6c295-c88b-4960-ac42-963aafae47be.pdf,https://d18rn0p25nwr6d.cloudfront.net/CIK-0000004962/88b65bb7-ffd8-44f8-81ae-b70b14cb7b95.xls
"Oct 04, 2005",Form 4,Statement of Changes in Beneficial Ownership,https://ir.americanexpress.com/financials/earnings-and-sec-filings/sec-filings-details/default.aspx?FilingId=3942572,https://d18rn0p25nwr6d.cloudfront.net/CIK-0000004962/f7d340fc-5bfd-4cc0-b13e-de530abe24df.pdf,https://d18rn0p25nwr6d.cloudfront.net/CIK-0000004962/1ab9b295-92bb-469d-a2e3-40adbf39cbdc.xls
"Oct 04, 2005",Form 4,Statement of Changes in Beneficial Ownership,https://ir.americanexpress.com/financials/earnings-and-sec-filings/sec-filings-details/default.aspx?FilingId=3942580,https://d18rn0p25nwr6d.cloudfront.net/CIK-0000004962/9d8e43e9-9061-4d7a-a37e-ac15221b3aeb.pdf,https://d18rn0p25nwr6d.cloudfront.net/CIK-0000004962/46aa0a94-7798-48c6-b30c-52c3131ef8e4.xls
"Oct 04, 2005",Form 4,Statement of Changes in Beneficial Ownership,https://ir.americanexpress.com/financials/earnings-and-sec-filings/sec-filings-details/default.aspx?FilingId=3942597,https://d18rn0p25nwr6d.cloudfront.net/CIK-0000004962/2e817ba5-98a3-4b36-9988-86ea029230ac.pdf,https://d18rn0p25nwr6d.cloudfront.net/CIK-0000004962/dc7a3fa3-cc0b-4dbb-a4e6-a09182b96ae4.xls
"Oct 04, 2005",Form 4,Statement of Changes in Beneficial Ownership,https://ir.americanexpress.com/financials/earnings-and-sec-filings/sec-filings-details/default.aspx?FilingId=3942630,https://d18rn0p25nwr6d.cloudfront.net/CIK-0000004962/a9e4bd5b-efc2-4733-9d16-f8692d72ae7b.pdf,https://d18rn0p25nwr6d.cloudfront.net/CIK-0000004962/b23a9a72-79d0-4c24-8402-165ec092a46d.xls
"Sep 21, 2005",Form 4,Statement of Changes in Beneficial Ownership,https://ir.americanexpress.com/financials/earnings-and-sec-filings/sec-filings-details/default.aspx?FilingId=3920224,https://d18rn0p25nwr6d.cloudfront.net/CIK-0000820027/d8199e17-275a-4539-a7d4-fe725f7d4c5c.pdf,https://d18rn0p25nwr6d.cloudfront.net/CIK-0000820027/5532f4b4-7ee3-4b81-8329-6d8a38f1850d.xls
"Aug 23, 2005",Form 4,Statement of Changes in Beneficial Ownership,https://ir.americanexpress.com/financials/earnings-and-sec-filings/sec-filings-details/default.aspx?FilingId=3871778,https://d18rn0p25nwr6d.cloudfront.net/CIK-0000004962/1809a4ef-6cc0-4172-b84e-c7167517eace.pdf,https://d18rn0p25nwr6d.cloudfront.net/CIK-0000004962/7a2bf3a4-7ea3-491c-a165-69998ed20076.xls
"Aug 23, 2005",Form 3,Initial Statement of Beneficial Ownership,https://ir.americanexpress.com/financials/earnings-and-sec-filings/sec-filings-details/default.aspx?FilingId=3873153,https://d18rn0p25nwr6d.cloudfront.net/CIK-0000820027/009effff-296b-4199-8938-a650fde60629.pdf,https://d18rn0p25nwr6d.cloudfront.net/CIK-0000820027/1629a8d1-2f73-4e86-80af-4dd55fdca821.xls
"Aug 15, 2005",Form 4,Statement of Changes in Beneficial Ownership,https://ir.americanexpress.com/financials/earnings-and-sec-filings/sec-filings-details/default.aspx?FilingId=3857410,https://d18rn0p25nwr6d.cloudfront.net/CIK-0000004962/0c2fef71-cbae-4621-824e-17f07ff6c364.pdf,https://d18rn0p25nwr6d.cloudfront.net/CIK-0000004962/788d8d6d-fc8e-4404-89cd-a4f44bb7b1f0.xls
"Aug 10, 2005",Form 4,Statement of Changes in Beneficial Ownership,https://ir.americanexpress.com/financials/earnings-and-sec-filings/sec-filings-details/default.aspx?FilingId=3845481,https://d18rn0p25nwr6d.cloudfront.net/CIK-0000004962/280b86f5-787b-4a12-8836-05cb0ef0f115.pdf,https://d18rn0p25nwr6d.cloudfront.net/CIK-0000004962/7c86e25a-25af-4ad9-9b52-e1b43ca0ef0e.xls
"Aug 03, 2005",Form 4,Statement of Changes in Beneficial Ownership,https://ir.americanexpress.com/financials/earnings-and-sec-filings/sec-filings-details/default.aspx?FilingId=3827434,https://d18rn0p25nwr6d.cloudfront.net/CIK-0000004962/50d2c89f-3e64-4172-8263-0cc93861bd9a.pdf,https://d18rn0p25nwr6d.cloudfront.net/CIK-0000004962/f849d3a2-3c69-4963-924c-b71dc18b9b75.xls
"Aug 02, 2005",Form 4,Statement of Changes in Beneficial Ownership,https://ir.americanexpress.com/financials/earnings-and-sec-filings/sec-filings-details/default.aspx?FilingId=3824134,https://d18rn0p25nwr6d.cloudfront.net/CIK-0000004962/f75ecc8c-ec5f-4b42-8d4f-9c01515a986e.pdf,https://d18rn0p25nwr6d.cloudfront.net/CIK-0000004962/2d344989-17aa-4935-9213-d8ccd7a1e00c.xls
"Jul 05, 2005",Form 4,Statement of Changes in Beneficial Ownership,https://ir.americanexpress.com/financials/earnings-and-sec-filings/sec-filings-details/default.aspx?FilingId=3773683,https://d18rn0p25nwr6d.cloudfront.net/CIK-0000004962/6131a277-9478-4e11-a644-da3cb5ad59b5.pdf,https://d18rn0p25nwr6d.cloudfront.net/CIK-0000004962/e7f0ff45-19eb-4635-9a54-5d2f79fcdb57.xls
"Jul 05, 2005",Form 4,Statement of Changes in Beneficial Ownership,https://ir.americanexpress.com/financials/earnings-and-sec-filings/sec-filings-details/default.aspx?FilingId=3773811,https://d18rn0p25nwr6d.cloudfront.net/CIK-0000004962/9c043039-2251-43ff-b523-b5f7fcd884fd.pdf,https://d18rn0p25nwr6d.cloudfront.net/CIK-0000004962/fa3a2ea6-3022-456e-99f0-8f1f8d3d94da.xls
"Jul 05, 2005",Form 4,Statement of Changes in Beneficial Ownership,https://ir.americanexpress.com/financials/earnings-and-sec-filings/sec-filings-details/default.aspx?FilingId=3773870,https://d18rn0p25nwr6d.cloudfront.net/CIK-0000004962/2bc001ee-3630-4f97-9314-42c1be29c970.pdf,https://d18rn0p25nwr6d.cloudfront.net/CIK-0000004962/90947719-e445-42bc-bfb8-ce95758e21ae.xls
"Jul 05, 2005",Form 4,Statement of Changes in Beneficial Ownership,https://ir.americanexpress.com/financials/earnings-and-sec-filings/sec-filings-details/default.aspx?FilingId=3773908,https://d18rn0p25nwr6d.cloudfront.net/CIK-0000004962/f37b7016-1059-4804-bcd6-a1922bc6a549.pdf,https://d18rn0p25nwr6d.cloudfront.net/CIK-0000004962/4acd9ce7-f042-4786-8f88-1f919f73e889.xls
"Jul 05, 2005",Form 4,Statement of Changes in Beneficial Ownership,https://ir.americanexpress.com/financials/earnings-and-sec-filings/sec-filings-details/default.aspx?FilingId=3773957,https://d18rn0p25nwr6d.cloudfront.net/CIK-0000004962/0e9ccb21-76f2-469d-878d-33dfbbeef1ed.pdf,https://d18rn0p25nwr6d.cloudfront.net/CIK-0000004962/71fe8c02-661a-45f2-a1a7-c761b2c7158c.xls
"Jul 05, 2005",Form 4,Statement of Changes in Beneficial Ownership,https://ir.americanexpress.com/financials/earnings-and-sec-filings/sec-filings-details/default.aspx?FilingId=3773987,https://d18rn0p25nwr6d.cloudfront.net/CIK-0000004962/d0adccea-3da0-44c8-85ff-00a3dd8d7dd2.pdf,https://d18rn0p25nwr6d.cloudfront.net/CIK-0000004962/768691dd-fb7c-4483-8120-49ed564b27a2.xls
"Jul 05, 2005",Form 4,Statement of Changes in Beneficial Ownership,https://ir.americanexpress.com/financials/earnings-and-sec-filings/sec-filings-details/default.aspx?FilingId=3774011,https://d18rn0p25nwr6d.cloudfront.net/CIK-0000004962/2b83ef7c-e331-4e63-b8ed-926d9ff682a3.pdf,https://d18rn0p25nwr6d.cloudfront.net/CIK-0000004962/0ec26ed5-0a82-4718-a709-9691813b8696.xls
"Jun 20, 2005",Form 4,Statement of Changes in Beneficial Ownership,https://ir.americanexpress.com/financials/earnings-and-sec-filings/sec-filings-details/default.aspx?FilingId=3747470,https://d18rn0p25nwr6d.cloudfront.net/CIK-0000004962/535c2806-6e83-484b-a125-107b68a57a4c.pdf,https://d18rn0p25nwr6d.cloudfront.net/CIK-0000004962/bc93e34b-50d3-4157-9382-63cec4e61704.xls
"Jun 15, 2005",Form 4,Statement of Changes in Beneficial Ownership,https://ir.americanexpress.com/financials/earnings-and-sec-filings/sec-filings-details/default.aspx?FilingId=3740042,https://d18rn0p25nwr6d.cloudfront.net/CIK-0000004962/52eb2d4c-9582-46da-8d26-4eff0382509b.pdf,https://d18rn0p25nwr6d.cloudfront.net/CIK-0000004962/0fc9b8cc-715f-4d3c-b803-cca755d3878b.xls
"Jun 03, 2005",Form 4,Statement of Changes in Beneficial Ownership,https://ir.americanexpress.com/financials/earnings-and-sec-filings/sec-filings-details/default.aspx?FilingId=3720955,https://d18rn0p25nwr6d.cloudfront.net/CIK-0000004962/f4687dc5-d548-4c28-8cab-53d612360956.pdf,https://d18rn0p25nwr6d.cloudfront.net/CIK-0000004962/72b5ba03-1d69-416b-b2df-4b2dd9ef50ff.xls
"May 18, 2005",Form 4,Statement of Changes in Beneficial Ownership,https://ir.americanexpress.com/financials/earnings-and-sec-filings/sec-filings-details/default.aspx?FilingId=3689662,https://d18rn0p25nwr6d.cloudfront.net/CIK-0000004962/866f5139-5b35-4d11-8d64-bc22548e00e1.pdf,https://d18rn0p25nwr6d.cloudfront.net/CIK-0000004962/744f2c0c-96c5-4f3d-b4af-68edfa299a11.xls
"May 11, 2005",Form 3,Initial Statement of Beneficial Ownership,https://ir.americanexpress.com/financials/earnings-and-sec-filings/sec-filings-details/default.aspx?FilingId=3667916,https://d18rn0p25nwr6d.cloudfront.net/CIK-0000004962/9fd63443-773d-4573-9b50-5b1481344bb5.pdf,https://d18rn0p25nwr6d.cloudfront.net/CIK-0000004962/97bc07bc-04fa-4803-bc8a-55676c97954f.xls
"May 05, 2005",Form 4,Statement of Changes in Beneficial Ownership,https://ir.americanexpress.com/financials/earnings-and-sec-filings/sec-filings-details/default.aspx?FilingId=3655119,https://d18rn0p25nwr6d.cloudfront.net/CIK-0000004962/95fa6f92-179f-4919-bf39-bacf0ff5bb15.pdf,https://d18rn0p25nwr6d.cloudfront.net/CIK-0000004962/03116cfd-2b8d-4b38-af5a-593e0b52fe5e.xls
"Apr 29, 2005",Form 4,Statement of Changes in Beneficial Ownership,https://ir.americanexpress.com/financials/earnings-and-sec-filings/sec-filings-details/default.aspx?FilingId=3636499,https://d18rn0p25nwr6d.cloudfront.net/CIK-0000004962/564f98ff-bb27-4d29-9426-7cc31c7abcf8.pdf,https://d18rn0p25nwr6d.cloudfront.net/CIK-0000004962/1e10dadd-476c-4879-9783-ef5f86bb638b.xls
"Apr 29, 2005",Form 4,Statement of Changes in Beneficial Ownership,https://ir.americanexpress.com/financials/earnings-and-sec-filings/sec-filings-details/default.aspx?FilingId=3636577,https://d18rn0p25nwr6d.cloudfront.net/CIK-0000004962/8f2ef4ee-d74a-4dd6-afc0-5ecb10c3fe49.pdf,https://d18rn0p25nwr6d.cloudfront.net/CIK-0000004962/1cb016f1-d5cf-4eee-a9ed-74973acfe873.xls
"Apr 29, 2005",Form 4,Statement of Changes in Beneficial Ownership,https://ir.americanexpress.com/financials/earnings-and-sec-filings/sec-filings-details/default.aspx?FilingId=3636664,https://d18rn0p25nwr6d.cloudfront.net/CIK-0000004962/e01dbbb1-582d-4f1f-8e8c-61be72f86f6b.pdf,https://d18rn0p25nwr6d.cloudfront.net/CIK-0000004962/aa4f60ce-f4ad-4e6c-9e8c-95c50f32160f.xls
"Apr 29, 2005",Form 4,Statement of Changes in Beneficial Ownership,https://ir.americanexpress.com/financials/earnings-and-sec-filings/sec-filings-details/default.aspx?FilingId=3636768,https://d18rn0p25nwr6d.cloudfront.net/CIK-0000004962/32809afd-8c15-44e4-9653-942f17d1b42e.pdf,https://d18rn0p25nwr6d.cloudfront.net/CIK-0000004962/7636ba6b-eb80-424a-bbc1-f276e8aa6c35.xls
"Apr 29, 2005",Form 4,Statement of Changes in Beneficial Ownership,https://ir.americanexpress.com/financials/earnings-and-sec-filings/sec-filings-details/default.aspx?FilingId=3636790,https://d18rn0p25nwr6d.cloudfront.net/CIK-0000004962/72e2bccc-801b-45ae-8b96-c19996387123.pdf,https://d18rn0p25nwr6d.cloudfront.net/CIK-0000004962/9e0c640c-8768-48d3-9031-d3ff040fe5bd.xls
"Apr 29, 2005",Form 4,Statement of Changes in Beneficial Ownership,https://ir.americanexpress.com/financials/earnings-and-sec-filings/sec-filings-details/default.aspx?FilingId=3636817,https://d18rn0p25nwr6d.cloudfront.net/CIK-0000004962/10da516a-2312-4b9e-aaf7-8c2d9a6ec3f6.pdf,https://d18rn0p25nwr6d.cloudfront.net/CIK-0000004962/40c4c35f-d0b4-49af-b074-e1312f626242.xls
"Apr 29, 2005",Form 4,Statement of Changes in Beneficial Ownership,https://ir.americanexpress.com/financials/earnings-and-sec-filings/sec-filings-details/default.aspx?FilingId=3636825,https://d18rn0p25nwr6d.cloudfront.net/CIK-0000004962/45aab67a-0576-4974-ab53-cef8fd629605.pdf,https://d18rn0p25nwr6d.cloudfront.net/CIK-0000004962/fdbdb5e9-e184-4624-8c53-8ca34d6d6104.xls
"Apr 29, 2005",Form 4,Statement of Changes in Beneficial Ownership,https://ir.americanexpress.com/financials/earnings-and-sec-filings/sec-filings-details/default.aspx?FilingId=3636886,https://d18rn0p25nwr6d.cloudfront.net/CIK-0000004962/544c36ba-d216-4cf5-a118-73084b62324b.pdf,https://d18rn0p25nwr6d.cloudfront.net/CIK-0000004962/783c67d6-2c85-4d43-9bef-67e0fd8cd056.xls
"Apr 29, 2005",Form 4,Statement of Changes in Beneficial Ownership,https://ir.americanexpress.com/financials/earnings-and-sec-filings/sec-filings-details/default.aspx?FilingId=3636928,https://d18rn0p25nwr6d.cloudfront.net/CIK-0000004962/f548eae9-93af-418b-aec0-78055b5e6d1e.pdf,https://d18rn0p25nwr6d.cloudfront.net/CIK-0000004962/5e3d27c8-9fb7-4945-95ac-51920d27f139.xls
"Apr 29, 2005",Form 4,Statement of Changes in Beneficial Ownership,https://ir.americanexpress.com/financials/earnings-and-sec-filings/sec-filings-details/default.aspx?FilingId=3636929,https://d18rn0p25nwr6d.cloudfront.net/CIK-0000004962/ccf49c6b-8ab7-46db-9c6a-f5ef198a3d7b.pdf,https://d18rn0p25nwr6d.cloudfront.net/CIK-0000004962/576d17ba-2b20-44c8-87e0-bcab2edfc818.xls
"Apr 29, 2005",Form 4,Statement of Changes in Beneficial Ownership,https://ir.americanexpress.com/financials/earnings-and-sec-filings/sec-filings-details/default.aspx?FilingId=3636968,https://d18rn0p25nwr6d.cloudfront.net/CIK-0000004962/2365bde3-1f2a-49fb-9fed-2a015a6a23c6.pdf,https://d18rn0p25nwr6d.cloudfront.net/CIK-0000004962/ccd34056-75f8-446a-a744-b0d815bb454b.xls
"Apr 06, 2005",Form 3,Initial Statement of Beneficial Ownership,https://ir.americanexpress.com/financials/earnings-and-sec-filings/sec-filings-details/default.aspx?FilingId=3592615,https://d18rn0p25nwr6d.cloudfront.net/CIK-0000004962/7e050779-de5a-435e-81bb-1232fd86ad96.pdf,https://d18rn0p25nwr6d.cloudfront.net/CIK-0000004962/247c9de0-8310-4fd3-9937-52957150880e.xls
"Apr 06, 2005",Form 4,Statement of Changes in Beneficial Ownership,https://ir.americanexpress.com/financials/earnings-and-sec-filings/sec-filings-details/default.aspx?FilingId=3592624,https://d18rn0p25nwr6d.cloudfront.net/CIK-0000004962/24d7d466-c934-4787-8e55-4d8ef6e941ee.pdf,https://d18rn0p25nwr6d.cloudfront.net/CIK-0000004962/2402bb58-3327-4e6e-972b-8d920c987a13.xls
"Apr 05, 2005",Form 4,Statement of Changes in Beneficial Ownership,https://ir.americanexpress.com/financials/earnings-and-sec-filings/sec-filings-details/default.aspx?FilingId=3589047,https://d18rn0p25nwr6d.cloudfront.net/CIK-0000004962/823b31ff-4cff-4eb1-a251-274e01d3bab0.pdf,https://d18rn0p25nwr6d.cloudfront.net/CIK-0000004962/db9d1782-4905-4c82-a225-0596e85f4bf9.xls
"Apr 04, 2005",Form 4,Statement of Changes in Beneficial Ownership,https://ir.americanexpress.com/financials/earnings-and-sec-filings/sec-filings-details/default.aspx?FilingId=3585274,https://d18rn0p25nwr6d.cloudfront.net/CIK-0000004962/bbd85132-1ab7-4c61-9857-7d81e7ab32db.pdf,https://d18rn0p25nwr6d.cloudfront.net/CIK-0000004962/e416d4d8-326c-4b10-9b32-b45bb13fb395.xls
"Apr 04, 2005",Form 4,Statement of Changes in Beneficial Ownership,https://ir.americanexpress.com/financials/earnings-and-sec-filings/sec-filings-details/default.aspx?FilingId=3585308,https://d18rn0p25nwr6d.cloudfront.net/CIK-0000004962/22428078-977c-4b08-9d6d-6b70e95eba49.pdf,https://d18rn0p25nwr6d.cloudfront.net/CIK-0000004962/b0b785b1-b95e-4b1c-907d-1c778656d657.xls
"Apr 04, 2005",Form 4,Statement of Changes in Beneficial Ownership,https://ir.americanexpress.com/financials/earnings-and-sec-filings/sec-filings-details/default.aspx?FilingId=3585317,https://d18rn0p25nwr6d.cloudfront.net/CIK-0000004962/5f074258-cc3d-41b0-ae0d-924a5724f90b.pdf,https://d18rn0p25nwr6d.cloudfront.net/CIK-0000004962/21df664a-a131-4908-bc4e-561bc2fff8c5.xls
"Apr 04, 2005",Form 4,Statement of Changes in Beneficial Ownership,https://ir.americanexpress.com/financials/earnings-and-sec-filings/sec-filings-details/default.aspx?FilingId=3585340,https://d18rn0p25nwr6d.cloudfront.net/CIK-0000004962/6a04a8f6-ad6c-4c02-a33d-f28c48a7b677.pdf,https://d18rn0p25nwr6d.cloudfront.net/CIK-0000004962/564a3e02-af9c-4cfd-a392-90e989c49913.xls
"Apr 04, 2005",Form 4,Statement of Changes in Beneficial Ownership,https://ir.americanexpress.com/financials/earnings-and-sec-filings/sec-filings-details/default.aspx?FilingId=3585351,https://d18rn0p25nwr6d.cloudfront.net/CIK-0000004962/dfb7e2b0-518e-45b2-a003-2894fc787a3c.pdf,https://d18rn0p25nwr6d.cloudfront.net/CIK-0000004962/1b1e8bc5-8259-4342-a5e9-5841c061ffe2.xls
"Apr 04, 2005",Form 4,Statement of Changes in Beneficial Ownership,https://ir.americanexpress.com/financials/earnings-and-sec-filings/sec-filings-details/default.aspx?FilingId=3585383,https://d18rn0p25nwr6d.cloudfront.net/CIK-0000004962/ec1701c2-9b2c-4eee-a664-1cfca5c1f447.pdf,https://d18rn0p25nwr6d.cloudfront.net/CIK-0000004962/692f0987-eafe-41f6-a402-457827dea848.xls
"Apr 04, 2005",Form 4,Statement of Changes in Beneficial Ownership,https://ir.americanexpress.com/financials/earnings-and-sec-filings/sec-filings-details/default.aspx?FilingId=3585397,https://d18rn0p25nwr6d.cloudfront.net/CIK-0000004962/2bbfac06-2399-4636-bad0-10cb881a2226.pdf,https://d18rn0p25nwr6d.cloudfront.net/CIK-0000004962/bef39e40-f3fa-451d-9f88-ab9373da2c47.xls
"Mar 24, 2005",Form 4,Statement of Changes in Beneficial Ownership,https://ir.americanexpress.com/financials/earnings-and-sec-filings/sec-filings-details/default.aspx?FilingId=3560226,https://d18rn0p25nwr6d.cloudfront.net/CIK-0000004962/d8482804-806b-4837-b6d0-4beb5ba6f654.pdf,https://d18rn0p25nwr6d.cloudfront.net/CIK-0000004962/04bb3ea0-f5de-4af8-807a-dbf5b4edd4d1.xls
"Mar 09, 2005",Form 4,Statement of Changes in Beneficial Ownership,https://ir.americanexpress.com/financials/earnings-and-sec-filings/sec-filings-details/default.aspx?FilingId=3525457,https://d18rn0p25nwr6d.cloudfront.net/CIK-0000004962/76c25aeb-ae94-4830-9ff8-115a531c1976.pdf,https://d18rn0p25nwr6d.cloudfront.net/CIK-0000004962/2a0b5979-df8c-4972-9672-5f839351d8d2.xls
"Mar 02, 2005",Form 4,Statement of Changes in Beneficial Ownership,https://ir.americanexpress.com/financials/earnings-and-sec-filings/sec-filings-details/default.aspx?FilingId=3510320,https://d18rn0p25nwr6d.cloudfront.net/CIK-0000004962/99e1720d-59b6-4a4b-9c1a-ec89d708fe47.pdf,https://d18rn0p25nwr6d.cloudfront.net/CIK-0000004962/f1865dc0-649d-4ebf-a52c-2f7f3031aefe.xls
"Feb 28, 2005",Form 4,Statement of Changes in Beneficial Ownership,https://ir.americanexpress.com/financials/earnings-and-sec-filings/sec-filings-details/default.aspx?FilingId=3501949,https://d18rn0p25nwr6d.cloudfront.net/CIK-0000004962/48853cc7-beab-4064-a062-b87416c50039.pdf,https://d18rn0p25nwr6d.cloudfront.net/CIK-0000004962/2eb9d3c0-090f-4bad-92ee-999cb29db39b.xls
"Feb 28, 2005",Form 4,Statement of Changes in Beneficial Ownership,https://ir.americanexpress.com/financials/earnings-and-sec-filings/sec-filings-details/default.aspx?FilingId=3501962,https://d18rn0p25nwr6d.cloudfront.net/CIK-0000004962/12341f94-aaa8-4e75-a959-c74f31dea4b2.pdf,https://d18rn0p25nwr6d.cloudfront.net/CIK-0000004962/36d2b098-fee5-4217-b7b5-24ad4b8c1d9f.xls
"Feb 28, 2005",Form 4,Statement of Changes in Beneficial Ownership,https://ir.americanexpress.com/financials/earnings-and-sec-filings/sec-filings-details/default.aspx?FilingId=3501996,https://d18rn0p25nwr6d.cloudfront.net/CIK-0000004962/c5faec5c-bb65-4446-824f-207013c085b0.pdf,https://d18rn0p25nwr6d.cloudfront.net/CIK-0000004962/9bdc2878-e99e-4b25-b2d5-f4befc4a8882.xls
"Feb 23, 2005",Form 4,Statement of Changes in Beneficial Ownership,https://ir.americanexpress.com/financials/earnings-and-sec-filings/sec-filings-details/default.aspx?FilingId=3493649,https://d18rn0p25nwr6d.cloudfront.net/CIK-0000004962/b9618add-b015-4c44-a313-23d46eb15640.pdf,https://d18rn0p25nwr6d.cloudfront.net/CIK-0000004962/70d9cad8-cafc-43eb-9fe8-3c26bd9b4f33.xls
"Feb 23, 2005",Form 4,Statement of Changes in Beneficial Ownership,https://ir.americanexpress.com/financials/earnings-and-sec-filings/sec-filings-details/default.aspx?FilingId=3493656,https://d18rn0p25nwr6d.cloudfront.net/CIK-0000004962/29d22965-12bd-4d56-b023-130d86c1c701.pdf,https://d18rn0p25nwr6d.cloudfront.net/CIK-0000004962/9072af35-6595-4df7-9475-af5f4bfc57b7.xls
"Feb 23, 2005",Form 4,Statement of Changes in Beneficial Ownership,https://ir.americanexpress.com/financials/earnings-and-sec-filings/sec-filings-details/default.aspx?FilingId=3493679,https://d18rn0p25nwr6d.cloudfront.net/CIK-0000004962/e99cd2e2-8692-4375-b661-60088d105ee6.pdf,https://d18rn0p25nwr6d.cloudfront.net/CIK-0000004962/176299ed-ffb1-4186-b0c1-3d74f547b331.xls
"Feb 23, 2005",Form 4,Statement of Changes in Beneficial Ownership,https://ir.americanexpress.com/financials/earnings-and-sec-filings/sec-filings-details/default.aspx?FilingId=3493689,https://d18rn0p25nwr6d.cloudfront.net/CIK-0000004962/04006f03-c3c1-4133-882e-f930451e580b.pdf,https://d18rn0p25nwr6d.cloudfront.net/CIK-0000004962/73f08227-460a-4678-a750-c16faabce1ff.xls
"Feb 23, 2005",Form 4,Statement of Changes in Beneficial Ownership,https://ir.americanexpress.com/financials/earnings-and-sec-filings/sec-filings-details/default.aspx?FilingId=3493707,https://d18rn0p25nwr6d.cloudfront.net/CIK-0000004962/e2b7a7cd-7394-40bc-89a7-ca8a610aca32.pdf,https://d18rn0p25nwr6d.cloudfront.net/CIK-0000004962/56c9a1bb-02dc-48cb-a645-58de8333fd24.xls
"Feb 23, 2005",Form 4,Statement of Changes in Beneficial Ownership,https://ir.americanexpress.com/financials/earnings-and-sec-filings/sec-filings-details/default.aspx?FilingId=3493729,https://d18rn0p25nwr6d.cloudfront.net/CIK-0000004962/05f15311-8648-4f48-a690-f487d6f5a335.pdf,https://d18rn0p25nwr6d.cloudfront.net/CIK-0000004962/d749e3f2-8928-49e3-8333-cadb1b3097ae.xls
"Feb 23, 2005",Form 4,Statement of Changes in Beneficial Ownership,https://ir.americanexpress.com/financials/earnings-and-sec-filings/sec-filings-details/default.aspx?FilingId=3493761,https://d18rn0p25nwr6d.cloudfront.net/CIK-0000004962/0ea9e0a3-2a68-4372-a18e-12aebf125181.pdf,https://d18rn0p25nwr6d.cloudfront.net/CIK-0000004962/612c8b9d-ac65-49d3-9e07-b8b00fc9b2aa.xls
"Feb 23, 2005",Form 4,Statement of Changes in Beneficial Ownership,https://ir.americanexpress.com/financials/earnings-and-sec-filings/sec-filings-details/default.aspx?FilingId=3493783,https://d18rn0p25nwr6d.cloudfront.net/CIK-0000004962/315434a5-523b-49ed-ac24-c34d0a1797b4.pdf,https://d18rn0p25nwr6d.cloudfront.net/CIK-0000004962/ef56fa10-737a-4811-a52a-3e949b89a674.xls
"Feb 23, 2005",Form 4,Statement of Changes in Beneficial Ownership,https://ir.americanexpress.com/financials/earnings-and-sec-filings/sec-filings-details/default.aspx?FilingId=3493879,https://d18rn0p25nwr6d.cloudfront.net/CIK-0000004962/9e1f41a8-979c-4d87-9dee-28fecec23fb7.pdf,https://d18rn0p25nwr6d.cloudfront.net/CIK-0000004962/d03a72cc-3e41-4ae2-9316-f89bfb35272d.xls
"Feb 11, 2005",Form 4,Statement of Changes in Beneficial Ownership,https://ir.americanexpress.com/financials/earnings-and-sec-filings/sec-filings-details/default.aspx?FilingId=3461399,https://d18rn0p25nwr6d.cloudfront.net/CIK-0000004962/029beaaf-455b-4112-8f71-5c2e95ad8411.pdf,https://d18rn0p25nwr6d.cloudfront.net/CIK-0000004962/ba431af0-7707-463d-9567-0364749f151b.xls
"Feb 11, 2005",Form 4,Statement of Changes in Beneficial Ownership,https://ir.americanexpress.com/financials/earnings-and-sec-filings/sec-filings-details/default.aspx?FilingId=3462332,https://d18rn0p25nwr6d.cloudfront.net/CIK-0000004962/2cd99417-9c2e-4078-bfb3-ada87a30f657.pdf,https://d18rn0p25nwr6d.cloudfront.net/CIK-0000004962/25d183df-d17d-4180-87ac-b4c8c9ab8042.xls
"Feb 09, 2005",Form 4,Statement of Changes in Beneficial Ownership,https://ir.americanexpress.com/financials/earnings-and-sec-filings/sec-filings-details/default.aspx?FilingId=3450113,https://d18rn0p25nwr6d.cloudfront.net/CIK-0000004962/f025acc9-603b-4561-85e0-dad0ea12bee2.pdf,https://d18rn0p25nwr6d.cloudfront.net/CIK-0000004962/d3c32126-9a77-48c1-ac43-8739a007404e.xls
"Feb 09, 2005",Form 4,Statement of Changes in Beneficial Ownership,https://ir.americanexpress.com/financials/earnings-and-sec-filings/sec-filings-details/default.aspx?FilingId=3450133,https://d18rn0p25nwr6d.cloudfront.net/CIK-0000004962/84fbea4c-2e3f-4c65-bad7-17871460c3de.pdf,https://d18rn0p25nwr6d.cloudfront.net/CIK-0000004962/c68e3441-b992-4993-ab9c-8b1cecaab07a.xls
"Feb 08, 2005",Form 4,Statement of Changes in Beneficial Ownership,https://ir.americanexpress.com/financials/earnings-and-sec-filings/sec-filings-details/default.aspx?FilingId=3445649,https://d18rn0p25nwr6d.cloudfront.net/CIK-0000004962/63d08686-49c2-4b15-8bf7-3d20a0d56455.pdf,https://d18rn0p25nwr6d.cloudfront.net/CIK-0000004962/7ae2e403-c4fe-462a-94b0-93599c4a59c5.xls
"Jan 28, 2005",Form 4,Statement of Changes in Beneficial Ownership,https://ir.americanexpress.com/financials/earnings-and-sec-filings/sec-filings-details/default.aspx?FilingId=3421002,https://d18rn0p25nwr6d.cloudfront.net/CIK-0000004962/beeb547c-e725-4321-8040-39d3ba2c9db8.pdf,https://d18rn0p25nwr6d.cloudfront.net/CIK-0000004962/ae3295aa-e2a8-4648-b6d4-61a55ab2f518.xls
"Jan 28, 2005",Form 4,Statement of Changes in Beneficial Ownership,https://ir.americanexpress.com/financials/earnings-and-sec-filings/sec-filings-details/default.aspx?FilingId=3421029,https://d18rn0p25nwr6d.cloudfront.net/CIK-0000004962/8147c649-1e8a-4305-b252-029de8fb4641.pdf,https://d18rn0p25nwr6d.cloudfront.net/CIK-0000004962/aaccd7d2-c97b-4d5a-8beb-1f4abca700ed.xls
"Jan 28, 2005",Form 4,Statement of Changes in Beneficial Ownership,https://ir.americanexpress.com/financials/earnings-and-sec-filings/sec-filings-details/default.aspx?FilingId=3421036,https://d18rn0p25nwr6d.cloudfront.net/CIK-0000004962/59b64472-b90b-4830-980b-7d32a48e1bb9.pdf,https://d18rn0p25nwr6d.cloudfront.net/CIK-0000004962/97b43621-3df3-4d74-a986-fe876406530c.xls
"Jan 28, 2005",Form 4,Statement of Changes in Beneficial Ownership,https://ir.americanexpress.com/financials/earnings-and-sec-filings/sec-filings-details/default.aspx?FilingId=3421044,https://d18rn0p25nwr6d.cloudfront.net/CIK-0000004962/eb460b59-35c5-4150-be94-a56a81e06274.pdf,https://d18rn0p25nwr6d.cloudfront.net/CIK-0000004962/7ba864a9-8080-4760-b181-46b4b500263b.xls
"Jan 28, 2005",Form 4,Statement of Changes in Beneficial Ownership,https://ir.americanexpress.com/financials/earnings-and-sec-filings/sec-filings-details/default.aspx?FilingId=3421045,https://d18rn0p25nwr6d.cloudfront.net/CIK-0000004962/ee370200-bc23-4bcb-b486-78188ccc292a.pdf,https://d18rn0p25nwr6d.cloudfront.net/CIK-0000004962/c79c213e-1c48-4646-ad49-19fb9540e0f4.xls
"Jan 28, 2005",Form 4,Statement of Changes in Beneficial Ownership,https://ir.americanexpress.com/financials/earnings-and-sec-filings/sec-filings-details/default.aspx?FilingId=3421054,https://d18rn0p25nwr6d.cloudfront.net/CIK-0000004962/d1392dc7-16a7-44b0-886a-738edf629c92.pdf,https://d18rn0p25nwr6d.cloudfront.net/CIK-0000004962/3c3874d3-1314-4131-84d6-49b7777262f4.xls
"Jan 28, 2005",Form 4,Statement of Changes in Beneficial Ownership,https://ir.americanexpress.com/financials/earnings-and-sec-filings/sec-filings-details/default.aspx?FilingId=3421055,https://d18rn0p25nwr6d.cloudfront.net/CIK-0000004962/2f4fd235-8c1f-4ddc-8123-5868ec1c9545.pdf,https://d18rn0p25nwr6d.cloudfront.net/CIK-0000004962/52c923ab-ad7f-4cf1-8ca9-fa60d67fd206.xls
"Jan 28, 2005",Form 4,Statement of Changes in Beneficial Ownership,https://ir.americanexpress.com/financials/earnings-and-sec-filings/sec-filings-details/default.aspx?FilingId=3421068,https://d18rn0p25nwr6d.cloudfront.net/CIK-0000004962/32eb058e-70eb-43fc-9b94-e5b1619ee935.pdf,https://d18rn0p25nwr6d.cloudfront.net/CIK-0000004962/ea28bec8-d732-46f1-a1e4-6afb225c51f2.xls
"Jan 28, 2005",Form 4,Statement of Changes in Beneficial Ownership,https://ir.americanexpress.com/financials/earnings-and-sec-filings/sec-filings-details/default.aspx?FilingId=3421081,https://d18rn0p25nwr6d.cloudfront.net/CIK-0000004962/a8622904-40c6-4651-a44e-3282edb22780.pdf,https://d18rn0p25nwr6d.cloudfront.net/CIK-0000004962/be106be4-5179-41dd-a082-f6bb30f697a8.xls
"Jan 28, 2005",Form 4,Statement of Changes in Beneficial Ownership,https://ir.americanexpress.com/financials/earnings-and-sec-filings/sec-filings-details/default.aspx?FilingId=3421082,https://d18rn0p25nwr6d.cloudfront.net/CIK-0000004962/12827302-0593-4701-9a2d-8cd6ba2a0300.pdf,https://d18rn0p25nwr6d.cloudfront.net/CIK-0000004962/e448c10e-adab-4965-bfdc-a55b62ed8f6b.xls
"Jan 28, 2005",Form 4,Statement of Changes in Beneficial Ownership,https://ir.americanexpress.com/financials/earnings-and-sec-filings/sec-filings-details/default.aspx?FilingId=3421106,https://d18rn0p25nwr6d.cloudfront.net/CIK-0000004962/c9756d4c-f0ad-41b4-82e8-db5c5f8e2927.pdf,https://d18rn0p25nwr6d.cloudfront.net/CIK-0000004962/38d4cc8d-083a-47c4-bdbb-44b0f3944b24.xls
"Jan 26, 2005",Form 4,Statement of Changes in Beneficial Ownership,https://ir.americanexpress.com/financials/earnings-and-sec-filings/sec-filings-details/default.aspx?FilingId=3416125,https://d18rn0p25nwr6d.cloudfront.net/CIK-0000004962/a4de7878-50ad-4f7b-9e03-7c0f7838f9f6.pdf,https://d18rn0p25nwr6d.cloudfront.net/CIK-0000004962/7d68bfb1-a068-4517-a900-22dbd458fdef.xls
"Jan 26, 2005",Form 4,Statement of Changes in Beneficial Ownership,https://ir.americanexpress.com/financials/earnings-and-sec-filings/sec-filings-details/default.aspx?FilingId=3416242,https://d18rn0p25nwr6d.cloudfront.net/CIK-0000004962/c52d7344-95c5-49a6-b827-d390661ae04b.pdf,https://d18rn0p25nwr6d.cloudfront.net/CIK-0000004962/84c4e8b4-9566-4147-afb0-bcdba75d1fc5.xls
"Jan 26, 2005",Form 4,Statement of Changes in Beneficial Ownership,https://ir.americanexpress.com/financials/earnings-and-sec-filings/sec-filings-details/default.aspx?FilingId=3416266,https://d18rn0p25nwr6d.cloudfront.net/CIK-0000004962/536fca64-3b5c-4e27-b09c-49b43a310d85.pdf,https://d18rn0p25nwr6d.cloudfront.net/CIK-0000004962/ccb70711-f39e-4347-947f-44a5e520a61a.xls
"Jan 26, 2005",Form 4,Statement of Changes in Beneficial Ownership,https://ir.americanexpress.com/financials/earnings-and-sec-filings/sec-filings-details/default.aspx?FilingId=3416305,https://d18rn0p25nwr6d.cloudfront.net/CIK-0000004962/23c3c5e0-d01f-4f88-9474-0b41d802ae1b.pdf,https://d18rn0p25nwr6d.cloudfront.net/CIK-0000004962/fc795d8f-6244-4f6b-95fb-e75ab752140c.xls
"Jan 26, 2005",Form 4,Statement of Changes in Beneficial Ownership,https://ir.americanexpress.com/financials/earnings-and-sec-filings/sec-filings-details/default.aspx?FilingId=3416328,https://d18rn0p25nwr6d.cloudfront.net/CIK-0000004962/9970e045-5925-4593-a57f-4f1a8544c194.pdf,https://d18rn0p25nwr6d.cloudfront.net/CIK-0000004962/01c58c06-0ed4-4bbe-bbb6-5b98dab93b31.xls
"Jan 26, 2005",Form 4,Statement of Changes in Beneficial Ownership,https://ir.americanexpress.com/financials/earnings-and-sec-filings/sec-filings-details/default.aspx?FilingId=3416376,https://d18rn0p25nwr6d.cloudfront.net/CIK-0000004962/b18c5707-ff5c-477f-8549-613ace1feca0.pdf,https://d18rn0p25nwr6d.cloudfront.net/CIK-0000004962/d3963277-bc6b-48c8-86cf-76d4281466ad.xls
"Jan 26, 2005",Form 4,Statement of Changes in Beneficial Ownership,https://ir.americanexpress.com/financials/earnings-and-sec-filings/sec-filings-details/default.aspx?FilingId=3416407,https://d18rn0p25nwr6d.cloudfront.net/CIK-0000004962/162bb2ad-6ab7-46f2-9465-2f2f8e45ad7f.pdf,https://d18rn0p25nwr6d.cloudfront.net/CIK-0000004962/36bad4bf-25a7-42ec-83a3-80819d7eeada.xls
"Jan 26, 2005",Form 4,Statement of Changes in Beneficial Ownership,https://ir.americanexpress.com/financials/earnings-and-sec-filings/sec-filings-details/default.aspx?FilingId=3416420,https://d18rn0p25nwr6d.cloudfront.net/CIK-0000004962/48b26f62-87d1-41d1-8f14-450592a0dfeb.pdf,https://d18rn0p25nwr6d.cloudfront.net/CIK-0000004962/8721b4d4-24f3-4d3b-8948-f035287af6bb.xls
"Jan 26, 2005",Form 4,Statement of Changes in Beneficial Ownership,https://ir.americanexpress.com/financials/earnings-and-sec-filings/sec-filings-details/default.aspx?FilingId=3416432,https://d18rn0p25nwr6d.cloudfront.net/CIK-0000004962/da55e989-6188-4ea7-b72c-55f9f41ddaf4.pdf,https://d18rn0p25nwr6d.cloudfront.net/CIK-0000004962/72a27528-39a4-4b3b-b7a8-297489b8a5a4.xls
"Jan 26, 2005",Form 4,Statement of Changes in Beneficial Ownership,https://ir.americanexpress.com/financials/earnings-and-sec-filings/sec-filings-details/default.aspx?FilingId=3416444,https://d18rn0p25nwr6d.cloudfront.net/CIK-0000004962/f6aeca10-5e03-4601-8d26-a867f3783aec.pdf,https://d18rn0p25nwr6d.cloudfront.net/CIK-0000004962/b86c62bb-d95a-49ef-a1d5-3681d64d8283.xls
"Jan 26, 2005",Form 4,Statement of Changes in Beneficial Ownership,https://ir.americanexpress.com/financials/earnings-and-sec-filings/sec-filings-details/default.aspx?FilingId=3416448,https://d18rn0p25nwr6d.cloudfront.net/CIK-0000004962/1f657421-6bb5-4f75-a799-6416b4539244.pdf,https://d18rn0p25nwr6d.cloudfront.net/CIK-0000004962/aa02ed8c-549c-4e5f-8998-c1585c4334aa.xls
"Jan 04, 2005",Form 4,Statement of Changes in Beneficial Ownership,https://ir.americanexpress.com/financials/earnings-and-sec-filings/sec-filings-details/default.aspx?FilingId=3374165,https://d18rn0p25nwr6d.cloudfront.net/CIK-0000004962/45a02929-582e-4913-af5f-2abb69a49c07.pdf,https://d18rn0p25nwr6d.cloudfront.net/CIK-0000004962/3f2ed876-f2fc-4c6b-bee9-1f372be201c3.xls
"Jan 04, 2005",Form 4,Statement of Changes in Beneficial Ownership,https://ir.americanexpress.com/financials/earnings-and-sec-filings/sec-filings-details/default.aspx?FilingId=3377816,https://d18rn0p25nwr6d.cloudfront.net/CIK-0000004962/ee63e98b-87c0-4161-86f2-fabaeb47fb86.pdf,https://d18rn0p25nwr6d.cloudfront.net/CIK-0000004962/2a770d09-51a8-4335-b759-8c34cebb3ff6.xls
"Jan 04, 2005",Form 4,Statement of Changes in Beneficial Ownership,https://ir.americanexpress.com/financials/earnings-and-sec-filings/sec-filings-details/default.aspx?FilingId=3377882,https://d18rn0p25nwr6d.cloudfront.net/CIK-0000004962/00ff9c3f-92a4-41e9-9615-6fbef77d8263.pdf,https://d18rn0p25nwr6d.cloudfront.net/CIK-0000004962/4b855511-046b-4534-b736-fb537b30abff.xls
"Jan 04, 2005",Form 4,Statement of Changes in Beneficial Ownership,https://ir.americanexpress.com/financials/earnings-and-sec-filings/sec-filings-details/default.aspx?FilingId=3377924,https://d18rn0p25nwr6d.cloudfront.net/CIK-0000004962/23d390b7-3de4-4253-b914-c478b2e9e5d8.pdf,https://d18rn0p25nwr6d.cloudfront.net/CIK-0000004962/88b18fcc-603f-4c76-9291-d1476bbc6805.xls
"Jan 04, 2005",Form 4,Statement of Changes in Beneficial Ownership,https://ir.americanexpress.com/financials/earnings-and-sec-filings/sec-filings-details/default.aspx?FilingId=3377959,https://d18rn0p25nwr6d.cloudfront.net/CIK-0000004962/72d53213-7c57-4be5-9bfa-3f751f5ae4c5.pdf,https://d18rn0p25nwr6d.cloudfront.net/CIK-0000004962/5cec3b17-4415-48a6-951b-ee893d79cd9b.xls
"Jan 04, 2005",Form 4,Statement of Changes in Beneficial Ownership,https://ir.americanexpress.com/financials/earnings-and-sec-filings/sec-filings-details/default.aspx?FilingId=3377990,https://d18rn0p25nwr6d.cloudfront.net/CIK-0000004962/ce931b7f-8fa9-491a-b0dd-53fd6274b393.pdf,https://d18rn0p25nwr6d.cloudfront.net/CIK-0000004962/a2ec56c8-0983-4ba2-98f4-d3050a1b0388.xls
"Jan 04, 2005",Form 4,Statement of Changes in Beneficial Ownership,https://ir.americanexpress.com/financials/earnings-and-sec-filings/sec-filings-details/default.aspx?FilingId=3378010,https://d18rn0p25nwr6d.cloudfront.net/CIK-0000004962/1f541148-b486-433a-8fce-2cbaec480dfe.pdf,https://d18rn0p25nwr6d.cloudfront.net/CIK-0000004962/73550f96-242f-4dd0-a1ea-bab5e8b4155e.xls
"Dec 28, 2004",Form 4,Statement of Changes in Beneficial Ownership,https://ir.americanexpress.com/financials/earnings-and-sec-filings/sec-filings-details/default.aspx?FilingId=3363000,https://d18rn0p25nwr6d.cloudfront.net/CIK-0000004962/888d3ff4-252f-4b1e-9e61-8d910869fdbf.pdf,https://d18rn0p25nwr6d.cloudfront.net/CIK-0000004962/6716793b-6c07-4af9-8713-bf47216cb25d.xls
"Dec 27, 2004",Form 4,Statement of Changes in Beneficial Ownership,https://ir.americanexpress.com/financials/earnings-and-sec-filings/sec-filings-details/default.aspx?FilingId=3361638,https://d18rn0p25nwr6d.cloudfront.net/CIK-0000004962/2d7d7271-dab1-45c5-a14f-cd479e83b6fa.pdf,https://d18rn0p25nwr6d.cloudfront.net/CIK-0000004962/162adc44-fc61-4e1e-8aa8-8d57fa18903f.xls
"Dec 23, 2004",Form 4,Statement of Changes in Beneficial Ownership,https://ir.americanexpress.com/financials/earnings-and-sec-filings/sec-filings-details/default.aspx?FilingId=3358062,https://d18rn0p25nwr6d.cloudfront.net/CIK-0000004962/2ac891b5-acca-4089-bfe6-9a0cd466762d.pdf,https://d18rn0p25nwr6d.cloudfront.net/CIK-0000004962/4dc69c93-6bb2-4c59-8ea8-6639c8432697.xls
"Dec 23, 2004",Form 4,Statement of Changes in Beneficial Ownership,https://ir.americanexpress.com/financials/earnings-and-sec-filings/sec-filings-details/default.aspx?FilingId=3360099,https://d18rn0p25nwr6d.cloudfront.net/CIK-0000004962/1eb95675-f228-437f-bd0b-a7115b84d1f5.pdf,https://d18rn0p25nwr6d.cloudfront.net/CIK-0000004962/9a9de6e3-f19e-4903-acb7-eb6f700612a6.xls
"Dec 22, 2004",Form 4,Statement of Changes in Beneficial Ownership,https://ir.americanexpress.com/financials/earnings-and-sec-filings/sec-filings-details/default.aspx?FilingId=3356319,https://d18rn0p25nwr6d.cloudfront.net/CIK-0000004962/697890f4-f71b-4a2b-8dfa-d1e95adecc4c.pdf,https://d18rn0p25nwr6d.cloudfront.net/CIK-0000004962/94ba4818-1f46-4652-85ce-245b0da9f824.xls
"Dec 20, 2004",Form 4,Statement of Changes in Beneficial Ownership,https://ir.americanexpress.com/financials/earnings-and-sec-filings/sec-filings-details/default.aspx?FilingId=3349568,https://d18rn0p25nwr6d.cloudfront.net/CIK-0000004962/d332752b-5b50-4b90-82a2-2790773ce3c5.pdf,
"Nov 26, 2004",Form 4,Statement of Changes in Beneficial Ownership,https://ir.americanexpress.com/financials/earnings-and-sec-filings/sec-filings-details/default.aspx?FilingId=3308275,https://d18rn0p25nwr6d.cloudfront.net/CIK-0000004962/b0223afa-dc23-4fad-95c1-977a41635949.pdf,https://d18rn0p25nwr6d.cloudfront.net/CIK-0000004962/e013e920-5afc-45e6-b74f-eca0c34191c3.xls
"Nov 26, 2004",Form 4,Statement of Changes in Beneficial Ownership,https://ir.americanexpress.com/financials/earnings-and-sec-filings/sec-filings-details/default.aspx?FilingId=3308292,https://d18rn0p25nwr6d.cloudfront.net/CIK-0000004962/d7ed6c89-0c97-4756-a393-f2fc5d909239.pdf,https://d18rn0p25nwr6d.cloudfront.net/CIK-0000004962/daa20884-cb08-4d8f-be16-0915e826f789.xls
"Nov 17, 2004",Form 4,Statement of Changes in Beneficial Ownership,https://ir.americanexpress.com/financials/earnings-and-sec-filings/sec-filings-details/default.aspx?FilingId=3292077,https://d18rn0p25nwr6d.cloudfront.net/CIK-0000004962/abce595d-be5e-4d12-9124-1a59cfb1affa.pdf,https://d18rn0p25nwr6d.cloudfront.net/CIK-0000004962/80cf8f26-c124-40c3-a1b1-20cb83d80e2e.xls
"Nov 16, 2004",Form 4,Statement of Changes in Beneficial Ownership,https://ir.americanexpress.com/financials/earnings-and-sec-filings/sec-filings-details/default.aspx?FilingId=3289233,https://d18rn0p25nwr6d.cloudfront.net/CIK-0000004962/67af7752-c14e-4080-9b04-21b300799c4b.pdf,https://d18rn0p25nwr6d.cloudfront.net/CIK-0000004962/4b3e3e30-70f8-40f4-973d-01c9c824c11e.xls
"Nov 12, 2004",Form 4,Statement of Changes in Beneficial Ownership,https://ir.americanexpress.com/financials/earnings-and-sec-filings/sec-filings-details/default.aspx?FilingId=3278041,https://d18rn0p25nwr6d.cloudfront.net/CIK-0000004962/e1379c8e-e576-48c7-9104-bd839f968626.pdf,https://d18rn0p25nwr6d.cloudfront.net/CIK-0000004962/d8f0429a-f2b5-434d-b7f6-bff71e06250f.xls
"Nov 10, 2004",Form 4,Statement of Changes in Beneficial Ownership,https://ir.americanexpress.com/financials/earnings-and-sec-filings/sec-filings-details/default.aspx?FilingId=3273186,https://d18rn0p25nwr6d.cloudfront.net/CIK-0000004962/a6f252d5-3b51-4be7-b249-855af404d780.pdf,https://d18rn0p25nwr6d.cloudfront.net/CIK-0000004962/bd49f5c6-7c47-4f81-b509-952c81cf4144.xls
"Nov 10, 2004",Form 4,Statement of Changes in Beneficial Ownership,https://ir.americanexpress.com/financials/earnings-and-sec-filings/sec-filings-details/default.aspx?FilingId=3273193,https://d18rn0p25nwr6d.cloudfront.net/CIK-0000004962/1668ff2a-f102-4283-b659-68853cd5998e.pdf,https://d18rn0p25nwr6d.cloudfront.net/CIK-0000004962/cddc53b0-278f-4e6e-afba-8fc2637a59b2.xls
"Nov 10, 2004",Form 4,Statement of Changes in Beneficial Ownership,https://ir.americanexpress.com/financials/earnings-and-sec-filings/sec-filings-details/default.aspx?FilingId=3273201,https://d18rn0p25nwr6d.cloudfront.net/CIK-0000004962/cc245a29-fdf0-4d10-9a36-c8560e8151c4.pdf,https://d18rn0p25nwr6d.cloudfront.net/CIK-0000004962/badd1443-94a5-4762-b1c4-9af371a48426.xls
"Nov 10, 2004",Form 4,Statement of Changes in Beneficial Ownership,https://ir.americanexpress.com/financials/earnings-and-sec-filings/sec-filings-details/default.aspx?FilingId=3273209,https://d18rn0p25nwr6d.cloudfront.net/CIK-0000004962/c8a8e559-6250-4171-979f-15fbafd42e18.pdf,https://d18rn0p25nwr6d.cloudfront.net/CIK-0000004962/54455d47-6639-4063-8ef3-3aa0833e4522.xls
"Nov 10, 2004",Form 4,Statement of Changes in Beneficial Ownership,https://ir.americanexpress.com/financials/earnings-and-sec-filings/sec-filings-details/default.aspx?FilingId=3273232,https://d18rn0p25nwr6d.cloudfront.net/CIK-0000004962/aca23253-eb33-4d84-93d2-d6c91e12a0ae.pdf,https://d18rn0p25nwr6d.cloudfront.net/CIK-0000004962/c1016833-51d1-40ad-b773-205384e25188.xls
"Nov 10, 2004",Form 4,Statement of Changes in Beneficial Ownership,https://ir.americanexpress.com/financials/earnings-and-sec-filings/sec-filings-details/default.aspx?FilingId=3273296,https://d18rn0p25nwr6d.cloudfront.net/CIK-0000004962/2ed7baa3-a2c5-4382-8262-2e161da90eeb.pdf,https://d18rn0p25nwr6d.cloudfront.net/CIK-0000004962/9cbe3766-063c-47eb-acfd-67278ead9860.xls
"Nov 08, 2004",Form 4,Statement of Changes in Beneficial Ownership,https://ir.americanexpress.com/financials/earnings-and-sec-filings/sec-filings-details/default.aspx?FilingId=3267412,https://d18rn0p25nwr6d.cloudfront.net/CIK-0000004962/d570bfa1-8f57-43dc-85d0-2253b97550e9.pdf,https://d18rn0p25nwr6d.cloudfront.net/CIK-0000004962/1e27be30-b8c6-426a-b694-d51033e6095f.xls
"Nov 08, 2004",Form 4,Statement of Changes in Beneficial Ownership,https://ir.americanexpress.com/financials/earnings-and-sec-filings/sec-filings-details/default.aspx?FilingId=3267437,https://d18rn0p25nwr6d.cloudfront.net/CIK-0000004962/437f9e5b-c57d-408e-8867-2da3ee5a7faa.pdf,https://d18rn0p25nwr6d.cloudfront.net/CIK-0000004962/bfafdae6-f33e-4469-83b4-22690726891c.xls
"Nov 05, 2004",Form 4,Statement of Changes in Beneficial Ownership,https://ir.americanexpress.com/financials/earnings-and-sec-filings/sec-filings-details/default.aspx?FilingId=3263735,https://d18rn0p25nwr6d.cloudfront.net/CIK-0000004962/23d9a74a-b3a1-4668-8b5a-b219d1dd5deb.pdf,https://d18rn0p25nwr6d.cloudfront.net/CIK-0000004962/ec581b0a-7a3b-4f0d-b52d-94936fef0807.xls
"Oct 29, 2004",Form 4,Statement of Changes in Beneficial Ownership,https://ir.americanexpress.com/financials/earnings-and-sec-filings/sec-filings-details/default.aspx?FilingId=3247863,https://d18rn0p25nwr6d.cloudfront.net/CIK-0000004962/f86be3a3-e02c-4d15-8e3c-09d02ccedf4e.pdf,https://d18rn0p25nwr6d.cloudfront.net/CIK-0000004962/eeff9b7e-3692-448d-a879-60b02fdfffc2.xls
"Oct 29, 2004",Form 4,Statement of Changes in Beneficial Ownership,https://ir.americanexpress.com/financials/earnings-and-sec-filings/sec-filings-details/default.aspx?FilingId=3247882,https://d18rn0p25nwr6d.cloudfront.net/CIK-0000004962/2a7eea23-617f-4205-b236-f831c41afc53.pdf,https://d18rn0p25nwr6d.cloudfront.net/CIK-0000004962/f23974ad-bad8-4397-affe-8b7dc27e7839.xls
"Oct 07, 2004",Form 4,Statement of Changes in Beneficial Ownership,https://ir.americanexpress.com/financials/earnings-and-sec-filings/sec-filings-details/default.aspx?FilingId=3215245,https://d18rn0p25nwr6d.cloudfront.net/CIK-0000004962/7edf15ea-f578-4bd3-a535-4bc246492d51.pdf,https://d18rn0p25nwr6d.cloudfront.net/CIK-0000004962/9bf4fcb2-187d-4a04-a8f4-cb10bee1e248.xls
"Oct 07, 2004",Form 4,Statement of Changes in Beneficial Ownership,https://ir.americanexpress.com/financials/earnings-and-sec-filings/sec-filings-details/default.aspx?FilingId=3215247,https://d18rn0p25nwr6d.cloudfront.net/CIK-0000004962/a5bb97c1-79b3-4446-9eac-7d5f8a5dab4b.pdf,https://d18rn0p25nwr6d.cloudfront.net/CIK-0000004962/b47aece9-c87a-4209-aa01-1593e0b42941.xls
"Oct 04, 2004",Form 4,Statement of Changes in Beneficial Ownership,https://ir.americanexpress.com/financials/earnings-and-sec-filings/sec-filings-details/default.aspx?FilingId=3207433,https://d18rn0p25nwr6d.cloudfront.net/CIK-0000004962/2b0271c7-8176-4cd6-9ec9-57cbef1a7b97.pdf,https://d18rn0p25nwr6d.cloudfront.net/CIK-0000004962/c4739f4d-16b2-49cd-9bbe-3bb9359209d1.xls
"Oct 04, 2004",Form 4,Statement of Changes in Beneficial Ownership,https://ir.americanexpress.com/financials/earnings-and-sec-filings/sec-filings-details/default.aspx?FilingId=3207457,https://d18rn0p25nwr6d.cloudfront.net/CIK-0000004962/4ac3d503-baef-4e57-be3e-474580596aa3.pdf,https://d18rn0p25nwr6d.cloudfront.net/CIK-0000004962/5a29bc9e-300e-408b-94aa-c2ca1266f0e6.xls
"Oct 04, 2004",Form 4,Statement of Changes in Beneficial Ownership,https://ir.americanexpress.com/financials/earnings-and-sec-filings/sec-filings-details/default.aspx?FilingId=3207482,https://d18rn0p25nwr6d.cloudfront.net/CIK-0000004962/5c9e472f-2d92-495a-99b5-fa9737c45086.pdf,https://d18rn0p25nwr6d.cloudfront.net/CIK-0000004962/1a4d3e30-e928-4b0e-abff-a5fc2a25ce5c.xls
"Oct 04, 2004",Form 4,Statement of Changes in Beneficial Ownership,https://ir.americanexpress.com/financials/earnings-and-sec-filings/sec-filings-details/default.aspx?FilingId=3207496,https://d18rn0p25nwr6d.cloudfront.net/CIK-0000004962/38744f63-dc3d-4110-845f-4ade196aa30d.pdf,https://d18rn0p25nwr6d.cloudfront.net/CIK-0000004962/043823cb-dfa2-47ee-b48c-ace5bedbff46.xls
"Oct 04, 2004",Form 4,Statement of Changes in Beneficial Ownership,https://ir.americanexpress.com/financials/earnings-and-sec-filings/sec-filings-details/default.aspx?FilingId=3207524,https://d18rn0p25nwr6d.cloudfront.net/CIK-0000004962/4c93b77b-1e7d-4859-befc-7611cdb172bf.pdf,https://d18rn0p25nwr6d.cloudfront.net/CIK-0000004962/7a4a61ef-c03d-48c7-a342-2353724f9246.xls
"Oct 04, 2004",Form 4,Statement of Changes in Beneficial Ownership,https://ir.americanexpress.com/financials/earnings-and-sec-filings/sec-filings-details/default.aspx?FilingId=3207553,https://d18rn0p25nwr6d.cloudfront.net/CIK-0000004962/0d6464d7-7116-4527-be5f-4246dfec0ef0.pdf,https://d18rn0p25nwr6d.cloudfront.net/CIK-0000004962/5f5b9f8e-6d08-45b0-a756-ff452d2e664f.xls
"Sep 14, 2004",Form 4,Statement of Changes in Beneficial Ownership,https://ir.americanexpress.com/financials/earnings-and-sec-filings/sec-filings-details/default.aspx?FilingId=3176919,https://d18rn0p25nwr6d.cloudfront.net/CIK-0000004962/fa97647c-a4d3-4542-920c-150398069d05.pdf,https://d18rn0p25nwr6d.cloudfront.net/CIK-0000004962/7db04bcd-36dd-4cbf-86bc-77325376ee5a.xls
"Aug 12, 2004",Form 4,Statement of Changes in Beneficial Ownership,https://ir.americanexpress.com/financials/earnings-and-sec-filings/sec-filings-details/default.aspx?FilingId=3119705,https://d18rn0p25nwr6d.cloudfront.net/CIK-0000004962/253e39df-5766-41be-b965-02976ee82433.pdf,https://d18rn0p25nwr6d.cloudfront.net/CIK-0000004962/416862c8-3b23-444d-80ec-eb76e19d88d1.xls
"Aug 05, 2004",Form 4,Statement of Changes in Beneficial Ownership,https://ir.americanexpress.com/financials/earnings-and-sec-filings/sec-filings-details/default.aspx?FilingId=3106129,https://d18rn0p25nwr6d.cloudfront.net/CIK-0000004962/d10f1342-c6b5-43ef-9286-955eb7e3783a.pdf,https://d18rn0p25nwr6d.cloudfront.net/CIK-0000004962/40a6c801-8b6b-44f0-9967-b05f5885d506.xls
"Jul 02, 2004",Form 4,Statement of Changes in Beneficial Ownership,https://ir.americanexpress.com/financials/earnings-and-sec-filings/sec-filings-details/default.aspx?FilingId=3052671,https://d18rn0p25nwr6d.cloudfront.net/CIK-0000004962/a2f2f5dc-779c-442d-b32f-bbea4b119da0.pdf,https://d18rn0p25nwr6d.cloudfront.net/CIK-0000004962/f0aa15fa-0b61-484b-9030-f60651f9a09e.xls
"Jul 02, 2004",Form 4,Statement of Changes in Beneficial Ownership,https://ir.americanexpress.com/financials/earnings-and-sec-filings/sec-filings-details/default.aspx?FilingId=3052901,https://d18rn0p25nwr6d.cloudfront.net/CIK-0000004962/42843605-d824-4d63-b6ac-8d80d9ef5a33.pdf,https://d18rn0p25nwr6d.cloudfront.net/CIK-0000004962/e5ce2f20-7f8d-40a2-96a7-ccac965fba18.xls
"Jul 02, 2004",Form 4,Statement of Changes in Beneficial Ownership,https://ir.americanexpress.com/financials/earnings-and-sec-filings/sec-filings-details/default.aspx?FilingId=3052931,https://d18rn0p25nwr6d.cloudfront.net/CIK-0000004962/faaf4235-2173-4116-b16a-ab4338dd5e80.pdf,https://d18rn0p25nwr6d.cloudfront.net/CIK-0000004962/1bba4fb5-d282-46e2-8f23-a12f9d33e8a7.xls
"Jul 02, 2004",Form 4,Statement of Changes in Beneficial Ownership,https://ir.americanexpress.com/financials/earnings-and-sec-filings/sec-filings-details/default.aspx?FilingId=3052953,https://d18rn0p25nwr6d.cloudfront.net/CIK-0000004962/8ef7ebe0-e05e-48d5-bda6-64eddb7d0282.pdf,https://d18rn0p25nwr6d.cloudfront.net/CIK-0000004962/835ec3d9-0e0b-4601-afda-cc3b45503ff6.xls
"Jul 02, 2004",Form 4,Statement of Changes in Beneficial Ownership,https://ir.americanexpress.com/financials/earnings-and-sec-filings/sec-filings-details/default.aspx?FilingId=3052968,https://d18rn0p25nwr6d.cloudfront.net/CIK-0000004962/fd7d8e7d-a6bf-4157-b83b-1cc418deabcb.pdf,https://d18rn0p25nwr6d.cloudfront.net/CIK-0000004962/64b47e52-96a8-4c61-9f1f-e396555bb00a.xls
"Jul 02, 2004",Form 4,Statement of Changes in Beneficial Ownership,https://ir.americanexpress.com/financials/earnings-and-sec-filings/sec-filings-details/default.aspx?FilingId=3053001,https://d18rn0p25nwr6d.cloudfront.net/CIK-0000004962/a1f95d78-bdfd-4eca-a7ee-80f6cff97d19.pdf,https://d18rn0p25nwr6d.cloudfront.net/CIK-0000004962/dc59dc27-680e-47f2-b892-d1e3fdcf6136.xls
"Jun 30, 2004",Form 4,Statement of Changes in Beneficial Ownership,https://ir.americanexpress.com/financials/earnings-and-sec-filings/sec-filings-details/default.aspx?FilingId=3044995,https://d18rn0p25nwr6d.cloudfront.net/CIK-0000004962/87b036af-88c6-4e88-8125-c6d6953baba4.pdf,https://d18rn0p25nwr6d.cloudfront.net/CIK-0000004962/cdb0a897-953e-4094-8dd6-c117fda8911e.xls
"Jun 23, 2004",Form 4,Statement of Changes in Beneficial Ownership,https://ir.americanexpress.com/financials/earnings-and-sec-filings/sec-filings-details/default.aspx?FilingId=3031914,https://d18rn0p25nwr6d.cloudfront.net/CIK-0000004962/d5ada071-cf33-4522-9bd8-d8a9ec349d22.pdf,https://d18rn0p25nwr6d.cloudfront.net/CIK-0000004962/011fcd78-b5b3-4aa1-9334-2a82457f0b37.xls
"May 27, 2004",Form 4,Statement of Changes in Beneficial Ownership,https://ir.americanexpress.com/financials/earnings-and-sec-filings/sec-filings-details/default.aspx?FilingId=2992540,https://d18rn0p25nwr6d.cloudfront.net/CIK-0000004962/cbb3cd7a-7720-403e-89e6-992f9a8d37ae.pdf,https://d18rn0p25nwr6d.cloudfront.net/CIK-0000004962/4ce52130-26ea-449b-8659-662e64d0eba5.xls
"May 12, 2004",Form 4,Statement of Changes in Beneficial Ownership,https://ir.americanexpress.com/financials/earnings-and-sec-filings/sec-filings-details/default.aspx?FilingId=2958318,https://d18rn0p25nwr6d.cloudfront.net/CIK-0000004962/6afd477f-c012-4fc9-820d-c54cbbca4980.pdf,https://d18rn0p25nwr6d.cloudfront.net/CIK-0000004962/3152e2cd-4442-413c-9b9e-0444c2543c24.xls
"Apr 30, 2004",Form 4,Statement of Changes in Beneficial Ownership,https://ir.americanexpress.com/financials/earnings-and-sec-filings/sec-filings-details/default.aspx?FilingId=2928829,https://d18rn0p25nwr6d.cloudfront.net/CIK-0000004962/55deb958-da37-4ff2-ac36-4e1f56544309.pdf,https://d18rn0p25nwr6d.cloudfront.net/CIK-0000004962/97505ced-89fb-4534-8d66-b65b7ab19550.xls
"Apr 28, 2004",Form 4,Statement of Changes in Beneficial Ownership,https://ir.americanexpress.com/financials/earnings-and-sec-filings/sec-filings-details/default.aspx?FilingId=2921427,https://d18rn0p25nwr6d.cloudfront.net/CIK-0000004962/d225c585-309a-40fb-8bc7-a5c7d6054467.pdf,https://d18rn0p25nwr6d.cloudfront.net/CIK-0000004962/e675b5f4-9720-4988-9245-5019c9b2feb3.xls
"Apr 28, 2004",Form 4,Statement of Changes in Beneficial Ownership,https://ir.americanexpress.com/financials/earnings-and-sec-filings/sec-filings-details/default.aspx?FilingId=2921459,https://d18rn0p25nwr6d.cloudfront.net/CIK-0000004962/0efd9c7c-c2a9-4263-99c9-f7cf85eacd55.pdf,https://d18rn0p25nwr6d.cloudfront.net/CIK-0000004962/50c4f20c-8025-4d62-a1e1-8f9830aa0cf8.xls
"Apr 28, 2004",Form 4,Statement of Changes in Beneficial Ownership,https://ir.americanexpress.com/financials/earnings-and-sec-filings/sec-filings-details/default.aspx?FilingId=2921743,https://d18rn0p25nwr6d.cloudfront.net/CIK-0000004962/64784d2d-9db7-4294-9d83-79233ae82853.pdf,https://d18rn0p25nwr6d.cloudfront.net/CIK-0000004962/a3926dae-3a49-4d63-9806-961c221a2d25.xls
"Apr 28, 2004",Form 4,Statement of Changes in Beneficial Ownership,https://ir.americanexpress.com/financials/earnings-and-sec-filings/sec-filings-details/default.aspx?FilingId=2921747,https://d18rn0p25nwr6d.cloudfront.net/CIK-0000004962/0b7aaf6d-d807-4d30-a744-33ef93e1cb60.pdf,https://d18rn0p25nwr6d.cloudfront.net/CIK-0000004962/2ba827ef-c3c1-4c6a-98ae-990f53a9adf9.xls
"Apr 28, 2004",Form 4,Statement of Changes in Beneficial Ownership,https://ir.americanexpress.com/financials/earnings-and-sec-filings/sec-filings-details/default.aspx?FilingId=2921764,https://d18rn0p25nwr6d.cloudfront.net/CIK-0000004962/fc6963d3-971b-4dbf-9051-ff01432e5fed.pdf,https://d18rn0p25nwr6d.cloudfront.net/CIK-0000004962/ae65d634-7a81-4084-8ca5-30e9cfa397a4.xls
"Apr 28, 2004",Form 4,Statement of Changes in Beneficial Ownership,https://ir.americanexpress.com/financials/earnings-and-sec-filings/sec-filings-details/default.aspx?FilingId=2921777,https://d18rn0p25nwr6d.cloudfront.net/CIK-0000004962/2620b8ff-c3de-4611-8c23-aa267573da6f.pdf,https://d18rn0p25nwr6d.cloudfront.net/CIK-0000004962/b50a2c11-fec6-4646-aeda-4db4f0bc9b2d.xls
"Apr 28, 2004",Form 4,Statement of Changes in Beneficial Ownership,https://ir.americanexpress.com/financials/earnings-and-sec-filings/sec-filings-details/default.aspx?FilingId=2921783,https://d18rn0p25nwr6d.cloudfront.net/CIK-0000004962/6126a35b-cca1-430f-89d9-7665778ae922.pdf,https://d18rn0p25nwr6d.cloudfront.net/CIK-0000004962/3b9a54c9-1419-4876-ae1a-d1a64ed5ccaa.xls
"Apr 28, 2004",Form 4,Statement of Changes in Beneficial Ownership,https://ir.americanexpress.com/financials/earnings-and-sec-filings/sec-filings-details/default.aspx?FilingId=2921801,https://d18rn0p25nwr6d.cloudfront.net/CIK-0000004962/9cd4f926-3ad4-4ae6-b999-969fd97b67fb.pdf,https://d18rn0p25nwr6d.cloudfront.net/CIK-0000004962/79622a84-d384-4903-b6e9-eac658e25956.xls
"Apr 28, 2004",Form 4,Statement of Changes in Beneficial Ownership,https://ir.americanexpress.com/financials/earnings-and-sec-filings/sec-filings-details/default.aspx?FilingId=2921805,https://d18rn0p25nwr6d.cloudfront.net/CIK-0000004962/dc3c1aab-eb94-41f5-873e-bf26d782186f.pdf,https://d18rn0p25nwr6d.cloudfront.net/CIK-0000004962/2c34ecb2-0f3c-401f-931f-0e12243c0161.xls
"Apr 28, 2004",Form 4,Statement of Changes in Beneficial Ownership,https://ir.americanexpress.com/financials/earnings-and-sec-filings/sec-filings-details/default.aspx?FilingId=2921822,https://d18rn0p25nwr6d.cloudfront.net/CIK-0000004962/6000acfc-0cb2-49b5-813d-c40751a7e024.pdf,https://d18rn0p25nwr6d.cloudfront.net/CIK-0000004962/dc0a0c89-7fc3-4272-9d52-f6ac58ccac3e.xls
"Apr 28, 2004",Form 4,Statement of Changes in Beneficial Ownership,https://ir.americanexpress.com/financials/earnings-and-sec-filings/sec-filings-details/default.aspx?FilingId=2923769,https://d18rn0p25nwr6d.cloudfront.net/CIK-0000004962/2b541d50-0a44-44d8-bd03-14ec340c1a7d.pdf,https://d18rn0p25nwr6d.cloudfront.net/CIK-0000004962/48e6ff93-ae8d-49c6-8ac4-316fc7fa0381.xls
"Apr 19, 2004",Form 4,Statement of Changes in Beneficial Ownership,https://ir.americanexpress.com/financials/earnings-and-sec-filings/sec-filings-details/default.aspx?FilingId=2903650,https://d18rn0p25nwr6d.cloudfront.net/CIK-0000004962/2b06242f-70bd-49a8-84c8-b798733e3ee8.pdf,https://d18rn0p25nwr6d.cloudfront.net/CIK-0000004962/07bad690-b369-4f59-9444-1f92e058b851.xls
"Apr 02, 2004",Form 4,Statement of Changes in Beneficial Ownership,https://ir.americanexpress.com/financials/earnings-and-sec-filings/sec-filings-details/default.aspx?FilingId=2876386,https://d18rn0p25nwr6d.cloudfront.net/CIK-0000004962/d27700bf-5984-45c0-9853-96a816d6e53f.pdf,https://d18rn0p25nwr6d.cloudfront.net/CIK-0000004962/c46e0e98-f807-4e8a-b869-8b7883c3b0de.xls
"Apr 02, 2004",Form 4,Statement of Changes in Beneficial Ownership,https://ir.americanexpress.com/financials/earnings-and-sec-filings/sec-filings-details/default.aspx?FilingId=2878142,https://d18rn0p25nwr6d.cloudfront.net/CIK-0000004962/847f9354-70b5-47cc-b06a-063ff0cda33d.pdf,https://d18rn0p25nwr6d.cloudfront.net/CIK-0000004962/1d1a4249-a42a-415f-b81d-84ca1410b409.xls
"Apr 02, 2004",Form 4,Statement of Changes in Beneficial Ownership,https://ir.americanexpress.com/financials/earnings-and-sec-filings/sec-filings-details/default.aspx?FilingId=2878160,https://d18rn0p25nwr6d.cloudfront.net/CIK-0000004962/d68c6ebb-dfef-4a78-adca-5c516ba0b201.pdf,https://d18rn0p25nwr6d.cloudfront.net/CIK-0000004962/6d7f347b-032b-4e4a-92a4-a5ee69e27c18.xls
"Apr 02, 2004",Form 4,Statement of Changes in Beneficial Ownership,https://ir.americanexpress.com/financials/earnings-and-sec-filings/sec-filings-details/default.aspx?FilingId=2878182,https://d18rn0p25nwr6d.cloudfront.net/CIK-0000004962/a250a2b1-39b0-4c07-ad41-fc7b87769667.pdf,https://d18rn0p25nwr6d.cloudfront.net/CIK-0000004962/c1c7b572-76bb-4637-82f3-bb3e9128638e.xls
"Apr 02, 2004",Form 4,Statement of Changes in Beneficial Ownership,https://ir.americanexpress.com/financials/earnings-and-sec-filings/sec-filings-details/default.aspx?FilingId=2878223,https://d18rn0p25nwr6d.cloudfront.net/CIK-0000004962/69192962-f2a4-4f5d-b96c-b3fab2121d31.pdf,https://d18rn0p25nwr6d.cloudfront.net/CIK-0000004962/cd818f1e-609a-4bfc-a2a7-2d80dd7f0ff7.xls
"Apr 02, 2004",Form 4,Statement of Changes in Beneficial Ownership,https://ir.americanexpress.com/financials/earnings-and-sec-filings/sec-filings-details/default.aspx?FilingId=2878245,https://d18rn0p25nwr6d.cloudfront.net/CIK-0000004962/8b712301-dcbf-4927-b27e-5e2db1f88b03.pdf,https://d18rn0p25nwr6d.cloudfront.net/CIK-0000004962/a80f47cd-c743-4114-abeb-91959c36608d.xls
"Mar 26, 2004",Form 4,Statement of Changes in Beneficial Ownership,https://ir.americanexpress.com/financials/earnings-and-sec-filings/sec-filings-details/default.aspx?FilingId=2858058,https://d18rn0p25nwr6d.cloudfront.net/CIK-0000004962/a2b9f11b-6f67-4799-a322-1afd3672b7cf.pdf,https://d18rn0p25nwr6d.cloudfront.net/CIK-0000004962/ee2c6601-aa0c-4e8d-b861-cb15b3687d26.xls
"Mar 22, 2004",Form 4,Statement of Changes in Beneficial Ownership,https://ir.americanexpress.com/financials/earnings-and-sec-filings/sec-filings-details/default.aspx?FilingId=2845101,https://d18rn0p25nwr6d.cloudfront.net/CIK-0000004962/6c3a6620-014a-40c7-83ce-f517287fc667.pdf,https://d18rn0p25nwr6d.cloudfront.net/CIK-0000004962/a4f10c22-16af-4304-88d8-f717c977e620.xls
"Mar 22, 2004",Form 4,Statement of Changes in Beneficial Ownership,https://ir.americanexpress.com/financials/earnings-and-sec-filings/sec-filings-details/default.aspx?FilingId=2845767,https://d18rn0p25nwr6d.cloudfront.net/CIK-0000004962/f3ee2656-5938-4893-82d6-bba7434ee552.pdf,https://d18rn0p25nwr6d.cloudfront.net/CIK-0000004962/94c25fd2-86f6-426a-88a5-095010a60967.xls
"Mar 19, 2004",Form 4,Statement of Changes in Beneficial Ownership,https://ir.americanexpress.com/financials/earnings-and-sec-filings/sec-filings-details/default.aspx?FilingId=2843306,https://d18rn0p25nwr6d.cloudfront.net/CIK-0000004962/c9bf5844-8d21-4a33-a651-2a1b91ec8afd.pdf,https://d18rn0p25nwr6d.cloudfront.net/CIK-0000004962/e2f6b880-80ca-4161-98e7-9a6d1077d454.xls
"Mar 02, 2004",Form 4,Statement of Changes in Beneficial Ownership,https://ir.americanexpress.com/financials/earnings-and-sec-filings/sec-filings-details/default.aspx?FilingId=2805110,https://d18rn0p25nwr6d.cloudfront.net/CIK-0000004962/0c05a414-f3d9-4926-8421-2dff8c8af8ff.pdf,https://d18rn0p25nwr6d.cloudfront.net/CIK-0000004962/eadad7bb-e2eb-4824-a62b-42b934dd20df.xls
"Feb 27, 2004",Form 4,Statement of Changes in Beneficial Ownership,https://ir.americanexpress.com/financials/earnings-and-sec-filings/sec-filings-details/default.aspx?FilingId=2797250,https://d18rn0p25nwr6d.cloudfront.net/CIK-0000004962/8d103929-35eb-436b-b329-866fce109d67.pdf,https://d18rn0p25nwr6d.cloudfront.net/CIK-0000004962/c0e2e10d-4833-431e-bc53-dcbbd8fd8630.xls
"Feb 26, 2004",Form 4,Statement of Changes in Beneficial Ownership,https://ir.americanexpress.com/financials/earnings-and-sec-filings/sec-filings-details/default.aspx?FilingId=2793799,https://d18rn0p25nwr6d.cloudfront.net/CIK-0000004962/1e22610f-c1d8-4caf-9a54-50ee174f510e.pdf,https://d18rn0p25nwr6d.cloudfront.net/CIK-0000004962/444a213c-c6f9-473e-8fc3-7c5297449514.xls
"Feb 25, 2004",Form 4,Statement of Changes in Beneficial Ownership,https://ir.americanexpress.com/financials/earnings-and-sec-filings/sec-filings-details/default.aspx?FilingId=2791023,https://d18rn0p25nwr6d.cloudfront.net/CIK-0000004962/cade363d-51f4-4263-8037-e778c787dc7e.pdf,https://d18rn0p25nwr6d.cloudfront.net/CIK-0000004962/df4e3b01-9615-4d53-8c42-b33265059b92.xls
"Feb 24, 2004",Form 4,Statement of Changes in Beneficial Ownership,https://ir.americanexpress.com/financials/earnings-and-sec-filings/sec-filings-details/default.aspx?FilingId=2788218,https://d18rn0p25nwr6d.cloudfront.net/CIK-0000004962/cbe9682f-d4d1-4de3-9e76-441698c35a39.pdf,https://d18rn0p25nwr6d.cloudfront.net/CIK-0000004962/2090bd86-e91d-4e1a-a82c-d6add3d39063.xls
"Feb 24, 2004",Form 4,Statement of Changes in Beneficial Ownership,https://ir.americanexpress.com/financials/earnings-and-sec-filings/sec-filings-details/default.aspx?FilingId=2788234,https://d18rn0p25nwr6d.cloudfront.net/CIK-0000004962/648abb70-6763-4d96-81fe-1d84a9033c52.pdf,https://d18rn0p25nwr6d.cloudfront.net/CIK-0000004962/59303f84-a479-4669-9d98-f05254c530b6.xls
"Feb 24, 2004",Form 4,Statement of Changes in Beneficial Ownership,https://ir.americanexpress.com/financials/earnings-and-sec-filings/sec-filings-details/default.aspx?FilingId=2788251,https://d18rn0p25nwr6d.cloudfront.net/CIK-0000004962/4e7ad54f-100d-48ab-974e-7207d35d9014.pdf,https://d18rn0p25nwr6d.cloudfront.net/CIK-0000004962/f488b1f9-2470-4f2d-8e32-fabb8438611c.xls
"Feb 24, 2004",Form 4,Statement of Changes in Beneficial Ownership,https://ir.americanexpress.com/financials/earnings-and-sec-filings/sec-filings-details/default.aspx?FilingId=2788256,https://d18rn0p25nwr6d.cloudfront.net/CIK-0000004962/bef212bb-9b7e-4665-accc-c218df11ea9a.pdf,https://d18rn0p25nwr6d.cloudfront.net/CIK-0000004962/6ec4e51b-1e60-4131-b029-61ed0dd2df37.xls
"Feb 24, 2004",Form 4,Statement of Changes in Beneficial Ownership,https://ir.americanexpress.com/financials/earnings-and-sec-filings/sec-filings-details/default.aspx?FilingId=2788275,https://d18rn0p25nwr6d.cloudfront.net/CIK-0000004962/0bd2d382-bcda-4ef3-a679-fd7bb197c6df.pdf,https://d18rn0p25nwr6d.cloudfront.net/CIK-0000004962/72fa89c6-8423-4cf1-8040-c2c43428c3c0.xls
"Feb 24, 2004",Form 4,Statement of Changes in Beneficial Ownership,https://ir.americanexpress.com/financials/earnings-and-sec-filings/sec-filings-details/default.aspx?FilingId=2788288,https://d18rn0p25nwr6d.cloudfront.net/CIK-0000004962/57e55601-fa26-483f-a359-16cfd30f3261.pdf,https://d18rn0p25nwr6d.cloudfront.net/CIK-0000004962/01418352-32cd-4b4c-b914-3ec71b069eca.xls
"Feb 24, 2004",Form 4,Statement of Changes in Beneficial Ownership,https://ir.americanexpress.com/financials/earnings-and-sec-filings/sec-filings-details/default.aspx?FilingId=2788293,https://d18rn0p25nwr6d.cloudfront.net/CIK-0000004962/787cd7c5-3079-42f8-b6d0-b5568d51bfcb.pdf,https://d18rn0p25nwr6d.cloudfront.net/CIK-0000004962/15d8983e-328b-4b49-98e1-158a716ccfdb.xls
"Feb 17, 2004",Form 4,Statement of Changes in Beneficial Ownership,https://ir.americanexpress.com/financials/earnings-and-sec-filings/sec-filings-details/default.aspx?FilingId=2772926,https://d18rn0p25nwr6d.cloudfront.net/CIK-0000004962/d58fd13a-5ede-4186-9918-5ff83dfae1d7.pdf,https://d18rn0p25nwr6d.cloudfront.net/CIK-0000004962/f99a7a37-273f-4e37-909f-eda44f6671ea.xls
"Feb 13, 2004",Form 4,Statement of Changes in Beneficial Ownership,https://ir.americanexpress.com/financials/earnings-and-sec-filings/sec-filings-details/default.aspx?FilingId=2764590,https://d18rn0p25nwr6d.cloudfront.net/CIK-0000004962/f3ad73cd-6ebe-4ecc-b154-3e70e34df02b.pdf,https://d18rn0p25nwr6d.cloudfront.net/CIK-0000004962/532dde1e-7372-4cb8-a7d3-e4ab7ccdadf8.xls
"Feb 12, 2004",Form 5,Annual Statement of Changes in Beneficial Ownership,https://ir.americanexpress.com/financials/earnings-and-sec-filings/sec-filings-details/default.aspx?FilingId=2758708,https://d18rn0p25nwr6d.cloudfront.net/CIK-0000004962/c006f300-8046-4fa3-81b3-877cd4848d70.pdf,https://d18rn0p25nwr6d.cloudfront.net/CIK-0000004962/1d3cc2c0-57ea-4b1a-b8de-18f56dd33bb9.xls
"Feb 09, 2004",Form 4,Statement of Changes in Beneficial Ownership,https://ir.americanexpress.com/financials/earnings-and-sec-filings/sec-filings-details/default.aspx?FilingId=2742616,https://d18rn0p25nwr6d.cloudfront.net/CIK-0000004962/2c05f093-2fa4-4358-a6b8-e28855d22b95.pdf,https://d18rn0p25nwr6d.cloudfront.net/CIK-0000004962/928ddc43-ee11-4c40-84fb-57cde80c1cad.xls
"Feb 04, 2004",Form 4,Statement of Changes in Beneficial Ownership,https://ir.americanexpress.com/financials/earnings-and-sec-filings/sec-filings-details/default.aspx?FilingId=2733755,https://d18rn0p25nwr6d.cloudfront.net/CIK-0000004962/8ac1d3a4-745b-4ec9-932e-d07f7ccb092c.pdf,https://d18rn0p25nwr6d.cloudfront.net/CIK-0000004962/6ccc17b5-5c24-4397-a494-91c68080bf18.xls
"Feb 03, 2004",Form 4,Statement of Changes in Beneficial Ownership,https://ir.americanexpress.com/financials/earnings-and-sec-filings/sec-filings-details/default.aspx?FilingId=2729132,https://d18rn0p25nwr6d.cloudfront.net/CIK-0000004962/99a02836-bb8d-4a44-b832-398b856b8135.pdf,https://d18rn0p25nwr6d.cloudfront.net/CIK-0000004962/f16bff85-b235-4912-b048-7ca2017c714d.xls
"Feb 03, 2004",Form 4,Statement of Changes in Beneficial Ownership,https://ir.americanexpress.com/financials/earnings-and-sec-filings/sec-filings-details/default.aspx?FilingId=2729393,https://d18rn0p25nwr6d.cloudfront.net/CIK-0000004962/8bed5dec-59c6-47d3-a7f8-80d7faa2294a.pdf,https://d18rn0p25nwr6d.cloudfront.net/CIK-0000004962/7cebffdc-1951-4137-94cf-b68041d095fa.xls
"Feb 03, 2004",Form 4,Statement of Changes in Beneficial Ownership,https://ir.americanexpress.com/financials/earnings-and-sec-filings/sec-filings-details/default.aspx?FilingId=2729794,https://d18rn0p25nwr6d.cloudfront.net/CIK-0000004962/7ad71c97-98a0-43ff-9ef2-20231f7d7feb.pdf,https://d18rn0p25nwr6d.cloudfront.net/CIK-0000004962/9274cb40-974c-430b-81c3-a5041e8ae502.xls
"Feb 02, 2004",Form 4,Statement of Changes in Beneficial Ownership,https://ir.americanexpress.com/financials/earnings-and-sec-filings/sec-filings-details/default.aspx?FilingId=2726500,https://d18rn0p25nwr6d.cloudfront.net/CIK-0000004962/ec3de25f-622e-49b4-b743-39b06ea792e7.pdf,https://d18rn0p25nwr6d.cloudfront.net/CIK-0000004962/c8d16263-6b8e-450e-b4af-97db43e275db.xls
"Feb 02, 2004",Form 4,Statement of Changes in Beneficial Ownership,https://ir.americanexpress.com/financials/earnings-and-sec-filings/sec-filings-details/default.aspx?FilingId=2726570,https://d18rn0p25nwr6d.cloudfront.net/CIK-0000004962/c5fb4e30-149c-4750-ad44-71c0f0a714ce.pdf,https://d18rn0p25nwr6d.cloudfront.net/CIK-0000004962/28435c26-194b-4ffa-a161-3a1bbb397007.xls
"Feb 02, 2004",Form 4,Statement of Changes in Beneficial Ownership,https://ir.americanexpress.com/financials/earnings-and-sec-filings/sec-filings-details/default.aspx?FilingId=2726594,https://d18rn0p25nwr6d.cloudfront.net/CIK-0000004962/27456612-cf20-4b6f-8dce-11b032141ac7.pdf,https://d18rn0p25nwr6d.cloudfront.net/CIK-0000004962/011363f2-9fc6-40af-9c10-fb009ef71fba.xls
"Jan 28, 2004",Form 4,Statement of Changes in Beneficial Ownership,https://ir.americanexpress.com/financials/earnings-and-sec-filings/sec-filings-details/default.aspx?FilingId=2714526,https://d18rn0p25nwr6d.cloudfront.net/CIK-0000004962/4bcb63bc-90a5-4187-8a55-41bf83a8849a.pdf,https://d18rn0p25nwr6d.cloudfront.net/CIK-0000004962/be7a50a2-541e-4779-a3ad-79c900bc66ce.xls
"Jan 28, 2004",Form 4,Statement of Changes in Beneficial Ownership,https://ir.americanexpress.com/financials/earnings-and-sec-filings/sec-filings-details/default.aspx?FilingId=2714528,https://d18rn0p25nwr6d.cloudfront.net/CIK-0000004962/4fe0499c-c4ec-4418-a77d-444fe7dacbf1.pdf,https://d18rn0p25nwr6d.cloudfront.net/CIK-0000004962/a62ac5ec-b5b6-4f6c-9071-85568f9a0597.xls
"Jan 28, 2004",Form 4,Statement of Changes in Beneficial Ownership,https://ir.americanexpress.com/financials/earnings-and-sec-filings/sec-filings-details/default.aspx?FilingId=2714531,https://d18rn0p25nwr6d.cloudfront.net/CIK-0000004962/beb96ef5-b55c-4788-959d-56d673e6b512.pdf,https://d18rn0p25nwr6d.cloudfront.net/CIK-0000004962/d4c04f95-d87e-42d8-a09d-7e529da6a359.xls
"Jan 28, 2004",Form 4,Statement of Changes in Beneficial Ownership,https://ir.americanexpress.com/financials/earnings-and-sec-filings/sec-filings-details/default.aspx?FilingId=2714533,https://d18rn0p25nwr6d.cloudfront.net/CIK-0000004962/0f3218c2-2077-4cfc-82ea-df80fa3f4189.pdf,https://d18rn0p25nwr6d.cloudfront.net/CIK-0000004962/e16eacd9-4e53-4c24-9045-ba68797ca539.xls
"Jan 28, 2004",Form 4,Statement of Changes in Beneficial Ownership,https://ir.americanexpress.com/financials/earnings-and-sec-filings/sec-filings-details/default.aspx?FilingId=2714535,https://d18rn0p25nwr6d.cloudfront.net/CIK-0000004962/15009da5-f419-4e57-90bb-a9512e93cfb5.pdf,https://d18rn0p25nwr6d.cloudfront.net/CIK-0000004962/c9aded94-6ef5-41b8-83da-5cf192f99767.xls
"Jan 28, 2004",Form 4,Statement of Changes in Beneficial Ownership,https://ir.americanexpress.com/financials/earnings-and-sec-filings/sec-filings-details/default.aspx?FilingId=2714537,https://d18rn0p25nwr6d.cloudfront.net/CIK-0000004962/35a4485c-98ab-4666-af5a-502a2eeba646.pdf,https://d18rn0p25nwr6d.cloudfront.net/CIK-0000004962/fe45bfb5-7cc9-4976-912c-5e2e5244c702.xls
"Jan 28, 2004",Form 4,Statement of Changes in Beneficial Ownership,https://ir.americanexpress.com/financials/earnings-and-sec-filings/sec-filings-details/default.aspx?FilingId=2714540,https://d18rn0p25nwr6d.cloudfront.net/CIK-0000004962/2709a3ef-a6db-4fb4-b9c0-d6a0a87aceb4.pdf,https://d18rn0p25nwr6d.cloudfront.net/CIK-0000004962/bf9cb300-0db1-4fe2-a725-5b2ffbb63b3f.xls
"Jan 28, 2004",Form 4,Statement of Changes in Beneficial Ownership,https://ir.americanexpress.com/financials/earnings-and-sec-filings/sec-filings-details/default.aspx?FilingId=2714542,https://d18rn0p25nwr6d.cloudfront.net/CIK-0000004962/5a1d590d-11e4-4289-8e6e-e48a456f6d68.pdf,https://d18rn0p25nwr6d.cloudfront.net/CIK-0000004962/b7eeb724-fadd-4d1e-a571-49c2e7bc6b8d.xls
"Jan 28, 2004",Form 4,Statement of Changes in Beneficial Ownership,https://ir.americanexpress.com/financials/earnings-and-sec-filings/sec-filings-details/default.aspx?FilingId=2715024,https://d18rn0p25nwr6d.cloudfront.net/CIK-0000004962/43a940d2-e331-4c30-bbc1-9acab0d5670b.pdf,https://d18rn0p25nwr6d.cloudfront.net/CIK-0000004962/d7e36be2-96a5-4a96-9ec8-0d2a3dfa915c.xls
"Jan 28, 2004",Form 4,Statement of Changes in Beneficial Ownership,https://ir.americanexpress.com/financials/earnings-and-sec-filings/sec-filings-details/default.aspx?FilingId=2715031,https://d18rn0p25nwr6d.cloudfront.net/CIK-0000004962/1cabb013-0cad-41a7-bece-3977b2d1106f.pdf,https://d18rn0p25nwr6d.cloudfront.net/CIK-0000004962/60a27b13-03f7-4643-80fe-8c1840a039aa.xls
"Jan 28, 2004",Form 4,Statement of Changes in Beneficial Ownership,https://ir.americanexpress.com/financials/earnings-and-sec-filings/sec-filings-details/default.aspx?FilingId=2715053,https://d18rn0p25nwr6d.cloudfront.net/CIK-0000004962/80d8d86b-a241-4910-ba45-1c60edab91b3.pdf,https://d18rn0p25nwr6d.cloudfront.net/CIK-0000004962/c7500e72-1c13-4c59-8413-c93e236ec9e9.xls
"Jan 28, 2004",Form 4,Statement of Changes in Beneficial Ownership,https://ir.americanexpress.com/financials/earnings-and-sec-filings/sec-filings-details/default.aspx?FilingId=2715057,https://d18rn0p25nwr6d.cloudfront.net/CIK-0000004962/544378ba-a506-4b80-aeca-15a6d57b1312.pdf,https://d18rn0p25nwr6d.cloudfront.net/CIK-0000004962/43604eac-9957-45d3-8b61-a8e7ebe59b0e.xls
"Jan 28, 2004",Form 4,Statement of Changes in Beneficial Ownership,https://ir.americanexpress.com/financials/earnings-and-sec-filings/sec-filings-details/default.aspx?FilingId=2715082,https://d18rn0p25nwr6d.cloudfront.net/CIK-0000004962/ffc09f50-185d-4f89-aba9-f0520146a601.pdf,https://d18rn0p25nwr6d.cloudfront.net/CIK-0000004962/382f5e2c-bba7-49b9-9861-6498e7a41c1b.xls
"Jan 28, 2004",Form 4,Statement of Changes in Beneficial Ownership,https://ir.americanexpress.com/financials/earnings-and-sec-filings/sec-filings-details/default.aspx?FilingId=2715149,https://d18rn0p25nwr6d.cloudfront.net/CIK-0000004962/4f228aa5-3681-4e3c-ad84-f95148008379.pdf,https://d18rn0p25nwr6d.cloudfront.net/CIK-0000004962/dc52ec6d-e56e-4646-811b-e761405e84da.xls
"Jan 28, 2004",Form 4,Statement of Changes in Beneficial Ownership,https://ir.americanexpress.com/financials/earnings-and-sec-filings/sec-filings-details/default.aspx?FilingId=2717071,https://d18rn0p25nwr6d.cloudfront.net/CIK-0000004962/09de51ab-e3b5-4219-b00c-4539fa5b64bf.pdf,https://d18rn0p25nwr6d.cloudfront.net/CIK-0000004962/8953fc04-4121-477d-b84c-3fb105eb2582.xls
"Jan 28, 2004",Form 4,Statement of Changes in Beneficial Ownership,https://ir.americanexpress.com/financials/earnings-and-sec-filings/sec-filings-details/default.aspx?FilingId=2717073,https://d18rn0p25nwr6d.cloudfront.net/CIK-0000004962/59a7ca8e-5c3c-415f-9625-c34b015735cf.pdf,https://d18rn0p25nwr6d.cloudfront.net/CIK-0000004962/495df6b4-1f69-49f1-8d08-e5d143682c19.xls
"Jan 28, 2004",Form 4,Statement of Changes in Beneficial Ownership,https://ir.americanexpress.com/financials/earnings-and-sec-filings/sec-filings-details/default.aspx?FilingId=2717074,https://d18rn0p25nwr6d.cloudfront.net/CIK-0000004962/cc86aba3-1247-426b-98db-cedd378288b4.pdf,https://d18rn0p25nwr6d.cloudfront.net/CIK-0000004962/af4f82e8-e625-44ae-800e-21da68eaecf3.xls
"Jan 28, 2004",Form 4,Statement of Changes in Beneficial Ownership,https://ir.americanexpress.com/financials/earnings-and-sec-filings/sec-filings-details/default.aspx?FilingId=2717077,https://d18rn0p25nwr6d.cloudfront.net/CIK-0000004962/774d0aec-6dcf-420b-8363-5f631aa81841.pdf,https://d18rn0p25nwr6d.cloudfront.net/CIK-0000004962/78871f66-46fe-48c3-91a0-267cadc853ad.xls
"Jan 28, 2004",Form 4,Statement of Changes in Beneficial Ownership,https://ir.americanexpress.com/financials/earnings-and-sec-filings/sec-filings-details/default.aspx?FilingId=2717078,https://d18rn0p25nwr6d.cloudfront.net/CIK-0000004962/7a6c0529-7d27-4156-9c5d-d7a385b68854.pdf,https://d18rn0p25nwr6d.cloudfront.net/CIK-0000004962/432da811-b2ca-4a0b-adb2-762780ce731b.xls
"Jan 26, 2004",Form 3,Initial Statement of Beneficial Ownership,https://ir.americanexpress.com/financials/earnings-and-sec-filings/sec-filings-details/default.aspx?FilingId=2710746,https://d18rn0p25nwr6d.cloudfront.net/CIK-0000004962/8e3d0525-6d2b-46f9-a971-6c52e8752881.pdf,https://d18rn0p25nwr6d.cloudfront.net/CIK-0000004962/99b3ef99-dcb1-4302-a76a-23730cb59907.xls
"Jan 05, 2004",Form 4,Statement of Changes in Beneficial Ownership,https://ir.americanexpress.com/financials/earnings-and-sec-filings/sec-filings-details/default.aspx?FilingId=2671736,https://d18rn0p25nwr6d.cloudfront.net/CIK-0000004962/d4141000-204d-4cc3-ada7-df636281fe0e.pdf,https://d18rn0p25nwr6d.cloudfront.net/CIK-0000004962/1e5486c5-2ce8-4cde-ac01-e348e172ab33.xls
"Jan 05, 2004",Form 4,Statement of Changes in Beneficial Ownership,https://ir.americanexpress.com/financials/earnings-and-sec-filings/sec-filings-details/default.aspx?FilingId=2671754,https://d18rn0p25nwr6d.cloudfront.net/CIK-0000004962/2eb780dc-2cc6-4838-8ce9-dbaacd03feaa.pdf,https://d18rn0p25nwr6d.cloudfront.net/CIK-0000004962/bf45de55-2eab-4932-b3dd-4e1645cf75df.xls
"Jan 05, 2004",Form 4,Statement of Changes in Beneficial Ownership,https://ir.americanexpress.com/financials/earnings-and-sec-filings/sec-filings-details/default.aspx?FilingId=2671925,https://d18rn0p25nwr6d.cloudfront.net/CIK-0000004962/46806c64-21e9-4091-ac3f-446e1f1584a8.pdf,https://d18rn0p25nwr6d.cloudfront.net/CIK-0000004962/cee95f7a-0a83-4048-ab06-f7ddf9b88f81.xls
"Jan 05, 2004",Form 4,Statement of Changes in Beneficial Ownership,https://ir.americanexpress.com/financials/earnings-and-sec-filings/sec-filings-details/default.aspx?FilingId=2671952,https://d18rn0p25nwr6d.cloudfront.net/CIK-0000004962/69aa0b47-4372-49fd-80d5-b1f6f150d56e.pdf,https://d18rn0p25nwr6d.cloudfront.net/CIK-0000004962/990e629b-9049-43bf-8563-3f57768b48da.xls
"Jan 05, 2004",Form 4,Statement of Changes in Beneficial Ownership,https://ir.americanexpress.com/financials/earnings-and-sec-filings/sec-filings-details/default.aspx?FilingId=2671960,https://d18rn0p25nwr6d.cloudfront.net/CIK-0000004962/d2fbb250-c832-4cae-8aeb-a33592502351.pdf,https://d18rn0p25nwr6d.cloudfront.net/CIK-0000004962/ac61d34f-db11-4a1e-8750-698a4131d7e6.xls
"Dec 29, 2003",Form 4,Statement of Changes in Beneficial Ownership,https://ir.americanexpress.com/financials/earnings-and-sec-filings/sec-filings-details/default.aspx?FilingId=2662727,https://d18rn0p25nwr6d.cloudfront.net/CIK-0000004962/09adb534-b3be-4294-b44c-38c637320acb.pdf,https://d18rn0p25nwr6d.cloudfront.net/CIK-0000004962/7eb4050c-7a73-414b-9579-bc5e6b3c2be4.xls
"Dec 23, 2003",Form 4,Statement of Changes in Beneficial Ownership,https://ir.americanexpress.com/financials/earnings-and-sec-filings/sec-filings-details/default.aspx?FilingId=2657918,https://d18rn0p25nwr6d.cloudfront.net/CIK-0000004962/70e8f039-9c05-4f09-b6e2-f43ece402b32.pdf,https://d18rn0p25nwr6d.cloudfront.net/CIK-0000004962/158a2091-d57d-4587-aa3f-2a599a4a5044.xls
"Dec 23, 2003",Form 3,Initial Statement of Beneficial Ownership,https://ir.americanexpress.com/financials/earnings-and-sec-filings/sec-filings-details/default.aspx?FilingId=2658677,https://d18rn0p25nwr6d.cloudfront.net/CIK-0000004962/4f25b3cd-c19a-49b3-af30-cd50361b7443.pdf,https://d18rn0p25nwr6d.cloudfront.net/CIK-0000004962/df1f9936-96a9-409c-ba76-cec48adc9e31.xls
"Dec 23, 2003",Form 4,Statement of Changes in Beneficial Ownership,https://ir.americanexpress.com/financials/earnings-and-sec-filings/sec-filings-details/default.aspx?FilingId=2659157,https://d18rn0p25nwr6d.cloudfront.net/CIK-0000004962/cb9a00b4-a50f-44c1-92d7-3fab2537c1fe.pdf,https://d18rn0p25nwr6d.cloudfront.net/CIK-0000004962/a4d4df57-8c1d-43c0-a1bc-2990362a627a.xls
"Dec 10, 2003",Form 4,Statement of Changes in Beneficial Ownership,https://ir.americanexpress.com/financials/earnings-and-sec-filings/sec-filings-details/default.aspx?FilingId=2635626,https://d18rn0p25nwr6d.cloudfront.net/CIK-0000004962/28ac6781-fa00-400a-a538-9bfff366e097.pdf,https://d18rn0p25nwr6d.cloudfront.net/CIK-0000004962/7f033405-dea7-4d8c-9fa7-1b20087c362b.xls
"Nov 19, 2003",Form 4,Statement of Changes in Beneficial Ownership,https://ir.americanexpress.com/financials/earnings-and-sec-filings/sec-filings-details/default.aspx?FilingId=2602855,https://d18rn0p25nwr6d.cloudfront.net/CIK-0000004962/de38defa-3986-4d7f-8ab5-8ec5f0b18706.pdf,https://d18rn0p25nwr6d.cloudfront.net/CIK-0000004962/ef3b8209-3e62-4c50-9263-e24840a1d5d3.xls
"Nov 07, 2003",Form 4,Statement of Changes in Beneficial Ownership,https://ir.americanexpress.com/financials/earnings-and-sec-filings/sec-filings-details/default.aspx?FilingId=2575286,https://d18rn0p25nwr6d.cloudfront.net/CIK-0000004962/2be18b3a-0f41-4597-9c4a-9f3d5d62640f.pdf,https://d18rn0p25nwr6d.cloudfront.net/CIK-0000004962/e8586186-684c-47b7-ae83-07857c9793a0.xls
"Nov 07, 2003",Form 4,Statement of Changes in Beneficial Ownership,https://ir.americanexpress.com/financials/earnings-and-sec-filings/sec-filings-details/default.aspx?FilingId=2575302,https://d18rn0p25nwr6d.cloudfront.net/CIK-0000004962/f7a06ac5-bb0f-49ca-8cb3-5b205b517ae2.pdf,https://d18rn0p25nwr6d.cloudfront.net/CIK-0000004962/0fd7b0ef-d0b2-445a-9c71-2962cdb00973.xls
"Oct 02, 2003",Form 4,Statement of Changes in Beneficial Ownership,https://ir.americanexpress.com/financials/earnings-and-sec-filings/sec-filings-details/default.aspx?FilingId=2519431,https://d18rn0p25nwr6d.cloudfront.net/CIK-0000004962/98815fe7-cb79-4903-aa65-8ebc053f972e.pdf,https://d18rn0p25nwr6d.cloudfront.net/CIK-0000004962/a38e68a8-8968-4075-b75c-90496cc70f20.xls
"Oct 02, 2003",Form 4,Statement of Changes in Beneficial Ownership,https://ir.americanexpress.com/financials/earnings-and-sec-filings/sec-filings-details/default.aspx?FilingId=2519486,https://d18rn0p25nwr6d.cloudfront.net/CIK-0000004962/a5fcf62f-c45b-4cbc-9c2d-2e4e3d7ba1ca.pdf,https://d18rn0p25nwr6d.cloudfront.net/CIK-0000004962/d91e82d8-75c7-47b9-a393-342dcacdf7dc.xls
"Oct 02, 2003",Form 4,Statement of Changes in Beneficial Ownership,https://ir.americanexpress.com/financials/earnings-and-sec-filings/sec-filings-details/default.aspx?FilingId=2519568,https://d18rn0p25nwr6d.cloudfront.net/CIK-0000004962/8b6645b2-5e59-44a8-b704-5d940a46375c.pdf,https://d18rn0p25nwr6d.cloudfront.net/CIK-0000004962/1c8b05ed-ad2d-4908-8902-319a016d4795.xls
"Oct 02, 2003",Form 4,Statement of Changes in Beneficial Ownership,https://ir.americanexpress.com/financials/earnings-and-sec-filings/sec-filings-details/default.aspx?FilingId=2519576,https://d18rn0p25nwr6d.cloudfront.net/CIK-0000004962/688d7488-aa93-46a0-81ea-3c8bb15279c7.pdf,https://d18rn0p25nwr6d.cloudfront.net/CIK-0000004962/1e44dea3-7386-47ce-babb-f1d77744394a.xls
"Oct 02, 2003",Form 4,Statement of Changes in Beneficial Ownership,https://ir.americanexpress.com/financials/earnings-and-sec-filings/sec-filings-details/default.aspx?FilingId=2519658,https://d18rn0p25nwr6d.cloudfront.net/CIK-0000004962/9c58a66d-6838-4c22-9f82-88431b76beac.pdf,https://d18rn0p25nwr6d.cloudfront.net/CIK-0000004962/9c84d8f6-bd5d-46b8-9cc0-3f2d7e1ee509.xls
"Sep 25, 2003",Form 4,Statement of Changes in Beneficial Ownership,https://ir.americanexpress.com/financials/earnings-and-sec-filings/sec-filings-details/default.aspx?FilingId=2504497,https://d18rn0p25nwr6d.cloudfront.net/CIK-0000004962/632298a7-37e2-4ec8-9e26-0e4acbf9e45f.pdf,https://d18rn0p25nwr6d.cloudfront.net/CIK-0000004962/8624d1b1-c554-4aee-9442-ea69f985b5f4.xls
"Sep 22, 2003",Form 4,Statement of Changes in Beneficial Ownership,https://ir.americanexpress.com/financials/earnings-and-sec-filings/sec-filings-details/default.aspx?FilingId=2499674,https://d18rn0p25nwr6d.cloudfront.net/CIK-0000004962/0912ad28-2d45-4785-9a17-d068ce657abd.pdf,https://d18rn0p25nwr6d.cloudfront.net/CIK-0000004962/0a1b0f0a-c98a-4f86-ad94-a2674c04c820.xls
"Sep 22, 2003",Form 4,Statement of Changes in Beneficial Ownership,https://ir.americanexpress.com/financials/earnings-and-sec-filings/sec-filings-details/default.aspx?FilingId=2499700,https://d18rn0p25nwr6d.cloudfront.net/CIK-0000004962/2e39efde-4f6d-4fc2-8726-3cd732a680d7.pdf,https://d18rn0p25nwr6d.cloudfront.net/CIK-0000004962/b3b9ce04-3636-478b-89ca-35d6524df91f.xls
"Sep 22, 2003",Form 3,Initial Statement of Beneficial Ownership,https://ir.americanexpress.com/financials/earnings-and-sec-filings/sec-filings-details/default.aspx?FilingId=2499706,https://d18rn0p25nwr6d.cloudfront.net/CIK-0000004962/483cce4d-de30-4b75-883e-5bc7a2ac8a61.pdf,https://d18rn0p25nwr6d.cloudfront.net/CIK-0000004962/08ee8256-8b56-4c91-8ade-1d8a1a6417b7.xls
"Sep 18, 2003",Form 4,Statement of Changes in Beneficial Ownership,https://ir.americanexpress.com/financials/earnings-and-sec-filings/sec-filings-details/default.aspx?FilingId=2496271,https://d18rn0p25nwr6d.cloudfront.net/CIK-0000004962/ae010daa-3526-4fc0-a35c-63c74060ed5a.pdf,https://d18rn0p25nwr6d.cloudfront.net/CIK-0000004962/f22b4310-b679-47dd-bb41-8fefdb651274.xls
"Sep 12, 2003",Form 4,Statement of Changes in Beneficial Ownership,https://ir.americanexpress.com/financials/earnings-and-sec-filings/sec-filings-details/default.aspx?FilingId=2489190,https://d18rn0p25nwr6d.cloudfront.net/CIK-0000004962/3fe97b3c-af42-4561-b1a6-476265b7acd9.pdf,https://d18rn0p25nwr6d.cloudfront.net/CIK-0000004962/2ee5ddde-124b-4990-a4a5-d53e05db9b9c.xls
"Sep 11, 2003",Form 4,Statement of Changes in Beneficial Ownership,https://ir.americanexpress.com/financials/earnings-and-sec-filings/sec-filings-details/default.aspx?FilingId=2487995,https://d18rn0p25nwr6d.cloudfront.net/CIK-0000004962/97d537f8-fa8a-48a5-ab2b-b5936a536b5f.pdf,https://d18rn0p25nwr6d.cloudfront.net/CIK-0000004962/e842f4cf-1bbe-413b-b11c-4eb223f5caae.xls
"Sep 11, 2003",Form 4,Statement of Changes in Beneficial Ownership,https://ir.americanexpress.com/financials/earnings-and-sec-filings/sec-filings-details/default.aspx?FilingId=2488283,https://d18rn0p25nwr6d.cloudfront.net/CIK-0000004962/248aca93-30a7-4903-bb9a-1a85ce7f2076.pdf,https://d18rn0p25nwr6d.cloudfront.net/CIK-0000004962/088c23a2-d897-45d9-b824-67f78d4ac2e0.xls
"Sep 05, 2003",Form 4,Statement of Changes in Beneficial Ownership,https://ir.americanexpress.com/financials/earnings-and-sec-filings/sec-filings-details/default.aspx?FilingId=2479387,https://d18rn0p25nwr6d.cloudfront.net/CIK-0000004962/bfeea66e-77ff-4bdf-8d70-f2a007910671.pdf,https://d18rn0p25nwr6d.cloudfront.net/CIK-0000004962/80e2687b-5043-41fa-9c47-db0e6502ae90.xls
"Aug 12, 2003",Form 4,Statement of Changes in Beneficial Ownership,https://ir.americanexpress.com/financials/earnings-and-sec-filings/sec-filings-details/default.aspx?FilingId=2436390,https://d18rn0p25nwr6d.cloudfront.net/CIK-0000004962/45500953-fd29-4a24-acac-2f1dad9c7317.pdf,https://d18rn0p25nwr6d.cloudfront.net/CIK-0000004962/831c3691-82b5-491f-9d43-e3d3d4276636.xls
"Aug 07, 2003",Form 4,Statement of Changes in Beneficial Ownership,https://ir.americanexpress.com/financials/earnings-and-sec-filings/sec-filings-details/default.aspx?FilingId=2426271,https://d18rn0p25nwr6d.cloudfront.net/CIK-0000004962/552ff391-26ff-46a2-9b70-603078a736d1.pdf,https://d18rn0p25nwr6d.cloudfront.net/CIK-0000004962/62e6084a-9b8e-49dc-a761-95d4c93d6f9e.xls
"Jul 30, 2003",Form 4,Statement of Changes in Beneficial Ownership,https://ir.americanexpress.com/financials/earnings-and-sec-filings/sec-filings-details/default.aspx?FilingId=2409833,https://d18rn0p25nwr6d.cloudfront.net/CIK-0000004962/9619e2a3-6019-4090-a12c-0474c8b4fbf9.pdf,https://d18rn0p25nwr6d.cloudfront.net/CIK-0000004962/f8bc5d7d-3334-49f2-aeb0-c9d433426a62.xls
"Jul 22, 2003",Form 4,Statement of Changes in Beneficial Ownership,https://ir.americanexpress.com/financials/earnings-and-sec-filings/sec-filings-details/default.aspx?FilingId=2396063,https://d18rn0p25nwr6d.cloudfront.net/CIK-0000004962/c660d0d8-6efe-422a-9315-022e2db94bc7.pdf,https://d18rn0p25nwr6d.cloudfront.net/CIK-0000004962/d8baedb2-51b5-48db-8ddf-fe91f4d145c6.xls
"Jul 02, 2003",Form 4,Statement of Changes in Beneficial Ownership,https://ir.americanexpress.com/financials/earnings-and-sec-filings/sec-filings-details/default.aspx?FilingId=2371850,https://d18rn0p25nwr6d.cloudfront.net/CIK-0000004962/62e9ec53-0703-4991-8f2d-df21968cc96f.pdf,https://d18rn0p25nwr6d.cloudfront.net/CIK-0000004962/c020d152-592b-4b56-887a-89d0abca29f8.xls
"Jul 02, 2003",Form 4,Statement of Changes in Beneficial Ownership,https://ir.americanexpress.com/financials/earnings-and-sec-filings/sec-filings-details/default.aspx?FilingId=2371884,https://d18rn0p25nwr6d.cloudfront.net/CIK-0000004962/c4d5b1d0-0a11-4838-9788-d06ebc4c191f.pdf,https://d18rn0p25nwr6d.cloudfront.net/CIK-0000004962/5a406f8f-d9a0-47b6-b256-62465ee60b8b.xls
"Jul 02, 2003",Form 4,Statement of Changes in Beneficial Ownership,https://ir.americanexpress.com/financials/earnings-and-sec-filings/sec-filings-details/default.aspx?FilingId=2371907,https://d18rn0p25nwr6d.cloudfront.net/CIK-0000004962/569958b7-b34a-4c0b-9039-6c2bc3c628cc.pdf,https://d18rn0p25nwr6d.cloudfront.net/CIK-0000004962/38954665-f44f-46d7-b991-61b6ebe6b9d4.xls
"Jul 02, 2003",Form 4,Statement of Changes in Beneficial Ownership,https://ir.americanexpress.com/financials/earnings-and-sec-filings/sec-filings-details/default.aspx?FilingId=2371938,https://d18rn0p25nwr6d.cloudfront.net/CIK-0000004962/e3bb5e26-706d-460a-b020-14e126d578b4.pdf,https://d18rn0p25nwr6d.cloudfront.net/CIK-0000004962/5a1edbe5-087b-41db-acf3-468ea5a6960a.xls
"Jul 02, 2003",Form 4,Statement of Changes in Beneficial Ownership,https://ir.americanexpress.com/financials/earnings-and-sec-filings/sec-filings-details/default.aspx?FilingId=2371979,https://d18rn0p25nwr6d.cloudfront.net/CIK-0000004962/6b3a5aa4-ed2a-4077-8f0b-29f3606fbb28.pdf,https://d18rn0p25nwr6d.cloudfront.net/CIK-0000004962/43c62380-8901-491a-a411-b65760641733.xls
"Jun 19, 2003",Form 4,Statement of Changes in Beneficial Ownership,https://ir.americanexpress.com/financials/earnings-and-sec-filings/sec-filings-details/default.aspx?FilingId=2350697,https://d18rn0p25nwr6d.cloudfront.net/CIK-0000004962/9e17f628-c701-44f1-887a-107f38a252f0.pdf,https://d18rn0p25nwr6d.cloudfront.net/CIK-0000004962/20b46065-814d-4679-a484-3bc3db7840c0.xls
"Jun 16, 2003",Form 4,Statement of Changes in Beneficial Ownership,https://ir.americanexpress.com/financials/earnings-and-sec-filings/sec-filings-details/default.aspx?FilingId=2345170,https://d18rn0p25nwr6d.cloudfront.net/CIK-0000004962/31418e08-5de2-45dd-931e-bce8ea5f7bcd.pdf,https://d18rn0p25nwr6d.cloudfront.net/CIK-0000004962/8d6c5d71-c92c-4425-b703-ea757215dc02.xls
"Jun 12, 2003",Form 4,Statement of Changes in Beneficial Ownership,https://ir.americanexpress.com/financials/earnings-and-sec-filings/sec-filings-details/default.aspx?FilingId=2342589,https://d18rn0p25nwr6d.cloudfront.net/CIK-0000004962/7bc38007-b657-418d-ba48-3a22ce71bdf1.pdf,https://d18rn0p25nwr6d.cloudfront.net/CIK-0000004962/2b139c50-90fe-43ea-859c-9faffb93acad.xls
"Jun 09, 2003",Form 4,Statement of Changes in Beneficial Ownership,https://ir.americanexpress.com/financials/earnings-and-sec-filings/sec-filings-details/default.aspx?FilingId=2338238,https://d18rn0p25nwr6d.cloudfront.net/CIK-0000004962/6f8da532-5cac-4c23-a18a-81ce1a019396.pdf,https://d18rn0p25nwr6d.cloudfront.net/CIK-0000004962/364a7bc2-838f-43e1-a1d6-57377b53ad00.xls
"Jun 05, 2003",Form 4,Statement of Changes in Beneficial Ownership,https://ir.americanexpress.com/financials/earnings-and-sec-filings/sec-filings-details/default.aspx?FilingId=2335316,https://d18rn0p25nwr6d.cloudfront.net/CIK-0000004962/e0c418e9-e865-43de-9d9a-4926669114a5.pdf,https://d18rn0p25nwr6d.cloudfront.net/CIK-0000004962/70c459fe-1e40-44bb-a77e-833bf65899fc.xls
"Jun 02, 2003",Form 4,Statement of Changes in Beneficial Ownership,https://ir.americanexpress.com/financials/earnings-and-sec-filings/sec-filings-details/default.aspx?FilingId=2328982,https://d18rn0p25nwr6d.cloudfront.net/CIK-0000004962/96c81c95-b330-42e3-9aa1-4d58cf97fdca.pdf,https://d18rn0p25nwr6d.cloudfront.net/CIK-0000004962/3426ced9-3b9b-4459-8158-3f0414f1122c.xls
"May 30, 2003",Form 4,Statement of Changes in Beneficial Ownership,https://ir.americanexpress.com/financials/earnings-and-sec-filings/sec-filings-details/default.aspx?FilingId=2326581,https://d18rn0p25nwr6d.cloudfront.net/CIK-0000004962/e949fe68-4cfa-41fd-ac6d-57e7c6b8c566.pdf,https://d18rn0p25nwr6d.cloudfront.net/CIK-0000004962/abe6a704-a1f4-4dd7-9293-ec69d1150db0.xls
"May 30, 2003",Form 4,Statement of Changes in Beneficial Ownership,https://ir.americanexpress.com/financials/earnings-and-sec-filings/sec-filings-details/default.aspx?FilingId=2326655,https://d18rn0p25nwr6d.cloudfront.net/CIK-0000004962/03739efc-c62a-45c5-a65a-6d5a97bba8d2.pdf,https://d18rn0p25nwr6d.cloudfront.net/CIK-0000004962/7ec4311a-c34b-4c6d-acd1-fd519f03659e.xls
"May 13, 2003",Form 4,Statement of Changes in Beneficial Ownership,https://ir.americanexpress.com/financials/earnings-and-sec-filings/sec-filings-details/default.aspx?FilingId=2296831,https://d18rn0p25nwr6d.cloudfront.net/CIK-0000004962/d775ed8a-9cec-4c80-ad5c-91089298f135.pdf,https://d18rn0p25nwr6d.cloudfront.net/CIK-0000004962/584249d1-58ef-4936-9b8b-f5117e32a7e9.xls
"May 13, 2003",Form 4,Statement of Changes in Beneficial Ownership,https://ir.americanexpress.com/financials/earnings-and-sec-filings/sec-filings-details/default.aspx?FilingId=2297293,https://d18rn0p25nwr6d.cloudfront.net/CIK-0000004962/8fba71cb-fedc-480a-a1f1-ddcbb4f63567.pdf,https://d18rn0p25nwr6d.cloudfront.net/CIK-0000004962/6f37e45e-cdfd-4644-b22d-fdd7c7151c93.xls
"May 02, 2003",Form 4,Statement of Changes in Beneficial Ownership,https://ir.americanexpress.com/financials/earnings-and-sec-filings/sec-filings-details/default.aspx?FilingId=2280574,https://d18rn0p25nwr6d.cloudfront.net/CIK-0000004962/b39c8dc4-d013-42a5-b8c8-6257b00d0a93.pdf,https://d18rn0p25nwr6d.cloudfront.net/CIK-0000004962/587c7e64-7fe1-4c7f-8df9-a5d5c664502c.xls
"May 02, 2003",Form 4,Statement of Changes in Beneficial Ownership,https://ir.americanexpress.com/financials/earnings-and-sec-filings/sec-filings-details/default.aspx?FilingId=2281001,https://d18rn0p25nwr6d.cloudfront.net/CIK-0000004962/4e3a7bee-c172-48aa-8b6c-6a256e98597c.pdf,https://d18rn0p25nwr6d.cloudfront.net/CIK-0000004962/54aa46c2-1790-4b37-b90e-614aef888a1c.xls
"May 01, 2003",Form 4,Statement of Changes in Beneficial Ownership,https://ir.americanexpress.com/financials/earnings-and-sec-filings/sec-filings-details/default.aspx?FilingId=2278128,https://d18rn0p25nwr6d.cloudfront.net/CIK-0000004962/25ab0fd7-4e5b-49d7-9cab-2f674ef5d765.pdf,https://d18rn0p25nwr6d.cloudfront.net/CIK-0000004962/a21c0452-fb44-43d7-9ff0-54b832ab9402.xls
"May 01, 2003",Form 4,Statement of Changes in Beneficial Ownership,https://ir.americanexpress.com/financials/earnings-and-sec-filings/sec-filings-details/default.aspx?FilingId=2278176,https://d18rn0p25nwr6d.cloudfront.net/CIK-0000004962/afe0041b-6269-452d-9169-e0ba95a934e7.pdf,https://d18rn0p25nwr6d.cloudfront.net/CIK-0000004962/9dd60688-1a30-4fb7-8e11-07f1dcf5a2f1.xls
"May 01, 2003",Form 4,Statement of Changes in Beneficial Ownership,https://ir.americanexpress.com/financials/earnings-and-sec-filings/sec-filings-details/default.aspx?FilingId=2278477,https://d18rn0p25nwr6d.cloudfront.net/CIK-0000004962/d94c6b26-e9ef-4e50-b67d-eaf29aabcdda.pdf,https://d18rn0p25nwr6d.cloudfront.net/CIK-0000004962/a883c671-618f-46b5-b5a9-bc25a764940c.xls
"Apr 29, 2003",Form 4,Statement of Changes in Beneficial Ownership,https://ir.americanexpress.com/financials/earnings-and-sec-filings/sec-filings-details/default.aspx?FilingId=2272261,https://d18rn0p25nwr6d.cloudfront.net/CIK-0000004962/44535813-5372-4d0b-b980-9fec613e693a.pdf,https://d18rn0p25nwr6d.cloudfront.net/CIK-0000004962/981e798a-5c22-4c70-a370-690bb12fb40e.xls
"Apr 29, 2003",Form 4,Statement of Changes in Beneficial Ownership,https://ir.americanexpress.com/financials/earnings-and-sec-filings/sec-filings-details/default.aspx?FilingId=2272268,https://d18rn0p25nwr6d.cloudfront.net/CIK-0000004962/e0e2ecf2-ac6c-44fe-bbdc-884cf04aad59.pdf,https://d18rn0p25nwr6d.cloudfront.net/CIK-0000004962/98610a1b-2328-49a3-bb49-7f366b450fe0.xls
"Apr 29, 2003",Form 4,Statement of Changes in Beneficial Ownership,https://ir.americanexpress.com/financials/earnings-and-sec-filings/sec-filings-details/default.aspx?FilingId=2272269,https://d18rn0p25nwr6d.cloudfront.net/CIK-0000004962/f806cf86-2736-475e-a8c9-af279691ecf1.pdf,https://d18rn0p25nwr6d.cloudfront.net/CIK-0000004962/2bafdb17-8b59-4811-8aa3-1b81f251d891.xls
"Apr 29, 2003",Form 4,Statement of Changes in Beneficial Ownership,https://ir.americanexpress.com/financials/earnings-and-sec-filings/sec-filings-details/default.aspx?FilingId=2272279,https://d18rn0p25nwr6d.cloudfront.net/CIK-0000004962/1720b360-8633-41e3-a5c2-5454d7c82025.pdf,https://d18rn0p25nwr6d.cloudfront.net/CIK-0000004962/4a0977f5-2f57-453d-b002-fc66087b9bfd.xls
"Apr 29, 2003",Form 4,Statement of Changes in Beneficial Ownership,https://ir.americanexpress.com/financials/earnings-and-sec-filings/sec-filings-details/default.aspx?FilingId=2272278,https://d18rn0p25nwr6d.cloudfront.net/CIK-0000004962/57ae9185-882a-4a51-8bfa-c7cb07f60029.pdf,https://d18rn0p25nwr6d.cloudfront.net/CIK-0000004962/c999d44a-100f-483e-b86f-4a26f40844f4.xls
"Apr 29, 2003",Form 4,Statement of Changes in Beneficial Ownership,https://ir.americanexpress.com/financials/earnings-and-sec-filings/sec-filings-details/default.aspx?FilingId=2272280,https://d18rn0p25nwr6d.cloudfront.net/CIK-0000004962/1b4418a7-189c-45d1-bc12-f325f9d35f92.pdf,https://d18rn0p25nwr6d.cloudfront.net/CIK-0000004962/946b5b95-dc42-4fa8-9868-6fa02333ba71.xls
"Apr 29, 2003",Form 4,Statement of Changes in Beneficial Ownership,https://ir.americanexpress.com/financials/earnings-and-sec-filings/sec-filings-details/default.aspx?FilingId=2272290,https://d18rn0p25nwr6d.cloudfront.net/CIK-0000004962/31f500a3-32fe-4d90-a18d-b95c37032667.pdf,https://d18rn0p25nwr6d.cloudfront.net/CIK-0000004962/7c0517d7-c712-4ee0-8319-135b8e874c9c.xls
"Apr 29, 2003",Form 4,Statement of Changes in Beneficial Ownership,https://ir.americanexpress.com/financials/earnings-and-sec-filings/sec-filings-details/default.aspx?FilingId=2272291,https://d18rn0p25nwr6d.cloudfront.net/CIK-0000004962/80ebbe19-a92c-407d-bb94-4e443e9af255.pdf,https://d18rn0p25nwr6d.cloudfront.net/CIK-0000004962/d5424ce5-0657-4e0c-b1b3-281cdbb5db0b.xls
"Apr 29, 2003",Form 4,Statement of Changes in Beneficial Ownership,https://ir.americanexpress.com/financials/earnings-and-sec-filings/sec-filings-details/default.aspx?FilingId=2272292,https://d18rn0p25nwr6d.cloudfront.net/CIK-0000004962/1f5c3e50-f4c2-456b-adc6-30bc00b03bac.pdf,https://d18rn0p25nwr6d.cloudfront.net/CIK-0000004962/284ebe31-a8f3-4c81-8e1a-9ab3756598ec.xls
"Apr 29, 2003",Form 4,Statement of Changes in Beneficial Ownership,https://ir.americanexpress.com/financials/earnings-and-sec-filings/sec-filings-details/default.aspx?FilingId=2272300,https://d18rn0p25nwr6d.cloudfront.net/CIK-0000004962/eec2c6cd-01d8-474f-907d-4411e155f25f.pdf,https://d18rn0p25nwr6d.cloudfront.net/CIK-0000004962/1f882027-1cfb-4b61-acd6-d9980cffe811.xls
"Apr 29, 2003",Form 4,Statement of Changes in Beneficial Ownership,https://ir.americanexpress.com/financials/earnings-and-sec-filings/sec-filings-details/default.aspx?FilingId=2273143,https://d18rn0p25nwr6d.cloudfront.net/CIK-0000004962/7b9f3446-0384-4813-b0b3-1898a62c637a.pdf,https://d18rn0p25nwr6d.cloudfront.net/CIK-0000004962/70e3065e-8f55-4c98-aa4a-37005def032f.xls
"Apr 01, 2003",Form 4,Statement of Changes in Beneficial Ownership,https://ir.americanexpress.com/financials/earnings-and-sec-filings/sec-filings-details/default.aspx?FilingId=2236780,https://d18rn0p25nwr6d.cloudfront.net/CIK-0000004962/70accc87-535e-4dd6-bb95-25cb44abd57d.pdf,https://d18rn0p25nwr6d.cloudfront.net/CIK-0000004962/5a34e6f4-a733-4db7-b6af-32c0a0bb1b72.xls
"Apr 01, 2003",Form 4,Statement of Changes in Beneficial Ownership,https://ir.americanexpress.com/financials/earnings-and-sec-filings/sec-filings-details/default.aspx?FilingId=2236814,https://d18rn0p25nwr6d.cloudfront.net/CIK-0000004962/a135fd15-f2a5-4262-ab13-24389593923a.pdf,https://d18rn0p25nwr6d.cloudfront.net/CIK-0000004962/2754e9fe-c755-461d-b71d-7ac369707c9e.xls
"Apr 01, 2003",Form 4,Statement of Changes in Beneficial Ownership,https://ir.americanexpress.com/financials/earnings-and-sec-filings/sec-filings-details/default.aspx?FilingId=2236819,https://d18rn0p25nwr6d.cloudfront.net/CIK-0000004962/e1f30ac5-1a59-4f77-b4d6-234516bdc3e3.pdf,https://d18rn0p25nwr6d.cloudfront.net/CIK-0000004962/5d762e00-25ac-4b86-b6ac-739712c9aa00.xls
"Apr 01, 2003",Form 4,Statement of Changes in Beneficial Ownership,https://ir.americanexpress.com/financials/earnings-and-sec-filings/sec-filings-details/default.aspx?FilingId=2236828,https://d18rn0p25nwr6d.cloudfront.net/CIK-0000004962/7cbce524-9fba-4a43-a40a-b05fe1a6cbde.pdf,https://d18rn0p25nwr6d.cloudfront.net/CIK-0000004962/7d4a1a6e-6642-48cb-a2c3-117cde026792.xls
"Apr 01, 2003",Form 4,Statement of Changes in Beneficial Ownership,https://ir.americanexpress.com/financials/earnings-and-sec-filings/sec-filings-details/default.aspx?FilingId=2236829,https://d18rn0p25nwr6d.cloudfront.net/CIK-0000004962/f9ddb901-3b03-48d5-945d-c24e4ced4bd7.pdf,https://d18rn0p25nwr6d.cloudfront.net/CIK-0000004962/84b46ae0-4dd6-4ec6-85dc-115556eece90.xls
"Apr 01, 2003",Form 4,Statement of Changes in Beneficial Ownership,https://ir.americanexpress.com/financials/earnings-and-sec-filings/sec-filings-details/default.aspx?FilingId=2236901,https://d18rn0p25nwr6d.cloudfront.net/CIK-0000004962/7c004fb7-eb81-4800-8bee-02831148e8af.pdf,https://d18rn0p25nwr6d.cloudfront.net/CIK-0000004962/a946b709-c801-4335-b4bb-da566e8c0389.xls
"Mar 21, 2003",Form 4,Statement of Changes in Beneficial Ownership,https://ir.americanexpress.com/financials/earnings-and-sec-filings/sec-filings-details/default.aspx?FilingId=2215444,https://d18rn0p25nwr6d.cloudfront.net/CIK-0000004962/e1b1d1cc-0d0b-433a-9081-6a8994999083.pdf,https://d18rn0p25nwr6d.cloudfront.net/CIK-0000004962/5a8df4dd-4b35-47e5-b938-c8a47a3f18e9.xls
"Mar 03, 2003",Form 4,Statement of Changes in Beneficial Ownership,https://ir.americanexpress.com/financials/earnings-and-sec-filings/sec-filings-details/default.aspx?FilingId=2188250,https://d18rn0p25nwr6d.cloudfront.net/CIK-0000004962/61baf5d8-7053-45a2-9a0f-ca039a4aa8ec.pdf,https://d18rn0p25nwr6d.cloudfront.net/CIK-0000004962/45273791-2af0-4a6b-9ad8-3d9d695efd3c.xls
"Feb 27, 2003",Form 4,Statement of Changes in Beneficial Ownership,https://ir.americanexpress.com/financials/earnings-and-sec-filings/sec-filings-details/default.aspx?FilingId=2182073,https://d18rn0p25nwr6d.cloudfront.net/CIK-0000004962/6a8e8b18-ef1c-453d-9f3c-d704a5c46609.pdf,https://d18rn0p25nwr6d.cloudfront.net/CIK-0000004962/73804df6-4bd7-4db8-b609-41cb2574086c.xls
"Feb 26, 2003",Form 4,Statement of Changes in Beneficial Ownership,https://ir.americanexpress.com/financials/earnings-and-sec-filings/sec-filings-details/default.aspx?FilingId=2180728,https://d18rn0p25nwr6d.cloudfront.net/CIK-0000004962/adcfb26b-6d29-49a3-b08b-5c804da0ffe6.pdf,https://d18rn0p25nwr6d.cloudfront.net/CIK-0000004962/4dbc5e00-10c1-44db-b9d3-d56fd9919cda.xls
"Feb 26, 2003",Form 4,Statement of Changes in Beneficial Ownership,https://ir.americanexpress.com/financials/earnings-and-sec-filings/sec-filings-details/default.aspx?FilingId=2180729,https://d18rn0p25nwr6d.cloudfront.net/CIK-0000004962/92ccfe05-df51-4a59-a58c-ae7651693788.pdf,https://d18rn0p25nwr6d.cloudfront.net/CIK-0000004962/912164ec-2ecc-418d-ab49-431a0f5d601f.xls
"Feb 26, 2003",Form 4,Statement of Changes in Beneficial Ownership,https://ir.americanexpress.com/financials/earnings-and-sec-filings/sec-filings-details/default.aspx?FilingId=2180730,https://d18rn0p25nwr6d.cloudfront.net/CIK-0000004962/6d3acdf5-2a2a-4b5e-87c0-f8cb3e02c280.pdf,https://d18rn0p25nwr6d.cloudfront.net/CIK-0000004962/b69f4bd3-b8b1-4fbe-9ff9-d9eaeeb3d896.xls
"Feb 26, 2003",Form 4,Statement of Changes in Beneficial Ownership,https://ir.americanexpress.com/financials/earnings-and-sec-filings/sec-filings-details/default.aspx?FilingId=2180739,https://d18rn0p25nwr6d.cloudfront.net/CIK-0000004962/a6d39ede-3024-4c90-b1be-ebfef7eaabde.pdf,https://d18rn0p25nwr6d.cloudfront.net/CIK-0000004962/a39036c8-1423-4883-97fd-58509f86f3a9.xls
"Feb 26, 2003",Form 4,Statement of Changes in Beneficial Ownership,https://ir.americanexpress.com/financials/earnings-and-sec-filings/sec-filings-details/default.aspx?FilingId=2180741,https://d18rn0p25nwr6d.cloudfront.net/CIK-0000004962/d65e33b1-ac75-42fc-99d7-9dbc362c5866.pdf,https://d18rn0p25nwr6d.cloudfront.net/CIK-0000004962/82e3b44c-0408-460d-babe-adc86c918f22.xls
"Feb 26, 2003",Form 4,Statement of Changes in Beneficial Ownership,https://ir.americanexpress.com/financials/earnings-and-sec-filings/sec-filings-details/default.aspx?FilingId=2180740,https://d18rn0p25nwr6d.cloudfront.net/CIK-0000004962/2dec0042-3aa5-4399-857f-1e5ed67b952b.pdf,https://d18rn0p25nwr6d.cloudfront.net/CIK-0000004962/b8caad1c-83bf-4b2b-a128-55e3d2601d1d.xls
"Feb 26, 2003",Form 4,Statement of Changes in Beneficial Ownership,https://ir.americanexpress.com/financials/earnings-and-sec-filings/sec-filings-details/default.aspx?FilingId=2180743,https://d18rn0p25nwr6d.cloudfront.net/CIK-0000004962/cd577f1b-87e8-4053-ad46-4bd35cf7ae82.pdf,https://d18rn0p25nwr6d.cloudfront.net/CIK-0000004962/ce864679-8d3d-443c-94b1-1da1a7abf7ee.xls
"Feb 26, 2003",Form 4,Statement of Changes in Beneficial Ownership,https://ir.americanexpress.com/financials/earnings-and-sec-filings/sec-filings-details/default.aspx?FilingId=2180744,https://d18rn0p25nwr6d.cloudfront.net/CIK-0000004962/cccee50f-044d-451a-9a62-4c5c5800948a.pdf,https://d18rn0p25nwr6d.cloudfront.net/CIK-0000004962/0f56efe1-a4c9-4f36-80f6-f58346e66d27.xls
"Feb 25, 2003",Form 4,Statement of Changes in Beneficial Ownership,https://ir.americanexpress.com/financials/earnings-and-sec-filings/sec-filings-details/default.aspx?FilingId=2178717,https://d18rn0p25nwr6d.cloudfront.net/CIK-0000004962/78805b01-17e0-468a-96dd-869e3701b9e0.pdf,https://d18rn0p25nwr6d.cloudfront.net/CIK-0000004962/321360aa-ce5a-4392-a17c-66722c2f3953.xls
"Feb 25, 2003",Form 4,Statement of Changes in Beneficial Ownership,https://ir.americanexpress.com/financials/earnings-and-sec-filings/sec-filings-details/default.aspx?FilingId=2178797,https://d18rn0p25nwr6d.cloudfront.net/CIK-0000004962/7a04169e-b71d-4fc7-a25c-f08874acb467.pdf,https://d18rn0p25nwr6d.cloudfront.net/CIK-0000004962/b078459e-473f-47de-8345-cab4db06aab4.xls
"Feb 19, 2003",Form 4,Statement of Changes in Beneficial Ownership,https://ir.americanexpress.com/financials/earnings-and-sec-filings/sec-filings-details/default.aspx?FilingId=2172311,https://d18rn0p25nwr6d.cloudfront.net/CIK-0000004962/c910a670-456d-4066-9390-12d509953795.pdf,https://d18rn0p25nwr6d.cloudfront.net/CIK-0000004962/64c7706f-4486-4537-927a-983c4cdd66fb.xls
